timestamp,temperature_c,humidity_pct,pressure_hpa,dew_point_c,wind_speed_ms,wind_dir_deg,solar_radiation_wm2,label
2025-09-01 00:00:00,24.55,78.25,1004.92,20.5,1.58,195.1,0.0,normal
2025-09-01 00:10:00,24.62,78.64,1005.2,20.65,1.27,191.8,0.0,normal
2025-09-01 00:20:00,23.68,77.3,1005.5,19.46,1.34,183.1,0.0,normal
2025-09-01 00:30:00,24.67,79.36,1005.76,20.85,0.99,209.4,0.0,normal
2025-09-01 00:40:00,23.94,78.23,1005.66,19.91,1.06,211.3,0.0,normal
2025-09-01 00:50:00,24.23,78.75,1005.73,20.3,0.76,189.6,0.0,normal
2025-09-01 01:00:00,23.72,79.74,1005.93,20.0,1.98,195.1,0.0,normal
2025-09-01 01:10:00,24.25,78.98,1005.96,20.37,0.5,187.5,0.0,normal
2025-09-01 01:20:00,23.8,79.46,1006.54,20.02,1.73,196.3,0.0,normal
2025-09-01 01:30:00,24.77,79.35,1006.18,20.94,1.08,163.9,0.0,normal
2025-09-01 01:40:00,24.38,79.85,1006.6,20.67,0.5,191.5,0.0,normal
2025-09-01 01:50:00,24.19,78.73,1006.4,20.26,1.77,172.3,0.0,normal
2025-09-01 02:00:00,24.88,79.8,1006.41,21.14,1.76,175.7,0.0,normal
2025-09-01 02:10:00,24.32,79.09,1006.62,20.46,1.73,175.8,0.0,normal
2025-09-01 02:20:00,24.1,78.98,1006.63,20.22,0.89,162.7,0.0,normal
2025-09-01 02:30:00,24.1,79.51,1006.91,20.33,0.96,188.6,0.0,normal
2025-09-01 02:40:00,24.28,79.2,1006.75,20.44,0.89,169.8,0.0,normal
2025-09-01 02:50:00,23.68,80.48,1006.83,20.12,1.22,179.3,0.0,normal
2025-09-01 03:00:00,23.86,79.91,1006.84,20.18,1.04,171.7,0.0,normal
2025-09-01 03:10:00,24.3,77.89,1006.99,20.19,1.11,164.3,0.0,normal
2025-09-01 03:20:00,24.59,78.64,1006.58,20.63,1.48,139.9,0.0,normal
2025-09-01 03:30:00,24.37,79.99,1006.53,20.68,0.99,183.3,0.0,normal
2025-09-01 03:40:00,24.39,79.49,1007.12,20.61,1.29,172.4,0.0,normal
2025-09-01 03:50:00,24.56,79.1,1006.45,20.69,0.79,139.5,0.0,normal
2025-09-01 04:00:00,25.07,77.01,1006.59,20.75,1.52,157.6,0.0,normal
2025-09-01 04:10:00,25.17,78.07,1006.58,21.07,1.65,177.5,0.0,normal
2025-09-01 04:20:00,25.12,75.98,1006.4,20.58,1.38,156.7,0.0,normal
2025-09-01 04:30:00,25.39,77.31,1006.28,21.12,0.91,147.2,0.0,normal
2025-09-01 04:40:00,25.36,75.02,1005.87,20.6,1.24,143.4,0.0,normal
2025-09-01 04:50:00,26.18,75.43,1006.07,21.49,1.15,153.6,0.0,normal
2025-09-01 05:00:00,25.17,73.75,1006.03,20.14,1.64,142.6,0.0,normal
2025-09-01 05:10:00,25.36,75.01,1005.81,20.6,2.01,156.2,0.0,normal
2025-09-01 05:20:00,26.21,73.13,1005.4,21.01,1.03,136.2,0.0,normal
2025-09-01 05:30:00,26.72,74.59,1005.22,21.82,2.41,157.2,0.0,normal
2025-09-01 05:40:00,26.49,72.33,1005.56,21.09,2.08,143.1,0.0,normal
2025-09-01 05:50:00,26.84,71.34,1005.31,21.21,1.81,158.8,0.0,normal
2025-09-01 06:00:00,27.51,72.59,1004.97,22.14,1.56,126.2,25.1,normal
2025-09-01 06:10:00,27.23,70.95,1004.92,21.49,2.1,141.4,25.8,normal
2025-09-01 06:20:00,27.6,70.0,1004.78,21.62,2.06,134.2,77.5,normal
2025-09-01 06:30:00,27.38,70.22,1004.51,21.46,1.71,134.1,103.9,normal
2025-09-01 06:40:00,28.22,69.16,1004.13,22.02,1.89,138.3,153.2,normal
2025-09-01 06:50:00,28.2,67.75,1004.01,21.66,1.5,149.8,183.7,normal
2025-09-01 07:00:00,28.31,68.25,1004.07,21.89,2.65,158.8,234.5,normal
2025-09-01 07:10:00,28.81,66.36,1004.16,21.9,3.05,138.0,269.2,normal
2025-09-01 07:20:00,29.37,65.12,1003.98,22.12,2.44,143.2,279.4,normal
2025-09-01 07:30:00,29.45,64.13,1003.83,21.94,2.93,161.3,325.1,normal
2025-09-01 07:40:00,29.46,64.41,1003.74,22.02,3.15,143.4,363.5,normal
2025-09-01 07:50:00,29.37,63.68,1003.5,21.75,3.17,138.2,394.6,normal
2025-09-01 08:00:00,29.94,64.01,1003.45,22.38,3.28,115.9,418.2,normal
2025-09-01 08:10:00,30.24,62.1,1003.25,22.16,2.58,145.0,461.5,normal
2025-09-01 08:20:00,30.59,60.52,1003.29,22.06,3.15,140.5,519.4,normal
2025-09-01 08:30:00,30.46,60.44,1003.48,21.92,3.38,165.0,525.1,normal
2025-09-01 08:40:00,31.47,59.17,1002.95,22.52,2.97,170.7,553.0,normal
2025-09-01 08:50:00,31.5,57.82,1003.42,22.16,3.14,143.2,579.5,normal
2025-09-01 09:00:00,31.47,58.15,1003.42,22.23,2.85,174.6,591.1,normal
2025-09-01 09:10:00,31.85,56.91,1003.3,22.23,4.13,152.0,624.1,normal
2025-09-01 09:20:00,32.22,57.06,1003.05,22.61,2.52,137.1,661.2,normal
2025-09-01 09:30:00,31.96,54.49,1003.18,21.62,2.61,121.5,706.2,normal
2025-09-01 09:40:00,32.69,55.28,1003.61,22.53,3.71,146.4,678.0,normal
2025-09-01 09:50:00,32.95,53.87,1003.06,22.35,3.96,132.5,774.9,normal
2025-09-01 10:00:00,33.27,53.97,1003.29,22.67,3.77,152.5,702.1,normal
2025-09-01 10:10:00,33.03,53.24,1003.23,22.22,4.27,158.7,762.7,normal
2025-09-01 10:20:00,33.05,53.31,1003.37,22.27,3.92,136.2,786.8,normal
2025-09-01 10:30:00,33.68,51.27,1003.8,22.21,3.65,172.9,753.6,normal
2025-09-01 10:40:00,34.18,51.07,1003.91,22.59,3.59,167.8,818.8,normal
2025-09-01 10:50:00,34.72,52.1,1003.94,23.43,3.65,130.9,820.1,normal
2025-09-01 11:00:00,34.06,50.45,1004.37,22.29,5.38,132.5,789.3,normal
2025-09-01 11:10:00,34.5,49.66,1004.44,22.43,3.78,135.7,784.3,normal
2025-09-01 11:20:00,34.57,49.15,1004.36,22.32,4.74,172.2,837.7,normal
2025-09-01 11:30:00,34.84,47.78,1004.39,22.1,4.97,169.9,797.4,normal
2025-09-01 11:40:00,34.68,49.96,1004.53,22.69,4.47,159.5,855.5,normal
2025-09-01 11:50:00,35.53,49.53,1005.11,23.32,4.7,139.4,866.7,normal
2025-09-01 12:00:00,35.33,48.06,1004.91,22.64,4.46,153.3,808.2,normal
2025-09-01 12:10:00,35.22,46.18,1004.78,21.89,4.4,166.2,845.3,normal
2025-09-01 12:20:00,35.05,45.51,1005.39,21.49,5.04,168.4,862.5,normal
2025-09-01 12:30:00,35.89,44.12,1005.36,21.74,4.84,197.5,851.4,normal
2025-09-01 12:40:00,35.64,46.55,1005.64,22.4,4.2,177.8,846.4,normal
2025-09-01 12:50:00,35.8,46.52,1005.78,22.53,5.31,168.3,859.1,normal
2025-09-01 13:00:00,35.76,44.98,1006.14,21.94,5.86,184.3,863.8,normal
2025-09-01 13:10:00,35.65,45.42,1005.91,22.0,5.22,181.4,810.7,normal
2025-09-01 13:20:00,35.67,43.24,1005.98,21.21,4.06,158.7,769.1,normal
2025-09-01 13:30:00,35.59,46.71,1006.41,22.41,4.94,154.3,773.4,normal
2025-09-01 13:40:00,35.98,45.8,1006.51,22.44,5.31,197.4,767.0,normal
2025-09-01 13:50:00,36.22,45.86,1006.23,22.67,4.56,154.6,728.0,normal
2025-09-01 14:00:00,35.8,44.63,1006.64,21.85,5.24,188.2,745.5,normal
2025-09-01 14:10:00,35.77,44.56,1006.85,21.8,4.59,205.3,715.6,normal
2025-09-01 14:20:00,36.06,44.46,1006.93,22.02,4.83,174.3,680.8,normal
2025-09-01 14:30:00,35.88,46.75,1006.9,22.69,4.0,204.1,640.1,normal
2025-09-01 14:40:00,35.96,47.17,1006.97,22.91,5.73,175.3,679.8,normal
2025-09-01 14:50:00,35.91,45.89,1006.6,22.41,4.33,195.5,637.6,normal
2025-09-01 15:00:00,35.87,46.76,1006.92,22.68,5.03,215.6,607.4,normal
2025-09-01 15:10:00,35.56,45.89,1006.88,22.09,4.13,197.3,587.3,normal
2025-09-01 15:20:00,35.7,45.64,1006.72,22.12,4.39,202.0,567.7,normal
2025-09-01 15:30:00,35.28,45.77,1006.87,21.8,4.32,206.8,478.8,normal
2025-09-01 15:40:00,35.27,45.03,1006.68,21.52,4.63,186.0,489.0,normal
2025-09-01 15:50:00,35.39,48.24,1006.94,22.76,5.09,227.0,446.2,normal
2025-09-01 16:00:00,35.53,47.86,1006.71,22.75,4.88,214.8,402.5,normal
2025-09-01 16:10:00,35.1,48.47,1006.42,22.57,4.53,195.1,407.6,normal
2025-09-01 16:20:00,34.44,48.33,1006.39,21.93,5.1,196.0,319.4,normal
2025-09-01 16:30:00,35.3,48.5,1006.42,22.76,5.02,205.2,318.7,normal
2025-09-01 16:40:00,34.5,49.68,1006.19,22.44,5.09,185.6,329.7,normal
2025-09-01 16:50:00,34.62,50.14,1005.86,22.69,4.38,213.2,229.8,normal
2025-09-01 17:00:00,33.89,51.71,1005.84,22.54,4.02,229.3,194.0,normal
2025-09-01 17:10:00,34.33,49.68,1005.78,22.28,5.16,191.5,187.1,normal
2025-09-01 17:20:00,33.46,50.97,1005.63,21.9,3.43,191.1,170.8,normal
2025-09-01 17:30:00,34.11,51.38,1005.41,22.63,4.84,212.6,122.8,normal
2025-09-01 17:40:00,33.18,52.41,1005.47,22.11,4.21,199.4,40.0,normal
2025-09-01 17:50:00,32.84,53.12,1005.31,22.01,5.51,189.9,15.0,normal
2025-09-01 18:00:00,32.91,52.81,1005.27,21.98,3.71,208.0,9.7,normal
2025-09-01 18:10:00,32.46,54.16,1005.0,21.99,3.63,189.5,0.0,normal
2025-09-01 18:20:00,32.48,56.28,1004.56,22.63,3.18,225.1,0.0,normal
2025-09-01 18:30:00,32.47,55.3,1004.27,22.34,4.14,189.3,0.0,normal
2025-09-01 18:40:00,31.67,58.33,1004.25,22.46,3.08,209.6,0.0,normal
2025-09-01 18:50:00,31.73,57.1,1004.12,22.17,3.51,200.1,0.0,normal
2025-09-01 19:00:00,31.85,57.87,1004.07,22.51,3.37,213.5,0.0,normal
2025-09-01 19:10:00,31.59,59.02,1003.91,22.59,3.51,199.4,0.0,normal
2025-09-01 19:20:00,31.05,58.75,1004.01,22.01,2.55,207.5,0.0,normal
2025-09-01 19:30:00,30.47,60.68,1003.76,21.99,2.7,215.8,0.0,normal
2025-09-01 19:40:00,30.73,61.03,1003.55,22.33,3.12,227.1,0.0,normal
2025-09-01 19:50:00,30.29,61.42,1003.59,22.02,3.7,210.7,0.0,normal
2025-09-01 20:00:00,30.14,62.14,1003.57,22.08,2.35,222.7,0.0,normal
2025-09-01 20:10:00,30.01,64.02,1003.47,22.44,2.67,213.1,0.0,normal
2025-09-01 20:20:00,29.57,64.34,1003.32,22.11,1.89,211.1,0.0,normal
2025-09-01 20:30:00,29.42,65.52,1003.32,22.27,3.01,231.1,0.0,normal
2025-09-01 20:40:00,28.82,64.39,1003.11,21.41,3.74,219.9,0.0,normal
2025-09-01 20:50:00,28.26,66.63,1003.24,21.45,1.83,211.9,0.0,normal
2025-09-01 21:00:00,28.03,66.73,1003.15,21.25,1.96,216.5,0.0,normal
2025-09-01 21:10:00,28.08,67.02,1003.29,21.37,3.01,229.2,0.0,normal
2025-09-01 21:20:00,27.95,68.03,1002.84,21.48,2.38,220.5,0.0,normal
2025-09-01 21:30:00,27.9,69.0,1003.15,21.68,2.21,207.9,0.0,normal
2025-09-01 21:40:00,27.89,69.55,1003.38,21.8,2.47,226.6,0.0,normal
2025-09-01 21:50:00,27.24,71.55,1003.33,21.64,2.51,225.8,0.0,normal
2025-09-01 22:00:00,26.79,71.87,1003.52,21.28,1.7,207.9,0.0,normal
2025-09-01 22:10:00,26.6,70.85,1003.65,20.86,2.11,221.8,0.0,normal
2025-09-01 22:20:00,26.82,73.65,1003.68,21.71,1.56,249.6,0.0,normal
2025-09-01 22:30:00,26.82,72.65,1003.94,21.49,2.31,212.9,0.0,normal
2025-09-01 22:40:00,25.78,72.52,1003.8,20.45,2.26,201.2,0.0,normal
2025-09-01 22:50:00,25.93,74.17,1003.92,20.96,1.96,181.7,0.0,normal
2025-09-01 23:00:00,25.86,75.12,1003.82,21.1,1.87,222.8,0.0,normal
2025-09-01 23:10:00,25.37,74.89,1004.17,20.58,1.94,202.3,0.0,normal
2025-09-01 23:20:00,25.07,76.72,1004.47,20.68,2.21,216.9,0.0,normal
2025-09-01 23:30:00,25.14,76.61,1004.38,20.73,1.83,230.4,0.0,normal
2025-09-01 23:40:00,25.49,77.32,1004.54,21.22,1.1,204.0,0.0,normal
2025-09-01 23:50:00,25.04,76.78,1004.65,20.67,1.61,229.3,0.0,normal
2025-09-02 00:00:00,24.55,77.88,1004.85,20.43,1.16,200.6,0.0,normal
2025-09-02 00:10:00,24.52,78.18,1005.36,20.46,1.22,188.3,0.0,normal
2025-09-02 00:20:00,24.22,78.83,1005.41,20.3,0.5,231.6,0.0,normal
2025-09-02 00:30:00,24.27,78.03,1005.25,20.19,0.7,178.1,0.0,normal
2025-09-02 00:40:00,23.98,79.52,1005.57,20.21,0.59,173.9,0.0,normal
2025-09-02 00:50:00,23.83,79.04,1005.78,19.97,1.31,225.9,0.0,normal
2025-09-02 01:00:00,24.54,78.53,1006.0,20.55,1.45,195.2,0.0,normal
2025-09-02 01:10:00,24.13,81.44,1006.02,20.75,0.5,184.8,0.0,normal
2025-09-02 01:20:00,23.86,81.18,1006.15,20.43,0.82,163.5,0.0,normal
2025-09-02 01:30:00,24.21,79.42,1006.16,20.42,0.5,164.4,0.0,normal
2025-09-02 01:40:00,23.89,79.84,1006.25,20.19,1.66,210.0,0.0,normal
2025-09-02 01:50:00,23.79,79.76,1006.78,20.08,0.65,186.0,0.0,normal
2025-09-02 02:00:00,24.22,80.31,1006.3,20.61,1.27,184.5,0.0,normal
2025-09-02 02:10:00,24.46,80.85,1006.49,20.95,1.01,190.3,0.0,normal
2025-09-02 02:20:00,23.82,80.44,1006.48,20.24,1.63,183.7,0.0,normal
2025-09-02 02:30:00,24.27,79.09,1006.82,20.41,0.61,175.8,0.0,normal
2025-09-02 02:40:00,23.9,79.4,1006.76,20.11,0.67,171.6,0.0,normal
2025-09-02 02:50:00,24.52,79.98,1006.63,20.83,1.35,197.4,0.0,normal
2025-09-02 03:00:00,24.09,79.34,1006.52,20.28,1.74,171.6,0.0,normal
2025-09-02 03:10:00,24.33,79.42,1006.75,20.53,0.55,136.5,0.0,normal
2025-09-02 03:20:00,24.64,79.34,1006.85,20.82,0.5,172.9,0.0,normal
2025-09-02 03:30:00,24.17,76.84,1006.66,19.85,1.75,181.5,0.0,normal
2025-09-02 03:40:00,24.71,78.27,1006.52,20.67,1.13,164.3,0.0,normal
2025-09-02 03:50:00,24.85,77.58,1006.51,20.65,1.93,167.5,0.0,normal
2025-09-02 04:00:00,24.53,78.52,1006.37,20.54,1.26,134.8,0.0,normal
2025-09-02 04:10:00,25.15,76.88,1006.45,20.8,1.34,189.5,0.0,normal
2025-09-02 04:20:00,25.2,76.3,1006.52,20.72,0.95,168.5,0.0,normal
2025-09-02 04:30:00,24.74,75.9,1006.56,20.19,1.4,142.7,0.0,normal
2025-09-02 04:40:00,25.94,76.8,1006.12,21.54,1.73,137.4,0.0,normal
2025-09-02 04:50:00,24.97,75.33,1005.84,20.3,1.84,125.3,0.0,normal
2025-09-02 05:00:00,25.36,74.21,1005.95,20.42,2.09,129.3,0.0,normal
2025-09-02 05:10:00,25.49,73.1,1005.62,20.31,1.72,161.8,0.0,normal
2025-09-02 05:20:00,26.04,74.7,1005.62,21.19,0.98,148.7,0.0,normal
2025-09-02 05:30:00,26.04,73.03,1005.46,20.82,1.48,132.2,0.0,normal
2025-09-02 05:40:00,26.32,72.72,1005.27,21.02,1.43,153.3,0.0,normal
2025-09-02 05:50:00,26.35,73.09,1005.19,21.13,1.44,126.7,0.0,normal
2025-09-02 06:00:00,26.39,71.6,1005.23,20.83,2.02,156.2,0.7,normal
2025-09-02 06:10:00,26.94,70.21,1004.91,21.04,1.97,140.9,38.3,normal
2025-09-02 06:20:00,26.96,68.53,1004.61,20.66,2.12,148.3,46.9,normal
2025-09-02 06:30:00,27.3,69.35,1004.53,21.18,3.06,147.6,144.5,normal
2025-09-02 06:40:00,28.18,68.61,1004.66,21.84,1.55,155.1,163.9,normal
2025-09-02 06:50:00,28.24,67.75,1004.26,21.7,2.69,136.9,216.2,normal
2025-09-02 07:00:00,29.0,66.37,1004.3,22.08,2.57,130.0,225.7,normal
2025-09-02 07:10:00,28.7,67.68,1003.85,22.12,1.88,143.5,239.6,normal
2025-09-02 07:20:00,28.81,66.05,1004.13,21.82,3.22,169.0,306.9,normal
2025-09-02 07:30:00,29.29,64.69,1003.23,21.93,2.08,130.3,331.7,normal
2025-09-02 07:40:00,30.05,64.21,1003.57,22.53,2.8,142.7,334.4,normal
2025-09-02 07:50:00,29.57,63.96,1003.39,22.01,2.55,117.8,389.0,normal
2025-09-02 08:00:00,30.06,64.18,1003.31,22.53,1.82,138.9,429.6,normal
2025-09-02 08:10:00,30.44,62.05,1003.31,22.34,4.03,177.1,408.3,normal
2025-09-02 08:20:00,31.16,61.51,1003.38,22.87,2.87,136.8,487.2,normal
2025-09-02 08:30:00,30.86,60.06,1003.48,22.19,3.3,162.2,506.0,normal
2025-09-02 08:40:00,31.67,59.59,1003.24,22.83,3.71,163.0,543.1,normal
2025-09-02 08:50:00,31.58,58.43,1002.92,22.41,3.64,128.0,570.4,normal
2025-09-02 09:00:00,31.66,58.0,1003.2,22.36,2.92,125.2,610.3,normal
2025-09-02 09:10:00,31.73,57.27,1003.28,22.22,4.28,149.8,611.9,normal
2025-09-02 09:20:00,31.96,54.95,1002.97,21.76,4.05,133.0,636.8,normal
2025-09-02 09:30:00,31.92,54.11,1003.23,21.46,4.75,135.1,694.6,normal
2025-09-02 09:40:00,32.33,54.9,1003.27,22.08,3.55,132.7,716.8,normal
2025-09-02 09:50:00,33.07,54.42,1003.22,22.62,4.43,134.2,726.3,normal
2025-09-02 10:00:00,32.73,52.85,1003.46,21.83,3.84,153.6,737.0,normal
2025-09-02 10:10:00,33.1,52.13,1003.64,21.95,3.58,146.7,793.9,normal
2025-09-02 10:20:00,32.95,51.97,1003.31,21.76,4.65,114.4,767.0,normal
2025-09-02 10:30:00,33.64,50.72,1003.57,21.99,4.49,169.0,835.8,normal
2025-09-02 10:40:00,33.67,50.89,1003.85,22.07,3.52,160.9,764.3,normal
2025-09-02 10:50:00,33.96,50.85,1004.23,22.33,4.03,142.7,804.7,normal
2025-09-02 11:00:00,34.4,50.6,1004.22,22.65,4.35,133.5,851.1,normal
2025-09-02 11:10:00,34.41,51.75,1004.3,23.02,3.81,156.2,862.3,normal
2025-09-02 11:20:00,34.82,48.47,1004.37,22.32,4.31,151.8,790.1,normal
2025-09-02 11:30:00,34.69,50.21,1004.49,22.78,4.61,150.5,817.8,normal
2025-09-02 11:40:00,34.93,48.61,1004.54,22.46,4.03,155.6,865.0,normal
2025-09-02 11:50:00,34.83,48.0,1005.0,22.17,4.95,143.9,855.4,normal
2025-09-02 12:00:00,35.78,48.55,1004.98,23.22,4.66,145.5,838.6,normal
2025-09-02 12:10:00,35.56,46.78,1004.98,22.41,5.13,163.2,875.3,normal
2025-09-02 12:20:00,35.45,45.78,1005.52,21.95,5.52,169.9,854.3,normal
2025-09-02 12:30:00,35.2,46.21,1005.41,21.88,4.69,125.5,830.9,normal
2025-09-02 12:40:00,36.3,46.63,1005.7,23.02,5.38,149.8,819.9,normal
2025-09-02 12:50:00,35.51,47.66,1005.98,22.67,3.95,153.0,857.6,normal
2025-09-02 13:00:00,35.63,43.97,1006.01,21.45,5.44,148.4,788.0,normal
2025-09-02 13:10:00,35.62,45.94,1005.98,22.16,5.1,171.4,783.7,normal
2025-09-02 13:20:00,35.8,44.05,1006.24,21.63,4.5,137.8,758.4,normal
2025-09-02 13:30:00,35.17,45.78,1006.25,21.7,4.51,185.4,771.2,normal
2025-09-02 13:40:00,36.04,44.2,1006.25,21.9,5.72,172.6,771.2,normal
2025-09-02 13:50:00,36.06,44.24,1006.54,21.94,5.06,178.5,694.6,normal
2025-09-02 14:00:00,35.95,45.22,1006.81,22.2,5.74,170.2,697.9,normal
2025-09-02 14:10:00,35.77,44.4,1006.69,21.74,5.16,177.9,712.3,normal
2025-09-02 14:20:00,35.69,45.25,1006.92,21.98,5.59,175.9,710.8,normal
2025-09-02 14:30:00,35.86,43.22,1006.94,21.38,5.7,203.0,633.1,normal
2025-09-02 14:40:00,35.81,46.07,1006.73,22.38,4.73,159.6,638.9,normal
2025-09-02 14:50:00,35.7,46.26,1007.12,22.34,5.18,214.3,630.2,normal
2025-09-02 15:00:00,35.7,45.83,1007.23,22.19,4.88,183.3,605.4,normal
2025-09-02 15:10:00,35.33,46.07,1006.8,21.95,4.26,191.9,583.1,normal
2025-09-02 15:20:00,35.24,45.0,1007.1,21.48,4.92,187.5,530.1,normal
2025-09-02 15:30:00,35.33,45.57,1006.62,21.76,5.06,199.1,545.3,normal
2025-09-02 15:40:00,35.46,47.49,1006.58,22.57,4.26,191.4,463.0,normal
2025-09-02 15:50:00,35.01,46.73,1006.71,21.89,4.68,197.6,466.7,normal
2025-09-02 16:00:00,34.69,46.39,1006.75,21.48,4.06,181.7,428.0,normal
2025-09-02 16:10:00,34.88,48.18,1006.87,22.27,3.73,201.9,393.3,normal
2025-09-02 16:20:00,34.71,48.76,1006.33,22.31,5.42,207.8,365.4,normal
2025-09-02 16:30:00,34.68,47.89,1006.2,21.99,4.87,204.3,324.7,normal
2025-09-02 16:40:00,34.26,49.6,1006.22,22.19,4.96,201.2,288.9,normal
2025-09-02 16:50:00,34.77,47.87,1005.99,22.07,3.33,175.9,264.8,normal
2025-09-02 17:00:00,34.44,51.31,1005.87,22.91,4.15,172.6,203.5,normal
2025-09-02 17:10:00,34.39,49.13,1005.57,22.15,4.44,211.5,167.5,normal
2025-09-02 17:20:00,33.94,50.61,1005.59,22.22,4.14,197.5,131.8,normal
2025-09-02 17:30:00,33.69,50.92,1005.37,22.1,3.41,208.4,118.9,normal
2025-09-02 17:40:00,33.55,52.97,1005.12,22.62,4.53,197.3,43.8,normal
2025-09-02 17:50:00,33.16,54.24,1005.02,22.65,4.8,212.0,32.4,normal
2025-09-02 18:00:00,32.81,54.37,1005.09,22.37,4.11,205.0,0.0,normal
2025-09-02 18:10:00,32.37,53.78,1005.14,21.78,3.42,205.0,0.0,normal
2025-09-02 18:20:00,32.77,54.72,1004.7,22.44,4.66,185.7,0.0,normal
2025-09-02 18:30:00,32.18,54.9,1004.49,21.95,3.27,240.3,0.0,normal
2025-09-02 18:40:00,31.98,57.37,1004.25,22.48,4.17,220.9,0.0,normal
2025-09-02 18:50:00,32.53,57.91,1004.08,23.15,3.86,225.4,0.0,normal
2025-09-02 19:00:00,31.85,58.34,1003.93,22.63,4.06,224.7,0.0,normal
2025-09-02 19:10:00,31.64,59.21,1004.06,22.69,3.25,209.6,0.0,normal
2025-09-02 19:20:00,30.81,59.94,1003.52,22.11,3.04,222.3,0.0,normal
2025-09-02 19:30:00,31.06,60.17,1003.91,22.41,3.83,232.4,0.0,normal
2025-09-02 19:40:00,30.47,60.62,1003.65,21.98,3.09,213.3,0.0,normal
2025-09-02 19:50:00,30.47,61.32,1003.36,22.17,3.17,231.5,0.0,normal
2025-09-02 20:00:00,29.79,62.18,1003.36,21.75,2.13,241.4,0.0,normal
2025-09-02 20:10:00,29.99,63.9,1003.36,22.39,3.01,193.9,0.0,normal
2025-09-02 20:20:00,29.45,63.62,1003.31,21.81,1.76,236.5,0.0,normal
2025-09-02 20:30:00,29.12,64.96,1003.51,21.84,2.87,250.0,0.0,normal
2025-09-02 20:40:00,28.77,65.53,1003.19,21.65,2.48,224.3,0.0,normal
2025-09-02 20:50:00,29.03,65.93,1003.12,22.0,2.29,209.7,0.0,normal
2025-09-02 21:00:00,28.45,67.71,1003.1,21.89,2.18,219.3,0.0,normal
2025-09-02 21:10:00,28.83,67.9,1003.35,22.3,2.46,224.6,0.0,normal
2025-09-02 21:20:00,28.26,67.6,1002.95,21.68,2.75,202.5,0.0,normal
2025-09-02 21:30:00,28.05,69.08,1003.36,21.83,2.01,224.8,0.0,normal
2025-09-02 21:40:00,27.58,68.81,1003.33,21.33,1.89,216.6,0.0,normal
2025-09-02 21:50:00,27.23,70.56,1003.27,21.4,2.93,208.3,0.0,normal
2025-09-02 22:00:00,26.59,70.94,1003.33,20.88,1.68,201.0,0.0,normal
2025-09-02 22:10:00,26.17,71.37,1003.37,20.57,1.86,229.0,0.0,normal
2025-09-02 22:20:00,26.5,73.63,1003.4,21.39,2.07,213.6,0.0,normal
2025-09-02 22:30:00,25.96,73.58,1003.59,20.86,2.27,218.8,0.0,normal
2025-09-02 22:40:00,26.39,73.84,1003.85,21.33,1.86,206.7,0.0,normal
2025-09-02 22:50:00,25.74,73.92,1003.95,20.73,1.73,213.3,0.0,normal
2025-09-02 23:00:00,25.59,75.14,1004.11,20.86,1.77,209.7,0.0,normal
2025-09-02 23:10:00,25.71,75.48,1004.42,21.04,2.7,228.1,0.0,normal
2025-09-02 23:20:00,25.56,74.92,1004.53,20.77,1.82,203.3,0.0,normal
2025-09-02 23:30:00,24.46,75.81,1004.48,19.9,1.8,201.9,0.0,normal
2025-09-02 23:40:00,24.58,75.89,1004.63,20.03,1.01,223.6,0.0,normal
2025-09-02 23:50:00,24.94,76.61,1004.35,20.53,0.95,218.5,0.0,normal
2025-09-03 00:00:00,25.05,78.61,1005.04,21.06,1.08,186.7,0.0,normal
2025-09-03 00:10:00,25.12,76.81,1005.26,20.75,1.16,201.8,0.0,normal
2025-09-03 00:20:00,24.29,79.28,1005.54,20.46,1.92,196.3,0.0,normal
2025-09-03 00:30:00,24.19,78.07,1005.48,20.12,1.05,207.4,0.0,normal
2025-09-03 00:40:00,24.71,80.27,1005.62,21.07,1.0,207.9,0.0,normal
2025-09-03 00:50:00,24.19,80.26,1005.65,20.56,0.78,170.2,0.0,normal
2025-09-03 01:00:00,24.29,81.62,1005.72,20.94,1.48,168.2,0.0,normal
2025-09-03 01:10:00,24.23,80.09,1005.87,20.57,1.06,171.2,0.0,normal
2025-09-03 01:20:00,24.3,80.78,1006.24,20.78,0.56,199.3,0.0,normal
2025-09-03 01:30:00,24.49,79.21,1006.52,20.64,1.15,170.0,0.0,normal
2025-09-03 01:40:00,24.17,80.29,1006.53,20.55,0.58,200.8,0.0,normal
2025-09-03 01:50:00,24.08,81.2,1006.46,20.65,1.13,169.5,0.0,normal
2025-09-03 02:00:00,23.76,79.35,1006.75,19.96,1.77,188.9,0.0,normal
2025-09-03 02:10:00,24.3,78.98,1006.8,20.41,1.08,180.5,0.0,normal
2025-09-03 02:20:00,24.17,78.71,1006.39,20.23,1.05,179.8,0.0,normal
2025-09-03 02:30:00,24.55,79.21,1006.53,20.7,1.55,175.5,0.0,normal
2025-09-03 02:40:00,23.94,78.88,1006.61,20.04,0.91,163.4,0.0,normal
2025-09-03 02:50:00,24.17,79.1,1006.75,20.31,1.68,175.3,0.0,normal
2025-09-03 03:00:00,24.42,78.73,1006.7,20.48,0.55,202.8,0.0,normal
2025-09-03 03:10:00,23.83,79.82,1006.54,20.12,1.23,190.6,0.0,normal
2025-09-03 03:20:00,24.91,79.06,1006.53,21.02,1.77,162.4,0.0,normal
2025-09-03 03:30:00,24.99,77.63,1006.84,20.8,1.73,175.7,0.0,normal
2025-09-03 03:40:00,24.88,78.15,1006.42,20.8,1.34,158.2,0.0,normal
2025-09-03 03:50:00,24.4,77.52,1006.67,20.21,1.55,174.2,0.0,normal
2025-09-03 04:00:00,24.21,77.65,1006.32,20.05,1.97,177.8,0.0,normal
2025-09-03 04:10:00,25.1,77.88,1006.52,20.96,2.65,125.6,0.0,normal
2025-09-03 04:20:00,25.01,76.41,1006.49,20.56,1.38,149.2,0.0,normal
2025-09-03 04:30:00,25.54,76.57,1006.23,21.11,1.53,161.7,0.0,normal
2025-09-03 04:40:00,25.48,76.8,1006.15,21.1,1.56,151.8,0.0,normal
2025-09-03 04:50:00,25.41,75.5,1006.05,20.75,1.37,127.7,0.0,normal
2025-09-03 05:00:00,26.05,76.42,1005.9,21.57,1.79,158.2,0.0,normal
2025-09-03 05:10:00,25.91,74.73,1005.65,21.07,1.78,144.5,0.0,normal
2025-09-03 05:20:00,26.51,75.38,1005.41,21.79,0.95,154.8,0.0,normal
2025-09-03 05:30:00,26.36,72.64,1005.36,21.04,1.71,122.3,0.0,normal
2025-09-03 05:40:00,26.5,72.29,1005.11,21.1,1.68,162.2,0.0,normal
2025-09-03 05:50:00,27.14,71.59,1005.07,21.55,1.9,147.2,0.0,normal
2025-09-03 06:00:00,27.07,70.25,1004.98,21.17,2.6,172.5,0.0,normal
2025-09-03 06:10:00,27.18,70.51,1004.73,21.34,2.93,134.4,39.9,normal
2025-09-03 06:20:00,27.68,69.62,1004.34,21.61,2.17,135.3,126.5,normal
2025-09-03 06:30:00,27.99,69.15,1004.45,21.79,2.21,138.8,115.9,normal
2025-09-03 06:40:00,28.06,68.97,1004.35,21.82,2.62,137.7,123.1,normal
2025-09-03 06:50:00,28.7,68.49,1004.31,22.31,2.32,124.5,220.8,normal
2025-09-03 07:00:00,28.43,67.54,1004.23,21.83,2.93,141.1,246.8,normal
2025-09-03 07:10:00,28.79,66.7,1004.33,21.97,2.81,139.4,258.2,normal
2025-09-03 07:20:00,28.74,65.28,1003.96,21.57,2.25,149.1,295.8,normal
2025-09-03 07:30:00,29.3,64.18,1003.91,21.82,2.61,145.4,349.3,normal
2025-09-03 07:40:00,29.57,64.3,1003.46,22.1,2.54,116.2,340.1,normal
2025-09-03 07:50:00,29.91,62.09,1003.58,21.85,2.07,120.1,401.0,normal
2025-09-03 08:00:00,29.7,60.71,1003.7,21.28,3.04,143.5,423.3,normal
2025-09-03 08:10:00,30.31,61.75,1003.34,22.13,3.34,117.6,436.2,normal
2025-09-03 08:20:00,30.15,61.9,1003.13,22.02,2.87,151.0,507.1,normal
2025-09-03 08:30:00,30.66,59.99,1003.22,21.98,3.29,140.2,526.4,normal
2025-09-03 08:40:00,31.08,59.49,1003.4,22.24,3.11,145.6,540.9,normal
2025-09-03 08:50:00,31.13,59.67,1002.98,22.34,2.93,146.7,578.0,normal
2025-09-03 09:00:00,31.46,59.28,1003.37,22.54,4.58,140.0,561.1,normal
2025-09-03 09:10:00,31.43,57.72,1003.31,22.07,3.68,153.6,638.2,normal
2025-09-03 09:20:00,32.28,57.48,1003.28,22.79,4.72,130.7,664.4,normal
2025-09-03 09:30:00,32.02,55.22,1003.06,21.89,4.06,125.3,668.8,normal
2025-09-03 09:40:00,32.55,53.86,1003.15,21.97,3.08,133.9,698.4,normal
2025-09-03 09:50:00,32.77,53.01,1003.52,21.91,4.26,152.5,771.0,normal
2025-09-03 10:00:00,33.04,54.52,1003.24,22.63,4.44,133.4,738.0,normal
2025-09-03 10:10:00,32.92,51.33,1003.19,21.53,4.29,155.3,752.6,normal
2025-09-03 10:20:00,33.21,53.85,1003.57,22.58,4.41,123.6,753.8,normal
2025-09-03 10:30:00,33.53,51.98,1003.65,22.29,4.44,134.1,777.2,normal
2025-09-03 10:40:00,34.03,51.67,1004.0,22.65,3.44,174.6,785.4,normal
2025-09-03 10:50:00,33.89,51.11,1004.04,22.34,4.64,139.1,814.3,normal
2025-09-03 11:00:00,33.81,49.41,1004.45,21.72,4.3,170.3,822.2,normal
2025-09-03 11:10:00,33.97,51.12,1004.1,22.42,5.05,166.0,841.0,normal
2025-09-03 11:20:00,34.94,49.74,1004.37,22.85,5.78,163.2,867.0,normal
2025-09-03 11:30:00,34.22,47.77,1004.43,21.54,4.15,132.4,794.6,normal
2025-09-03 11:40:00,35.66,47.72,1004.82,22.83,5.04,167.4,886.7,normal
2025-09-03 11:50:00,35.1,48.23,1005.07,22.49,4.1,135.2,842.5,normal
2025-09-03 12:00:00,34.75,46.3,1005.04,21.51,4.84,139.7,876.3,normal
2025-09-03 12:10:00,35.42,47.42,1005.13,22.51,4.17,160.9,841.9,normal
2025-09-03 12:20:00,35.15,47.48,1005.44,22.28,5.45,194.9,859.8,normal
2025-09-03 12:30:00,35.57,45.68,1005.4,22.03,4.67,169.1,822.2,normal
2025-09-03 12:40:00,35.91,46.28,1005.6,22.55,4.29,183.2,790.2,normal
2025-09-03 12:50:00,35.54,46.21,1005.51,22.19,4.96,138.9,839.1,normal
2025-09-03 13:00:00,35.79,45.06,1005.89,21.99,5.11,204.5,830.7,normal
2025-09-03 13:10:00,35.97,44.78,1006.29,22.05,5.21,140.5,809.3,normal
2025-09-03 13:20:00,36.22,44.8,1006.06,22.29,5.06,180.9,792.5,normal
2025-09-03 13:30:00,35.62,46.09,1006.41,22.22,5.47,191.3,757.2,normal
2025-09-03 13:40:00,35.93,46.22,1006.37,22.54,4.78,189.1,694.4,normal
2025-09-03 13:50:00,35.4,45.28,1006.78,21.73,5.75,170.4,784.5,normal
2025-09-03 14:00:00,36.0,44.69,1006.56,22.06,4.96,215.6,754.1,normal
2025-09-03 14:10:00,36.38,45.22,1006.74,22.58,5.6,164.1,702.8,normal
2025-09-03 14:20:00,36.21,44.95,1006.75,22.34,5.33,177.2,695.9,normal
2025-09-03 14:30:00,35.94,45.27,1007.1,22.21,4.2,199.6,703.8,normal
2025-09-03 14:40:00,35.99,46.56,1006.62,22.72,5.28,179.3,661.3,normal
2025-09-03 14:50:00,35.61,45.03,1006.88,21.82,5.01,183.4,625.9,normal
2025-09-03 15:00:00,35.43,46.67,1006.95,22.25,5.48,205.8,632.9,normal
2025-09-03 15:10:00,36.11,45.53,1006.67,22.46,4.3,195.2,589.3,normal
2025-09-03 15:20:00,35.94,45.85,1006.74,22.42,4.83,187.1,545.5,normal
2025-09-03 15:30:00,35.49,46.35,1006.73,22.19,4.73,199.4,482.9,normal
2025-09-03 15:40:00,35.87,46.0,1006.76,22.41,4.93,196.7,452.9,normal
2025-09-03 15:50:00,35.11,47.68,1006.5,22.31,4.73,184.0,444.7,normal
2025-09-03 16:00:00,35.54,46.07,1006.85,22.14,5.06,205.4,431.0,normal
2025-09-03 16:10:00,34.97,48.15,1006.46,22.35,3.79,194.5,381.9,normal
2025-09-03 16:20:00,34.51,48.17,1006.41,21.93,5.07,200.2,367.9,normal
2025-09-03 16:30:00,35.04,48.46,1006.64,22.52,4.45,179.2,330.5,normal
2025-09-03 16:40:00,34.34,49.8,1006.34,22.32,3.84,198.8,282.9,normal
2025-09-03 16:50:00,34.56,49.39,1005.77,22.39,4.48,201.2,261.0,normal
2025-09-03 17:00:00,35.08,50.04,1005.96,23.08,4.14,190.8,225.9,normal
2025-09-03 17:10:00,33.81,50.99,1005.82,22.23,5.33,187.5,190.6,normal
2025-09-03 17:20:00,33.71,51.79,1005.78,22.4,3.83,231.3,157.4,normal
2025-09-03 17:30:00,33.68,51.86,1005.36,22.39,3.54,225.7,132.4,normal
2025-09-03 17:40:00,33.51,51.71,1005.1,22.18,4.72,196.3,77.9,normal
2025-09-03 17:50:00,33.13,52.49,1005.15,22.09,4.36,212.0,15.0,normal
2025-09-03 18:00:00,33.23,53.3,1004.99,22.43,4.51,221.5,8.5,normal
2025-09-03 18:10:00,32.85,55.54,1004.78,22.76,3.77,203.4,0.0,normal
2025-09-03 18:20:00,32.35,55.89,1004.7,22.39,4.08,225.7,0.0,normal
2025-09-03 18:30:00,31.83,57.21,1004.36,22.3,3.71,234.5,0.0,normal
2025-09-03 18:40:00,31.85,55.48,1004.43,21.81,3.05,219.1,0.0,normal
2025-09-03 18:50:00,32.09,55.45,1004.62,22.03,3.49,224.5,0.0,normal
2025-09-03 19:00:00,31.43,57.58,1004.15,22.03,3.07,210.8,0.0,normal
2025-09-03 19:10:00,31.66,59.66,1004.21,22.83,3.75,180.0,0.0,normal
2025-09-03 19:20:00,31.22,58.43,1003.78,22.08,4.08,223.6,0.0,normal
2025-09-03 19:30:00,31.1,60.29,1003.53,22.48,3.08,196.3,0.0,normal
2025-09-03 19:40:00,30.7,61.51,1003.57,22.43,2.87,237.5,0.0,normal
2025-09-03 19:50:00,30.31,60.74,1003.32,21.86,3.49,226.6,0.0,normal
2025-09-03 20:00:00,30.84,62.84,1003.37,22.92,3.14,213.5,0.0,normal
2025-09-03 20:10:00,30.17,62.02,1003.65,22.07,3.19,213.7,0.0,normal
2025-09-03 20:20:00,29.62,63.84,1003.35,22.03,2.89,211.9,0.0,normal
2025-09-03 20:30:00,29.49,65.28,1003.27,22.27,2.23,205.8,0.0,normal
2025-09-03 20:40:00,29.09,64.92,1003.35,21.81,2.46,236.9,0.0,normal
2025-09-03 20:50:00,28.74,65.65,1003.45,21.66,1.86,244.6,0.0,normal
2025-09-03 21:00:00,28.34,67.07,1003.26,21.63,2.52,236.1,0.0,normal
2025-09-03 21:10:00,28.21,68.83,1003.25,21.93,3.45,227.5,0.0,normal
2025-09-03 21:20:00,28.04,69.37,1003.23,21.89,2.86,229.0,0.0,normal
2025-09-03 21:30:00,27.25,70.05,1003.3,21.3,3.24,228.2,0.0,normal
2025-09-03 21:40:00,27.25,68.15,1003.35,20.86,2.36,212.7,0.0,normal
2025-09-03 21:50:00,27.03,71.51,1003.33,21.43,1.35,233.4,0.0,normal
2025-09-03 22:00:00,26.96,71.07,1003.52,21.25,1.59,214.7,0.0,normal
2025-09-03 22:10:00,27.11,72.27,1003.33,21.67,2.05,204.4,0.0,normal
2025-09-03 22:20:00,26.64,72.41,1003.6,21.26,2.38,215.3,0.0,normal
2025-09-03 22:30:00,26.73,72.12,1003.72,21.28,2.86,200.6,0.0,normal
2025-09-03 22:40:00,25.78,73.2,1003.76,20.61,1.13,203.9,0.0,normal
2025-09-03 22:50:00,26.17,74.29,1003.89,21.22,1.94,217.0,0.0,normal
2025-09-03 23:00:00,26.15,75.39,1004.29,21.45,1.93,212.0,0.0,normal
2025-09-03 23:10:00,26.12,74.09,1004.14,21.13,1.77,224.0,0.0,normal
2025-09-03 23:20:00,25.44,74.81,1004.37,20.63,1.93,219.9,0.0,normal
2025-09-03 23:30:00,25.13,76.22,1004.31,20.64,2.1,227.6,0.0,normal
2025-09-03 23:40:00,24.59,77.82,1004.77,20.46,1.68,212.5,0.0,normal
2025-09-03 23:50:00,24.84,76.96,1004.71,20.52,2.06,203.7,0.0,normal
2025-09-04 00:00:00,24.39,77.42,1005.02,20.18,1.45,219.5,0.0,normal
2025-09-04 00:10:00,24.07,79.08,1005.61,20.21,1.43,233.0,0.0,normal
2025-09-04 00:20:00,24.79,78.93,1005.47,20.87,0.52,197.2,0.0,normal
2025-09-04 00:30:00,23.74,78.79,1005.82,19.83,0.5,197.7,0.0,normal
2025-09-04 00:40:00,23.99,78.17,1005.45,19.94,0.93,208.3,0.0,normal
2025-09-04 00:50:00,24.62,79.13,1005.91,20.76,1.46,188.8,0.0,normal
2025-09-04 01:00:00,24.09,79.12,1005.94,20.24,1.22,185.1,0.0,normal
2025-09-04 01:10:00,23.9,78.93,1006.16,20.02,0.5,187.2,0.0,normal
2025-09-04 01:20:00,23.95,80.23,1006.38,20.33,0.5,199.0,0.0,normal
2025-09-04 01:30:00,23.79,79.08,1006.19,19.94,0.54,164.8,0.0,normal
2025-09-04 01:40:00,24.13,79.93,1006.63,20.44,0.77,186.4,0.0,normal
2025-09-04 01:50:00,23.68,79.74,1006.62,19.96,0.91,161.9,0.0,normal
2025-09-04 02:00:00,23.96,80.19,1006.4,20.33,1.74,159.5,0.0,normal
2025-09-04 02:10:00,23.58,81.08,1006.72,20.14,1.23,207.1,0.0,normal
2025-09-04 02:20:00,23.8,79.96,1006.64,20.12,1.64,157.7,0.0,normal
2025-09-04 02:30:00,24.42,79.35,1007.02,20.6,1.06,179.3,0.0,normal
2025-09-04 02:40:00,24.15,80.3,1006.65,20.54,1.43,179.6,0.0,normal
2025-09-04 02:50:00,24.62,79.22,1006.93,20.77,0.65,143.2,0.0,normal
2025-09-04 03:00:00,23.97,79.83,1006.7,20.26,0.5,151.9,0.0,normal
2025-09-04 03:10:00,23.83,78.68,1006.71,19.89,1.42,181.9,0.0,normal
2025-09-04 03:20:00,24.53,78.85,1006.98,20.61,2.21,147.7,0.0,normal
2025-09-04 03:30:00,24.2,79.98,1006.74,20.52,1.8,145.0,0.0,normal
2025-09-04 03:40:00,24.54,78.35,1006.3,20.51,1.58,166.3,0.0,normal
2025-09-04 03:50:00,24.91,78.66,1006.67,20.94,1.41,128.1,0.0,normal
2025-09-04 04:00:00,24.66,77.8,1006.58,20.52,1.74,172.9,0.0,normal
2025-09-04 04:10:00,24.51,76.01,1006.15,20.0,1.13,177.8,0.0,normal
2025-09-04 04:20:00,24.98,76.55,1006.33,20.56,1.7,167.8,0.0,normal
2025-09-04 04:30:00,25.57,74.28,1006.12,20.64,1.38,136.7,0.0,normal
2025-09-04 04:40:00,25.5,74.46,1006.2,20.62,1.88,155.7,0.0,normal
2025-09-04 04:50:00,26.04,74.97,1006.07,21.25,0.92,140.4,0.0,normal
2025-09-04 05:00:00,25.31,74.91,1005.79,20.53,1.65,148.4,0.0,normal
2025-09-04 05:10:00,25.4,75.6,1005.73,20.77,1.39,149.9,0.0,normal
2025-09-04 05:20:00,25.96,72.72,1005.73,20.68,2.6,136.7,0.0,normal
2025-09-04 05:30:00,25.77,72.75,1005.53,20.5,1.6,144.8,0.0,normal
2025-09-04 05:40:00,26.98,72.56,1005.5,21.61,1.34,152.3,0.0,normal
2025-09-04 05:50:00,26.75,71.26,1005.32,21.1,2.45,140.4,0.0,normal
2025-09-04 06:00:00,27.02,71.19,1004.99,21.34,0.73,165.6,24.5,normal
2025-09-04 06:10:00,27.01,70.03,1004.8,21.07,1.55,148.0,24.1,normal
2025-09-04 06:20:00,27.57,69.68,1004.92,21.52,2.38,155.0,94.0,normal
2025-09-04 06:30:00,28.17,69.01,1004.42,21.93,1.32,162.8,116.6,normal
2025-09-04 06:40:00,28.19,67.65,1004.35,21.62,3.18,140.3,148.8,normal
2025-09-04 06:50:00,27.85,68.07,1004.55,21.41,2.55,131.4,173.7,normal
2025-09-04 07:00:00,28.47,67.68,1004.46,21.89,3.06,142.7,235.6,normal
2025-09-04 07:10:00,28.65,66.15,1004.19,21.69,2.65,132.3,266.1,normal
2025-09-04 07:20:00,28.84,65.62,1003.58,21.75,1.63,130.3,299.8,normal
2025-09-04 07:30:00,29.14,63.54,1003.76,21.5,2.76,130.9,315.0,normal
2025-09-04 07:40:00,29.66,63.83,1003.68,22.06,2.77,146.8,375.1,normal
2025-09-04 07:50:00,29.53,64.09,1003.63,22.01,2.86,162.6,355.2,normal
2025-09-04 08:00:00,30.28,63.95,1003.45,22.68,3.78,138.4,466.0,normal
2025-09-04 08:10:00,30.03,61.82,1003.26,21.89,2.76,152.7,463.1,normal
2025-09-04 08:20:00,30.6,59.91,1003.33,21.91,2.79,128.7,496.7,normal
2025-09-04 08:30:00,30.52,59.99,1003.37,21.86,3.52,105.2,492.4,normal
2025-09-04 08:40:00,31.69,60.48,1003.03,23.08,3.37,124.5,519.2,normal
2025-09-04 08:50:00,31.22,57.55,1003.25,21.82,2.56,105.4,579.7,normal
2025-09-04 09:00:00,31.96,57.56,1002.87,22.52,3.33,168.4,581.0,normal
2025-09-04 09:10:00,31.99,58.47,1003.18,22.81,3.12,141.5,621.3,normal
2025-09-04 09:20:00,32.58,58.52,1003.32,23.37,4.61,167.6,639.8,normal
2025-09-04 09:30:00,32.22,55.96,1003.24,22.3,3.82,152.3,665.4,normal
2025-09-04 09:40:00,32.64,55.96,1003.11,22.69,3.43,154.1,699.8,normal
2025-09-04 09:50:00,32.58,54.96,1003.17,22.34,4.62,142.3,709.5,normal
2025-09-04 10:00:00,33.13,54.25,1003.74,22.63,4.81,145.1,693.6,normal
2025-09-04 10:10:00,33.62,52.17,1003.72,22.43,2.95,149.3,734.8,normal
2025-09-04 10:20:00,33.63,53.21,1003.92,22.77,3.43,149.1,760.3,normal
2025-09-04 10:30:00,33.8,52.28,1003.62,22.63,4.22,141.9,787.2,normal
2025-09-04 10:40:00,33.3,51.17,1003.83,21.82,3.93,171.6,793.0,normal
2025-09-04 10:50:00,33.71,50.93,1004.0,22.12,5.17,123.6,795.9,normal
2025-09-04 11:00:00,34.05,50.57,1004.29,22.31,4.18,148.1,845.5,normal
2025-09-04 11:10:00,34.64,49.53,1004.36,22.51,4.28,153.9,865.9,normal
2025-09-04 11:20:00,35.01,47.71,1004.48,22.23,4.98,172.1,819.7,normal
2025-09-04 11:30:00,34.59,48.67,1004.35,22.17,5.35,177.4,844.4,normal
2025-09-04 11:40:00,34.73,48.53,1004.47,22.26,3.99,151.7,848.0,normal
2025-09-04 11:50:00,34.73,48.13,1004.7,22.12,4.55,197.5,842.3,normal
2025-09-04 12:00:00,35.36,45.67,1004.83,21.83,4.97,168.2,846.1,normal
2025-09-04 12:10:00,35.34,47.4,1005.2,22.42,5.51,180.0,860.3,normal
2025-09-04 12:20:00,35.45,45.72,1005.39,21.93,5.51,150.5,867.1,normal
2025-09-04 12:30:00,35.32,46.1,1005.52,21.95,4.7,175.8,866.7,normal
2025-09-04 12:40:00,35.92,46.01,1005.57,22.46,5.12,187.2,810.9,normal
2025-09-04 12:50:00,35.93,46.05,1005.65,22.48,5.01,135.6,811.6,normal
2025-09-04 13:00:00,35.49,46.88,1006.03,22.38,4.82,157.8,799.6,normal
2025-09-04 13:10:00,35.92,44.89,1005.88,22.05,5.19,177.8,776.0,normal
2025-09-04 13:20:00,35.99,45.97,1005.78,22.51,5.25,185.8,803.2,normal
2025-09-04 13:30:00,35.85,44.96,1006.24,22.02,5.57,174.7,800.0,normal
2025-09-04 13:40:00,36.12,44.81,1006.49,22.2,5.68,168.7,780.6,normal
2025-09-04 13:50:00,36.17,45.82,1006.53,22.61,4.93,215.5,752.9,normal
2025-09-04 14:00:00,35.76,45.63,1006.48,22.17,4.89,181.4,749.2,normal
2025-09-04 14:10:00,35.99,44.8,1006.59,22.08,4.12,164.3,711.8,normal
2025-09-04 14:20:00,35.67,45.75,1006.79,22.13,5.0,170.8,679.9,normal
2025-09-04 14:30:00,36.39,44.39,1006.76,22.29,5.24,196.6,672.9,normal
2025-09-04 14:40:00,35.77,45.06,1006.69,21.97,5.5,184.6,637.3,normal
2025-09-04 14:50:00,35.5,45.66,1006.75,21.96,4.86,197.5,649.5,normal
2025-09-04 15:00:00,35.79,45.47,1006.81,22.15,4.98,155.4,593.6,normal
2025-09-04 15:10:00,35.34,45.59,1006.89,21.78,5.06,192.4,580.9,normal
2025-09-04 15:20:00,35.83,44.65,1006.8,21.88,4.65,188.7,516.6,normal
2025-09-04 15:30:00,35.79,46.56,1006.46,22.54,5.68,176.1,522.3,normal
2025-09-04 15:40:00,36.0,46.74,1006.53,22.79,5.23,210.7,496.5,normal
2025-09-04 15:50:00,35.02,46.95,1006.87,21.97,5.38,203.3,430.4,normal
2025-09-04 16:00:00,35.58,46.62,1006.67,22.37,6.03,214.6,404.0,normal
2025-09-04 16:10:00,34.76,47.59,1006.46,21.96,4.73,187.2,377.3,normal
2025-09-04 16:20:00,34.82,48.43,1006.36,22.31,4.07,198.1,380.8,normal
2025-09-04 16:30:00,34.73,48.47,1006.4,22.24,4.92,216.2,315.1,normal
2025-09-04 16:40:00,34.72,48.61,1006.24,22.27,4.94,219.1,305.7,normal
2025-09-04 16:50:00,34.03,49.2,1005.92,21.84,3.98,197.1,261.4,normal
2025-09-04 17:00:00,33.8,51.06,1005.95,22.24,4.44,230.1,235.1,normal
2025-09-04 17:10:00,33.49,50.98,1006.1,21.93,3.93,201.1,187.3,normal
2025-09-04 17:20:00,34.53,53.26,1005.66,23.61,4.93,183.7,136.1,normal
2025-09-04 17:30:00,33.77,51.9,1005.35,22.48,4.36,203.8,115.2,normal
2025-09-04 17:40:00,33.73,52.14,1005.27,22.52,4.06,224.9,76.0,normal
2025-09-04 17:50:00,33.39,53.69,1005.22,22.69,4.15,203.0,59.3,normal
2025-09-04 18:00:00,33.06,52.63,1005.09,22.06,5.29,211.9,0.6,normal
2025-09-04 18:10:00,32.83,53.21,1004.75,22.03,3.82,216.9,0.0,normal
2025-09-04 18:20:00,32.44,56.28,1004.73,22.6,4.61,215.5,0.0,normal
2025-09-04 18:30:00,32.06,54.67,1004.73,21.77,3.76,209.2,0.0,normal
2025-09-04 18:40:00,32.25,55.7,1004.27,22.24,3.43,231.4,0.0,normal
2025-09-04 18:50:00,31.86,57.5,1004.11,22.41,3.69,251.8,0.0,normal
2025-09-04 19:00:00,31.83,58.76,1004.15,22.73,3.37,202.3,0.0,normal
2025-09-04 19:10:00,31.27,57.14,1004.11,21.75,3.07,187.4,0.0,normal
2025-09-04 19:20:00,31.23,60.43,1003.71,22.64,4.1,220.4,0.0,normal
2025-09-04 19:30:00,30.97,60.07,1003.58,22.3,4.09,213.1,0.0,normal
2025-09-04 19:40:00,30.36,62.67,1003.5,22.42,2.74,212.3,0.0,normal
2025-09-04 19:50:00,30.53,62.08,1003.53,22.42,3.04,245.1,0.0,normal
2025-09-04 20:00:00,29.9,62.09,1003.65,21.83,2.24,199.9,0.0,normal
2025-09-04 20:10:00,29.7,63.55,1003.28,22.03,2.07,216.9,0.0,normal
2025-09-04 20:20:00,29.31,64.84,1003.35,21.99,2.74,220.5,0.0,normal
2025-09-04 20:30:00,29.92,64.57,1003.51,22.5,2.58,245.7,0.0,normal
2025-09-04 20:40:00,28.83,66.24,1003.19,21.89,3.13,221.6,0.0,normal
2025-09-04 20:50:00,28.64,65.02,1003.27,21.4,2.5,236.5,0.0,normal
2025-09-04 21:00:00,28.44,67.83,1003.29,21.9,2.36,226.1,0.0,normal
2025-09-04 21:10:00,28.14,66.24,1003.34,21.23,2.25,216.6,0.0,normal
2025-09-04 21:20:00,27.69,67.32,1003.33,21.07,1.99,236.0,0.0,normal
2025-09-04 21:30:00,27.5,69.38,1003.14,21.38,2.1,227.1,0.0,normal
2025-09-04 21:40:00,27.42,69.32,1003.33,21.29,2.45,221.1,0.0,normal
2025-09-04 21:50:00,27.26,71.39,1003.5,21.62,2.12,240.0,0.0,normal
2025-09-04 22:00:00,26.91,70.91,1003.46,21.17,2.79,243.8,0.0,normal
2025-09-04 22:10:00,26.82,72.48,1003.46,21.44,2.22,235.4,0.0,normal
2025-09-04 22:20:00,26.3,72.21,1003.56,20.89,1.57,242.2,0.0,normal
2025-09-04 22:30:00,26.21,72.78,1003.8,20.93,1.39,200.8,0.0,normal
2025-09-04 22:40:00,26.29,73.57,1003.7,21.18,2.02,211.8,0.0,normal
2025-09-04 22:50:00,26.15,74.09,1003.83,21.16,1.98,193.2,0.0,normal
2025-09-04 23:00:00,25.8,74.33,1004.09,20.87,1.68,206.4,0.0,normal
2025-09-04 23:10:00,25.85,75.14,1004.09,21.1,1.77,208.5,0.0,normal
2025-09-04 23:20:00,25.58,76.29,1004.51,21.09,1.8,203.6,0.0,normal
2025-09-04 23:30:00,25.52,74.85,1004.48,20.72,1.75,208.8,0.0,normal
2025-09-04 23:40:00,25.63,75.7,1005.01,21.01,2.29,202.0,0.0,normal
2025-09-04 23:50:00,24.74,77.72,1005.03,20.58,0.56,187.8,0.0,normal
2025-09-05 00:00:00,24.47,78.64,1004.92,20.51,0.65,206.6,0.0,normal
2025-09-05 00:10:00,24.9,77.78,1005.23,20.75,1.25,194.6,0.0,normal
2025-09-05 00:20:00,24.34,78.69,1005.11,20.39,0.8,187.4,0.0,normal
2025-09-05 00:30:00,24.93,79.52,1005.28,21.14,1.56,212.3,0.0,normal
2025-09-05 00:40:00,24.73,78.5,1005.57,20.73,1.18,187.6,0.0,normal
2025-09-05 00:50:00,24.23,79.52,1005.89,20.46,0.78,199.0,0.0,normal
2025-09-05 01:00:00,24.01,78.97,1006.24,20.13,1.79,191.8,0.0,normal
2025-09-05 01:10:00,24.13,81.16,1006.36,20.69,1.26,185.6,0.0,normal
2025-09-05 01:20:00,24.16,79.56,1005.99,20.4,0.5,184.2,0.0,normal
2025-09-05 01:30:00,24.17,78.85,1006.22,20.26,1.36,197.7,0.0,normal
2025-09-05 01:40:00,24.36,80.55,1006.55,20.79,0.5,162.4,0.0,normal
2025-09-05 01:50:00,24.31,80.42,1006.51,20.72,1.31,174.5,0.0,normal
2025-09-05 02:00:00,24.24,79.94,1006.39,20.56,0.5,183.5,0.0,normal
2025-09-05 02:10:00,24.0,78.89,1006.53,20.1,0.86,176.4,0.0,normal
2025-09-05 02:20:00,23.79,78.97,1006.88,19.92,0.62,167.8,0.0,normal
2025-09-05 02:30:00,23.91,81.28,1006.72,20.5,0.65,162.4,0.0,normal
2025-09-05 02:40:00,23.89,77.39,1006.61,19.68,0.69,168.1,0.0,normal
2025-09-05 02:50:00,23.52,79.68,1006.57,19.8,1.26,171.9,0.0,normal
2025-09-05 03:00:00,24.14,80.37,1007.0,20.54,0.64,153.5,0.0,normal
2025-09-05 03:10:00,24.27,77.97,1006.66,20.17,0.65,156.3,0.0,normal
2025-09-05 03:20:00,24.26,76.99,1007.0,19.96,2.1,150.8,0.0,normal
2025-09-05 03:30:00,24.6,78.75,1006.79,20.66,0.5,177.4,0.0,normal
2025-09-05 03:40:00,24.5,77.9,1006.72,20.39,1.1,181.8,0.0,normal
2025-09-05 03:50:00,24.82,78.86,1006.42,20.89,1.92,173.0,0.0,normal
2025-09-05 04:00:00,25.13,78.35,1006.74,21.09,1.27,140.7,0.0,normal
2025-09-05 04:10:00,24.93,75.67,1006.34,20.33,1.83,160.4,0.0,normal
2025-09-05 04:20:00,24.72,76.78,1006.28,20.36,1.79,141.6,0.0,normal
2025-09-05 04:30:00,25.71,75.9,1006.41,21.13,1.54,165.8,0.0,normal
2025-09-05 04:40:00,25.78,75.22,1006.0,21.05,1.45,186.2,0.0,normal
2025-09-05 04:50:00,25.41,74.89,1006.04,20.63,1.7,152.2,0.0,normal
2025-09-05 05:00:00,25.6,74.55,1006.04,20.73,1.19,151.0,0.0,normal
2025-09-05 05:10:00,26.1,73.77,1005.8,21.04,1.58,172.7,0.0,normal
2025-09-05 05:20:00,26.47,73.39,1005.77,21.31,1.74,128.0,0.0,normal
2025-09-05 05:30:00,26.42,73.48,1005.74,21.28,2.24,153.5,0.0,normal
2025-09-05 05:40:00,26.14,72.45,1005.48,20.78,1.3,141.9,0.0,normal
2025-09-05 05:50:00,27.09,71.81,1005.36,21.56,1.86,107.1,0.0,normal
2025-09-05 06:00:00,27.35,70.35,1005.38,21.46,2.65,163.5,19.3,normal
2025-09-05 06:10:00,27.4,71.01,1004.85,21.67,1.72,149.0,26.6,normal
2025-09-05 06:20:00,27.48,70.43,1004.46,21.61,2.62,133.1,73.0,normal
2025-09-05 06:30:00,27.58,70.84,1004.5,21.8,2.06,127.6,130.0,normal
2025-09-05 06:40:00,28.13,68.92,1004.33,21.87,2.29,137.4,118.1,normal
2025-09-05 06:50:00,27.92,68.53,1004.31,21.58,2.51,147.2,209.8,normal
2025-09-05 07:00:00,28.84,66.73,1004.3,22.01,2.53,144.9,223.8,normal
2025-09-05 07:10:00,28.84,65.19,1003.92,21.64,2.52,136.2,255.3,normal
2025-09-05 07:20:00,29.16,65.26,1003.99,21.96,3.58,122.1,277.7,normal
2025-09-05 07:30:00,29.56,66.45,1003.75,22.64,3.34,156.3,308.6,normal
2025-09-05 07:40:00,30.15,63.85,1003.28,22.53,3.04,162.5,319.3,normal
2025-09-05 07:50:00,29.44,64.8,1003.45,22.1,2.59,136.0,406.4,normal
2025-09-05 08:00:00,29.75,62.73,1003.45,21.86,3.74,124.7,399.9,normal
2025-09-05 08:10:00,30.31,61.95,1003.56,22.19,3.59,131.0,447.9,normal
2025-09-05 08:20:00,30.52,60.74,1003.52,22.06,2.6,133.4,480.4,normal
2025-09-05 08:30:00,30.76,60.09,1003.29,22.11,3.35,149.0,529.8,normal
2025-09-05 08:40:00,30.45,59.48,1003.38,21.65,4.2,129.7,558.4,normal
2025-09-05 08:50:00,31.06,57.87,1003.16,21.76,3.09,142.8,567.4,normal
2025-09-05 09:00:00,31.67,58.99,1003.07,22.66,3.38,152.9,587.3,normal
2025-09-05 09:10:00,31.77,58.49,1003.16,22.61,4.27,167.9,615.2,normal
2025-09-05 09:20:00,32.02,56.92,1003.3,22.39,3.73,141.2,622.0,normal
2025-09-05 09:30:00,32.21,56.46,1003.03,22.43,3.99,152.3,650.9,normal
2025-09-05 09:40:00,32.32,55.58,1003.3,22.28,4.2,167.9,664.9,normal
2025-09-05 09:50:00,33.02,53.12,1003.48,22.18,3.31,153.7,695.8,normal
2025-09-05 10:00:00,32.94,53.92,1003.61,22.35,3.63,145.6,711.4,normal
2025-09-05 10:10:00,33.5,53.68,1003.35,22.79,3.86,171.8,731.8,normal
2025-09-05 10:20:00,33.07,52.15,1003.65,21.93,4.65,132.4,767.6,normal
2025-09-05 10:30:00,33.07,50.61,1003.57,21.43,4.16,141.5,773.2,normal
2025-09-05 10:40:00,34.21,51.61,1003.85,22.8,4.41,170.3,808.7,normal
2025-09-05 10:50:00,34.09,50.36,1004.02,22.28,4.28,163.0,815.7,normal
2025-09-05 11:00:00,34.59,51.54,1004.22,23.12,5.2,150.4,819.6,normal
2025-09-05 11:10:00,34.7,48.43,1004.45,22.2,4.23,117.9,828.3,normal
2025-09-05 11:20:00,34.25,48.69,1004.61,21.88,5.34,162.2,781.5,normal
2025-09-05 11:30:00,34.68,48.14,1004.67,22.08,5.05,134.2,826.6,normal
2025-09-05 11:40:00,34.88,47.74,1004.78,22.12,5.36,143.8,848.0,normal
2025-09-05 11:50:00,35.27,48.22,1004.61,22.64,3.99,163.5,858.9,normal
2025-09-05 12:00:00,35.08,46.3,1004.82,21.8,4.22,163.4,842.6,normal
2025-09-05 12:10:00,35.24,47.19,1004.97,22.26,4.76,159.5,857.4,normal
2025-09-05 12:20:00,35.85,45.52,1005.19,22.22,5.37,161.7,829.4,normal
2025-09-05 12:30:00,35.48,46.02,1005.61,22.07,6.0,161.2,877.2,normal
2025-09-05 12:40:00,35.83,45.16,1005.52,22.07,5.38,165.6,810.3,normal
2025-09-05 12:50:00,35.42,44.62,1005.9,21.5,4.95,168.0,840.0,normal
2025-09-05 13:00:00,36.01,44.95,1005.94,22.15,5.07,151.9,816.5,normal
2025-09-05 13:10:00,36.23,45.65,1005.85,22.61,5.05,181.7,809.4,normal
2025-09-05 13:20:00,35.68,45.16,1006.0,21.93,4.83,144.3,791.6,normal
2025-09-05 13:30:00,35.83,45.28,1006.18,22.12,4.41,145.5,824.7,normal
2025-09-05 13:40:00,36.17,45.69,1006.47,22.57,4.59,164.4,735.2,normal
2025-09-05 13:50:00,36.08,43.4,1006.63,21.64,6.02,169.5,727.2,normal
2025-09-05 14:00:00,35.62,44.96,1006.43,21.81,6.1,152.0,717.0,normal
2025-09-05 14:10:00,36.23,45.51,1006.46,22.56,5.24,190.2,710.1,normal
2025-09-05 14:20:00,35.61,46.47,1006.69,22.34,4.79,186.9,731.4,normal
2025-09-05 14:30:00,36.15,45.93,1006.7,22.64,4.46,182.9,664.7,normal
2025-09-05 14:40:00,35.68,45.84,1006.79,22.18,5.8,200.5,639.4,normal
2025-09-05 14:50:00,35.49,44.65,1006.86,21.58,4.88,182.6,656.7,normal
2025-09-05 15:00:00,35.8,45.17,1006.82,22.05,5.1,210.2,609.6,normal
2025-09-05 15:10:00,35.72,46.86,1006.59,22.58,5.06,225.8,572.0,normal
2025-09-05 15:20:00,35.36,45.35,1007.0,21.71,4.78,209.5,543.2,normal
2025-09-05 15:30:00,35.99,46.53,1006.92,22.7,5.71,188.7,551.0,normal
2025-09-05 15:40:00,36.01,46.83,1006.63,22.83,4.45,202.2,528.9,normal
2025-09-05 15:50:00,35.31,47.31,1006.65,22.36,5.72,180.8,462.2,normal
2025-09-05 16:00:00,35.06,46.72,1006.43,21.93,4.18,165.9,463.2,normal
2025-09-05 16:10:00,35.51,46.85,1006.58,22.39,4.42,191.2,395.5,normal
2025-09-05 16:20:00,35.32,47.66,1006.57,22.5,5.22,205.2,364.3,normal
2025-09-05 16:30:00,34.47,48.38,1006.43,21.96,5.71,195.0,345.6,normal
2025-09-05 16:40:00,34.3,49.51,1006.21,22.19,5.2,203.1,266.5,normal
2025-09-05 16:50:00,34.54,49.91,1005.61,22.55,3.71,210.1,292.6,normal
2025-09-05 17:00:00,34.43,49.6,1005.92,22.34,4.38,204.3,212.2,normal
2025-09-05 17:10:00,33.65,53.04,1005.87,22.74,4.42,212.1,195.0,normal
2025-09-05 17:20:00,33.87,51.78,1005.37,22.53,4.9,223.7,147.2,normal
2025-09-05 17:30:00,33.61,52.67,1005.39,22.58,3.35,187.5,133.3,normal
2025-09-05 17:40:00,33.15,51.22,1005.43,21.7,4.3,205.2,67.7,normal
2025-09-05 17:50:00,33.25,51.61,1005.12,21.91,4.14,218.9,73.3,normal
2025-09-05 18:00:00,33.07,54.65,1004.71,22.7,3.23,211.7,0.0,normal
2025-09-05 18:10:00,32.21,54.32,1004.69,21.8,4.13,204.1,0.0,normal
2025-09-05 18:20:00,32.73,55.99,1004.87,22.78,3.03,217.3,0.0,normal
2025-09-05 18:30:00,32.31,54.77,1004.51,22.03,4.07,183.5,0.0,normal
2025-09-05 18:40:00,32.07,57.7,1004.35,22.66,3.59,205.8,0.0,normal
2025-09-05 18:50:00,32.43,58.13,1003.91,23.12,3.49,230.7,0.0,normal
2025-09-05 19:00:00,31.1,57.75,1004.19,21.77,4.27,235.2,0.0,normal
2025-09-05 19:10:00,30.74,58.08,1003.9,21.52,2.95,222.1,0.0,normal
2025-09-05 19:20:00,30.55,59.78,1004.07,21.82,4.53,230.9,0.0,normal
2025-09-05 19:30:00,31.0,59.48,1003.55,22.16,2.54,219.8,0.0,normal
2025-09-05 19:40:00,30.4,61.83,1003.8,22.24,3.12,205.7,0.0,normal
2025-09-05 19:50:00,30.28,62.56,1003.7,22.31,2.39,214.2,0.0,normal
2025-09-05 20:00:00,30.3,64.18,1003.13,22.76,3.51,231.1,0.0,normal
2025-09-05 20:10:00,29.73,64.31,1003.35,22.26,2.69,211.4,0.0,normal
2025-09-05 20:20:00,29.09,65.32,1003.24,21.9,3.75,241.7,0.0,normal
2025-09-05 20:30:00,29.31,65.0,1003.02,22.03,2.8,215.1,0.0,normal
2025-09-05 20:40:00,28.54,65.95,1003.08,21.54,1.86,230.7,0.0,normal
2025-09-05 20:50:00,28.68,65.97,1003.19,21.68,2.69,221.2,0.0,normal
2025-09-05 21:00:00,28.73,68.02,1003.28,22.23,3.1,239.3,0.0,normal
2025-09-05 21:10:00,27.74,66.23,1003.13,20.86,2.5,238.9,0.0,normal
2025-09-05 21:20:00,27.91,70.11,1003.42,21.94,2.07,188.7,0.0,normal
2025-09-05 21:30:00,27.95,70.18,1003.29,22.0,1.78,217.7,0.0,normal
2025-09-05 21:40:00,27.74,69.42,1003.53,21.62,2.14,234.9,0.0,normal
2025-09-05 21:50:00,26.45,70.85,1003.39,20.72,0.78,205.6,0.0,normal
2025-09-05 22:00:00,26.91,70.99,1003.38,21.19,1.55,218.1,0.0,normal
2025-09-05 22:10:00,26.37,72.06,1003.49,20.92,2.7,218.2,0.0,normal
2025-09-05 22:20:00,26.17,71.46,1003.65,20.59,2.08,218.6,0.0,normal
2025-09-05 22:30:00,26.73,72.15,1003.77,21.28,1.34,202.6,0.0,normal
2025-09-05 22:40:00,26.47,73.51,1003.64,21.34,1.43,195.8,0.0,normal
2025-09-05 22:50:00,25.67,73.62,1003.77,20.6,1.83,207.2,0.0,normal
2025-09-05 23:00:00,25.38,75.75,1004.11,20.78,1.67,183.3,0.0,normal
2025-09-05 23:10:00,25.71,77.26,1004.19,21.42,0.91,199.7,0.0,normal
2025-09-05 23:20:00,24.83,77.48,1004.08,20.62,1.39,219.6,0.0,normal
2025-09-05 23:30:00,25.27,78.88,1004.43,21.34,1.0,199.3,0.0,normal
2025-09-05 23:40:00,25.26,76.63,1004.46,20.85,1.23,227.2,0.0,normal
2025-09-05 23:50:00,25.03,77.15,1004.74,20.74,1.12,212.8,0.0,normal
2025-09-06 00:00:00,24.94,77.03,1005.31,20.63,2.27,201.7,0.0,normal
2025-09-06 00:10:00,24.63,77.89,1004.96,20.51,1.25,202.5,0.0,normal
2025-09-06 00:20:00,24.86,79.54,1005.12,21.07,1.3,195.8,0.0,normal
2025-09-06 00:30:00,24.12,78.45,1005.63,20.13,1.03,180.5,0.0,normal
2025-09-06 00:40:00,24.25,78.35,1005.79,20.23,0.8,187.4,0.0,normal
2025-09-06 00:50:00,24.2,78.73,1005.83,20.27,0.5,184.2,0.0,normal
2025-09-06 01:00:00,24.06,80.22,1005.87,20.43,1.09,179.4,0.0,normal
2025-09-06 01:10:00,23.93,79.08,1005.99,20.07,0.61,203.2,0.0,normal
2025-09-06 01:20:00,23.87,80.81,1005.9,20.37,1.32,216.5,0.0,normal
2025-09-06 01:30:00,24.64,79.42,1006.12,20.83,0.88,222.4,0.0,normal
2025-09-06 01:40:00,24.29,80.51,1006.54,20.71,0.6,168.1,0.0,normal
2025-09-06 01:50:00,24.16,80.16,1006.58,20.52,0.8,192.2,0.0,normal
2025-09-06 02:00:00,23.72,81.05,1006.63,20.27,0.5,177.2,0.0,normal
2025-09-06 02:10:00,23.67,79.57,1006.57,19.92,0.68,173.7,0.0,normal
2025-09-06 02:20:00,23.66,80.17,1006.49,20.04,1.29,180.3,0.0,normal
2025-09-06 02:30:00,24.41,79.37,1006.59,20.6,2.37,185.0,0.0,normal
2025-09-06 02:40:00,24.01,79.21,1007.08,20.18,0.84,185.3,0.0,normal
2025-09-06 02:50:00,24.18,79.43,1006.97,20.39,0.78,169.3,0.0,normal
2025-09-06 03:00:00,23.79,79.3,1007.01,19.99,0.75,179.1,0.0,normal
2025-09-06 03:10:00,24.2,78.68,1006.7,20.26,1.33,165.3,0.0,normal
2025-09-06 03:20:00,24.69,79.28,1006.92,20.85,1.92,172.6,0.0,normal
2025-09-06 03:30:00,23.96,78.92,1006.48,20.07,0.9,150.1,0.0,normal
2025-09-06 03:40:00,24.83,78.8,1006.51,20.89,0.96,159.5,0.0,normal
2025-09-06 03:50:00,25.29,78.91,1006.62,21.36,2.58,116.9,0.0,normal
2025-09-06 04:00:00,24.85,77.86,1006.58,20.72,0.5,147.7,0.0,normal
2025-09-06 04:10:00,24.93,75.95,1006.5,20.39,1.63,129.6,0.0,normal
2025-09-06 04:20:00,25.62,76.21,1006.45,21.11,1.24,167.5,0.0,normal
2025-09-06 04:30:00,25.05,75.77,1006.57,20.46,1.16,160.2,0.0,normal
2025-09-06 04:40:00,25.56,76.92,1006.25,21.2,1.77,152.5,0.0,normal
2025-09-06 04:50:00,25.81,75.96,1006.18,21.24,0.89,152.8,0.0,normal
2025-09-06 05:00:00,25.41,75.54,1005.77,20.76,1.47,136.9,0.0,normal
2025-09-06 05:10:00,25.91,73.3,1005.99,20.75,1.82,146.9,0.0,normal
2025-09-06 05:20:00,25.91,73.11,1005.6,20.71,1.6,141.9,0.0,normal
2025-09-06 05:30:00,26.17,73.75,1005.42,21.1,1.98,143.4,0.0,normal
2025-09-06 05:40:00,26.34,72.7,1005.36,21.03,2.3,155.9,0.0,normal
2025-09-06 05:50:00,26.82,70.43,1005.14,20.98,2.45,149.4,0.0,normal
2025-09-06 06:00:00,26.97,71.36,1005.18,21.33,2.52,117.9,0.0,normal
2025-09-06 06:10:00,26.89,70.58,1004.6,21.08,1.02,151.4,38.2,normal
2025-09-06 06:20:00,27.27,69.78,1004.76,21.26,2.61,160.6,57.6,normal
2025-09-06 06:30:00,27.89,68.67,1004.41,21.58,2.07,142.5,101.9,normal
2025-09-06 06:40:00,28.12,67.73,1004.28,21.58,2.63,147.8,179.5,normal
2025-09-06 06:50:00,28.28,68.0,1004.47,21.8,2.38,162.3,183.9,normal
2025-09-06 07:00:00,28.8,67.51,1004.14,22.18,1.73,144.9,239.9,normal
2025-09-06 07:10:00,29.14,65.24,1003.79,21.93,2.69,151.1,244.6,normal
2025-09-06 07:20:00,28.95,65.76,1004.02,21.88,3.32,132.4,291.7,normal
2025-09-06 07:30:00,29.19,63.98,1003.82,21.66,2.28,143.0,334.7,normal
2025-09-06 07:40:00,29.29,64.52,1003.38,21.9,2.33,131.8,358.0,normal
2025-09-06 07:50:00,30.05,63.47,1003.82,22.33,3.02,125.2,397.1,normal
2025-09-06 08:00:00,30.1,62.46,1003.52,22.12,2.8,134.2,406.3,normal
2025-09-06 08:10:00,30.48,62.37,1003.09,22.46,4.06,150.4,431.9,normal
2025-09-06 08:20:00,29.97,61.78,1003.52,21.82,2.51,175.1,477.5,normal
2025-09-06 08:30:00,30.98,60.52,1003.06,22.43,2.86,164.1,500.0,normal
2025-09-06 08:40:00,31.16,59.39,1003.15,22.28,3.4,132.7,567.4,normal
2025-09-06 08:50:00,31.12,58.96,1003.27,22.13,2.24,148.8,593.8,normal
2025-09-06 09:00:00,31.0,59.45,1003.55,22.16,3.47,121.8,602.7,normal
2025-09-06 09:10:00,32.05,56.47,1003.17,22.28,3.1,172.4,632.1,normal
2025-09-06 09:20:00,31.76,57.02,1003.5,22.18,3.67,130.8,654.2,normal
2025-09-06 09:30:00,32.35,56.96,1003.26,22.71,4.05,110.0,660.4,normal
2025-09-06 09:40:00,32.55,54.64,1003.46,22.21,4.03,144.0,697.6,normal
2025-09-06 09:50:00,32.73,54.41,1003.2,22.3,3.3,196.8,702.8,normal
2025-09-06 10:00:00,32.92,55.01,1003.54,22.67,4.11,139.2,769.6,normal
2025-09-06 10:10:00,33.12,51.97,1003.41,21.91,3.56,154.6,751.8,normal
2025-09-06 10:20:00,33.32,52.78,1003.72,22.35,4.2,153.4,792.5,normal
2025-09-06 10:30:00,33.31,52.56,1003.44,22.27,3.43,123.4,739.2,normal
2025-09-06 10:40:00,33.66,50.67,1003.68,21.99,5.02,153.5,799.2,normal
2025-09-06 10:50:00,34.48,51.82,1003.86,23.11,3.94,135.0,791.7,normal
2025-09-06 11:00:00,34.09,50.56,1004.23,22.35,4.49,142.2,802.8,normal
2025-09-06 11:10:00,33.87,49.22,1004.35,21.71,4.2,166.0,824.5,normal
2025-09-06 11:20:00,35.18,49.36,1004.62,22.95,4.52,181.3,832.3,normal
2025-09-06 11:30:00,34.95,48.65,1004.71,22.5,4.72,164.2,866.2,normal
2025-09-06 11:40:00,34.5,47.88,1004.7,21.83,4.35,156.2,848.7,normal
2025-09-06 11:50:00,34.59,47.68,1004.7,21.84,5.03,165.7,900.1,normal
2025-09-06 12:00:00,35.11,46.75,1005.02,21.99,4.71,177.9,858.4,normal
2025-09-06 12:10:00,35.6,47.3,1005.02,22.62,4.5,153.9,857.7,normal
2025-09-06 12:20:00,35.88,45.22,1005.22,22.14,5.14,184.1,844.0,normal
2025-09-06 12:30:00,35.69,44.44,1005.38,21.68,4.03,142.4,836.7,normal
2025-09-06 12:40:00,35.71,47.51,1005.5,22.8,5.54,166.2,840.8,normal
2025-09-06 12:50:00,35.79,44.43,1006.07,21.76,5.2,172.6,824.6,normal
2025-09-06 13:00:00,35.45,45.21,1006.08,21.75,6.0,187.3,834.3,normal
2025-09-06 13:10:00,35.49,45.71,1006.06,21.96,5.85,183.9,814.5,normal
2025-09-06 13:20:00,36.41,44.71,1005.9,22.43,5.12,157.5,821.4,normal
2025-09-06 13:30:00,35.82,46.6,1006.4,22.58,4.19,197.5,803.7,normal
2025-09-06 13:40:00,35.8,44.86,1006.23,21.94,4.46,179.3,771.0,normal
2025-09-06 13:50:00,35.89,44.53,1006.59,21.89,5.22,181.5,722.3,normal
2025-09-06 14:00:00,35.72,45.52,1006.54,22.1,5.17,162.8,717.5,normal
2025-09-06 14:10:00,36.38,45.92,1006.43,22.84,5.18,201.1,687.7,normal
2025-09-06 14:20:00,36.38,45.55,1006.69,22.71,5.01,203.4,709.1,normal
2025-09-06 14:30:00,35.99,43.83,1006.52,21.72,4.61,210.0,670.8,normal
2025-09-06 14:40:00,35.72,44.73,1006.86,21.81,5.03,184.5,666.3,normal
2025-09-06 14:50:00,35.59,44.99,1006.72,21.79,5.1,203.2,630.7,normal
2025-09-06 15:00:00,35.48,46.02,1006.74,22.07,5.86,191.2,581.0,normal
2025-09-06 15:10:00,36.03,47.27,1006.82,23.0,4.72,194.0,585.1,normal
2025-09-06 15:20:00,35.17,46.84,1006.83,22.08,4.79,198.2,570.8,normal
2025-09-06 15:30:00,35.83,46.15,1006.82,22.43,4.84,187.5,479.0,normal
2025-09-06 15:40:00,35.09,46.08,1006.65,21.74,4.34,219.4,510.1,normal
2025-09-06 15:50:00,35.18,47.39,1006.68,22.28,4.76,197.1,455.6,normal
2025-09-06 16:00:00,34.78,47.49,1006.64,21.94,3.42,197.4,423.1,normal
2025-09-06 16:10:00,35.11,47.31,1006.44,22.19,4.72,191.8,419.1,normal
2025-09-06 16:20:00,34.56,48.1,1006.25,21.96,5.22,186.5,369.5,normal
2025-09-06 16:30:00,35.14,48.06,1006.06,22.47,4.5,232.2,350.7,normal
2025-09-06 16:40:00,34.18,48.99,1005.95,21.91,4.82,181.8,293.2,normal
2025-09-06 16:50:00,34.77,49.06,1006.25,22.47,4.35,194.0,265.0,normal
2025-09-06 17:00:00,34.45,49.23,1005.91,22.24,3.83,220.5,242.9,normal
2025-09-06 17:10:00,34.09,50.71,1005.9,22.39,3.55,214.1,198.8,normal
2025-09-06 17:20:00,33.55,50.93,1005.22,21.98,3.86,215.8,152.7,normal
2025-09-06 17:30:00,33.11,51.32,1005.51,21.69,4.62,225.7,111.3,normal
2025-09-06 17:40:00,33.82,52.49,1005.6,22.72,3.95,233.3,43.5,normal
2025-09-06 17:50:00,33.44,52.7,1005.12,22.44,4.42,205.1,74.8,normal
2025-09-06 18:00:00,33.06,54.23,1004.78,22.55,4.04,219.3,17.5,normal
2025-09-06 18:10:00,32.3,55.2,1004.73,22.14,3.94,244.8,0.0,normal
2025-09-06 18:20:00,32.86,55.38,1004.81,22.71,3.96,221.5,0.0,normal
2025-09-06 18:30:00,31.83,57.11,1004.57,22.27,3.44,203.4,0.0,normal
2025-09-06 18:40:00,32.16,56.15,1004.46,22.3,3.76,213.6,0.0,normal
2025-09-06 18:50:00,31.65,57.93,1004.06,22.34,3.62,203.8,0.0,normal
2025-09-06 19:00:00,31.32,57.0,1004.05,21.76,2.79,212.6,0.0,normal
2025-09-06 19:10:00,31.7,57.17,1004.16,22.17,3.77,234.4,0.0,normal
2025-09-06 19:20:00,30.71,58.8,1003.8,21.7,3.16,211.1,0.0,normal
2025-09-06 19:30:00,30.44,60.04,1003.63,21.79,2.96,232.5,0.0,normal
2025-09-06 19:40:00,30.28,59.57,1003.56,21.52,2.88,234.1,0.0,normal
2025-09-06 19:50:00,30.47,62.0,1003.26,22.35,3.15,228.0,0.0,normal
2025-09-06 20:00:00,30.42,62.19,1003.52,22.35,2.36,220.3,0.0,normal
2025-09-06 20:10:00,29.58,64.66,1003.47,22.2,3.3,200.7,0.0,normal
2025-09-06 20:20:00,29.41,63.05,1003.34,21.63,2.76,240.3,0.0,normal
2025-09-06 20:30:00,29.23,65.31,1003.32,22.04,1.8,210.8,0.0,normal
2025-09-06 20:40:00,28.26,65.21,1003.24,21.09,3.52,213.6,0.0,normal
2025-09-06 20:50:00,28.69,65.62,1003.01,21.6,2.57,224.6,0.0,normal
2025-09-06 21:00:00,28.11,67.39,1003.34,21.48,2.72,214.8,0.0,normal
2025-09-06 21:10:00,27.76,66.42,1003.33,20.91,2.62,216.0,0.0,normal
2025-09-06 21:20:00,28.22,68.36,1003.39,21.82,2.44,237.6,0.0,normal
2025-09-06 21:30:00,27.55,69.09,1003.12,21.36,1.89,236.7,0.0,normal
2025-09-06 21:40:00,27.2,70.4,1003.26,21.34,2.68,188.7,0.0,normal
2025-09-06 21:50:00,27.05,70.91,1003.71,21.31,2.21,187.9,0.0,normal
2025-09-06 22:00:00,26.89,71.49,1003.45,21.29,2.0,220.8,0.0,normal
2025-09-06 22:10:00,27.08,72.21,1003.74,21.63,2.71,224.0,0.0,normal
2025-09-06 22:20:00,26.52,73.64,1003.59,21.42,1.1,201.0,0.0,normal
2025-09-06 22:30:00,26.48,74.4,1003.84,21.55,2.45,204.3,0.0,normal
2025-09-06 22:40:00,26.09,73.25,1003.99,20.91,1.66,204.0,0.0,normal
2025-09-06 22:50:00,26.07,74.11,1003.82,21.09,1.34,198.3,0.0,normal
2025-09-06 23:00:00,25.58,74.65,1004.08,20.73,2.13,215.5,0.0,normal
2025-09-06 23:10:00,25.89,76.19,1004.47,21.36,1.37,222.0,0.0,normal
2025-09-06 23:20:00,24.76,76.21,1004.53,20.28,1.64,202.6,0.0,normal
2025-09-06 23:30:00,25.28,75.8,1004.59,20.69,1.01,185.6,0.0,normal
2025-09-06 23:40:00,25.07,76.48,1004.73,20.64,0.8,175.4,0.0,normal
2025-09-06 23:50:00,24.94,75.51,1004.84,20.3,1.17,198.1,0.0,normal
2025-09-07 00:00:00,24.43,77.83,1004.89,20.3,1.63,191.9,0.0,normal
2025-09-07 00:10:00,24.42,77.64,1005.25,20.26,1.32,198.4,0.0,normal
2025-09-07 00:20:00,25.02,78.12,1005.33,20.93,1.04,208.2,0.0,normal
2025-09-07 00:30:00,24.78,79.63,1005.69,21.01,0.5,192.7,0.0,normal
2025-09-07 00:40:00,24.72,79.2,1005.6,20.87,1.51,158.4,0.0,normal
2025-09-07 00:50:00,24.7,79.26,1005.83,20.86,1.42,195.8,0.0,normal
2025-09-07 01:00:00,24.68,79.06,1005.83,20.8,1.0,157.6,0.0,normal
2025-09-07 01:10:00,24.58,79.62,1006.18,20.82,1.52,180.6,0.0,normal
2025-09-07 01:20:00,23.85,80.12,1006.06,20.2,0.5,184.1,0.0,normal
2025-09-07 01:30:00,23.89,80.01,1006.19,20.22,1.11,180.6,0.0,normal
2025-09-07 01:40:00,24.31,80.13,1006.71,20.65,1.52,174.4,0.0,normal
2025-09-07 01:50:00,24.15,80.1,1006.25,20.5,1.1,194.7,0.0,normal
2025-09-07 02:00:00,24.3,80.07,1006.64,20.64,1.25,187.6,0.0,normal
2025-09-07 02:10:00,23.96,80.21,1006.53,20.33,1.94,183.6,0.0,normal
2025-09-07 02:20:00,23.72,79.82,1006.8,20.02,0.5,178.7,0.0,normal
2025-09-07 02:30:00,23.58,79.01,1006.75,19.72,0.55,169.0,0.0,normal
2025-09-07 02:40:00,24.11,79.73,1006.78,20.38,0.95,189.4,0.0,normal
2025-09-07 02:50:00,24.3,80.91,1006.67,20.81,1.28,180.6,0.0,normal
2025-09-07 03:00:00,24.41,78.7,1006.9,20.46,0.5,196.2,0.0,normal
2025-09-07 03:10:00,24.29,79.04,1006.73,20.41,0.75,142.6,0.0,normal
2025-09-07 03:20:00,24.73,78.64,1007.02,20.76,0.5,139.9,0.0,normal
2025-09-07 03:30:00,24.27,78.92,1006.65,20.37,0.5,195.7,0.0,normal
2025-09-07 03:40:00,24.76,78.62,1006.7,20.79,1.52,179.4,0.0,normal
2025-09-07 03:50:00,24.73,79.11,1006.61,20.86,1.24,146.0,0.0,normal
2025-09-07 04:00:00,24.38,79.18,1006.58,20.54,0.81,182.5,0.0,normal
2025-09-07 04:10:00,25.0,76.94,1006.73,20.67,1.35,176.7,0.0,normal
2025-09-07 04:20:00,24.6,76.02,1006.31,20.09,1.18,159.8,0.0,normal
2025-09-07 04:30:00,25.58,77.18,1006.11,21.28,1.2,146.3,0.0,normal
2025-09-07 04:40:00,25.22,76.29,1006.25,20.74,1.12,140.3,0.0,normal
2025-09-07 04:50:00,25.41,74.44,1006.01,20.53,1.32,128.5,0.0,normal
2025-09-07 05:00:00,25.55,74.55,1005.78,20.68,1.86,154.7,0.0,normal
2025-09-07 05:10:00,25.84,73.54,1005.77,20.74,1.77,131.2,0.0,normal
2025-09-07 05:20:00,26.34,75.36,1005.45,21.62,2.28,161.6,0.0,normal
2025-09-07 05:30:00,26.52,73.6,1005.61,21.4,2.14,163.3,0.0,normal
2025-09-07 05:40:00,26.47,72.74,1005.31,21.17,1.5,148.2,0.0,normal
2025-09-07 05:50:00,26.78,72.54,1005.32,21.42,1.95,144.4,0.0,normal
2025-09-07 06:00:00,26.9,71.52,1005.13,21.3,2.03,142.9,0.0,normal
2025-09-07 06:10:00,27.23,70.98,1004.74,21.5,1.2,120.8,53.2,normal
2025-09-07 06:20:00,27.51,70.53,1004.92,21.66,1.87,135.7,69.9,normal
2025-09-07 06:30:00,27.88,68.48,1004.74,21.53,2.75,147.7,133.1,normal
2025-09-07 06:40:00,27.94,68.63,1004.4,21.62,2.65,140.1,154.9,normal
2025-09-07 06:50:00,28.33,67.73,1003.84,21.78,1.55,158.0,177.0,normal
2025-09-07 07:00:00,28.09,66.93,1004.18,21.36,2.0,141.7,202.3,normal
2025-09-07 07:10:00,29.04,66.55,1003.99,22.17,3.48,163.6,261.6,normal
2025-09-07 07:20:00,29.16,65.3,1003.62,21.97,2.47,175.2,246.4,normal
2025-09-07 07:30:00,29.13,65.38,1003.49,21.96,3.12,133.1,311.9,normal
2025-09-07 07:40:00,29.45,65.52,1003.82,22.29,3.8,158.0,363.6,normal
2025-09-07 07:50:00,29.84,64.42,1003.6,22.39,2.44,151.0,369.1,normal
2025-09-07 08:00:00,29.78,62.64,1003.62,21.87,2.54,162.4,386.9,normal
2025-09-07 08:10:00,30.03,62.31,1003.43,22.02,3.1,137.4,468.6,normal
2025-09-07 08:20:00,30.58,61.13,1003.38,22.22,3.2,118.7,469.8,normal
2025-09-07 08:30:00,30.76,61.18,1003.3,22.41,3.82,119.1,495.2,normal
2025-09-07 08:40:00,30.91,59.92,1002.92,22.21,3.95,144.7,512.2,normal
2025-09-07 08:50:00,31.17,57.7,1003.16,21.82,4.35,125.2,544.8,normal
2025-09-07 09:00:00,31.18,58.41,1003.71,22.03,2.59,162.2,612.2,normal
2025-09-07 09:10:00,31.55,58.0,1003.18,22.27,3.38,149.5,640.4,normal
2025-09-07 09:20:00,32.06,55.4,1003.29,21.98,2.87,173.8,655.7,normal
2025-09-07 09:30:00,32.09,56.67,1003.38,22.38,3.17,144.8,688.9,normal
2025-09-07 09:40:00,32.11,55.29,1003.84,22.0,3.99,147.7,703.5,normal
2025-09-07 09:50:00,32.5,53.43,1003.3,21.79,4.86,148.0,698.7,normal
2025-09-07 10:00:00,33.48,53.53,1003.29,22.73,4.09,135.2,729.7,normal
2025-09-07 10:10:00,33.03,54.68,1003.45,22.66,3.89,118.5,767.0,normal
2025-09-07 10:20:00,33.59,53.22,1003.54,22.73,4.52,150.0,751.9,normal
2025-09-07 10:30:00,33.81,51.62,1003.6,22.44,4.75,136.7,787.6,normal
2025-09-07 10:40:00,33.11,51.14,1003.57,21.64,4.66,134.0,783.9,normal
2025-09-07 10:50:00,34.22,50.5,1004.14,22.45,5.14,165.7,800.8,normal
2025-09-07 11:00:00,33.88,50.01,1004.36,21.98,4.91,157.0,846.9,normal
2025-09-07 11:10:00,34.1,50.11,1004.13,22.21,4.21,151.8,813.8,normal
2025-09-07 11:20:00,34.09,48.2,1004.22,21.56,4.52,139.1,843.9,normal
2025-09-07 11:30:00,34.88,49.22,1004.35,22.63,4.44,151.0,873.2,normal
2025-09-07 11:40:00,34.8,48.05,1004.82,22.16,5.03,153.7,846.8,normal
2025-09-07 11:50:00,35.71,47.0,1004.72,22.62,4.74,167.8,823.5,normal
2025-09-07 12:00:00,35.48,47.56,1004.98,22.6,4.74,149.4,852.4,normal
2025-09-07 12:10:00,35.63,47.11,1005.15,22.59,4.83,157.5,851.8,normal
2025-09-07 12:20:00,35.1,46.52,1005.55,21.9,4.43,159.8,871.1,normal
2025-09-07 12:30:00,35.48,45.45,1005.43,21.86,4.68,197.4,895.4,normal
2025-09-07 12:40:00,35.51,46.98,1005.39,22.43,5.16,178.1,837.9,normal
2025-09-07 12:50:00,35.92,45.01,1005.94,22.09,4.62,164.8,783.6,normal
2025-09-07 13:00:00,35.48,45.31,1005.78,21.81,5.37,185.8,853.5,normal
2025-09-07 13:10:00,35.89,45.9,1006.08,22.39,5.67,172.5,814.0,normal
2025-09-07 13:20:00,35.55,44.9,1006.62,21.72,3.81,185.0,767.3,normal
2025-09-07 13:30:00,35.91,45.59,1006.38,22.3,5.36,164.6,825.9,normal
2025-09-07 13:40:00,36.22,44.63,1006.2,22.23,4.84,147.6,743.5,normal
2025-09-07 13:50:00,35.83,44.24,1006.84,21.73,4.9,174.6,765.2,normal
2025-09-07 14:00:00,36.04,45.06,1006.76,22.22,4.57,162.3,750.6,normal
2025-09-07 14:10:00,36.1,45.64,1006.65,22.49,5.16,177.1,708.7,normal
2025-09-07 14:20:00,37.0,44.88,1006.85,23.02,5.63,170.0,674.7,normal
2025-09-07 14:30:00,35.73,45.02,1006.88,21.93,5.42,185.1,667.8,normal
2025-09-07 14:40:00,36.19,45.65,1006.67,22.57,5.29,170.6,642.3,normal
2025-09-07 14:50:00,35.96,44.17,1006.78,21.82,4.76,177.8,619.0,normal
2025-09-07 15:00:00,35.76,44.2,1006.53,21.65,5.0,178.1,588.4,normal
2025-09-07 15:10:00,35.61,45.26,1006.79,21.91,5.43,200.9,547.4,normal
2025-09-07 15:20:00,35.62,45.34,1006.72,21.95,5.24,195.2,534.8,normal
2025-09-07 15:30:00,35.7,47.14,1006.67,22.66,4.91,222.7,499.0,normal
2025-09-07 15:40:00,35.5,45.26,1006.87,21.81,4.02,190.1,475.3,normal
2025-09-07 15:50:00,35.15,47.25,1006.56,22.2,4.73,219.2,472.9,normal
2025-09-07 16:00:00,35.0,46.45,1006.83,21.78,5.24,214.4,442.4,normal
2025-09-07 16:10:00,35.2,47.21,1006.49,22.23,4.22,202.9,393.4,normal
2025-09-07 16:20:00,34.51,49.04,1006.36,22.23,4.46,212.2,345.1,normal
2025-09-07 16:30:00,34.67,49.71,1006.36,22.6,4.45,217.9,301.7,normal
2025-09-07 16:40:00,34.69,49.0,1006.22,22.38,3.96,220.2,303.4,normal
2025-09-07 16:50:00,34.62,49.15,1006.01,22.36,4.21,218.0,272.6,normal
2025-09-07 17:00:00,34.39,50.17,1005.52,22.5,5.54,197.2,210.5,normal
2025-09-07 17:10:00,34.05,52.33,1005.75,22.87,5.03,196.8,195.5,normal
2025-09-07 17:20:00,33.68,52.71,1005.61,22.66,3.7,226.5,147.8,normal
2025-09-07 17:30:00,33.55,51.33,1005.52,22.1,4.38,205.1,134.2,normal
2025-09-07 17:40:00,33.57,52.78,1005.54,22.58,4.71,238.1,51.1,normal
2025-09-07 17:50:00,33.25,51.7,1005.1,21.94,3.33,190.9,51.0,normal
2025-09-07 18:00:00,33.35,53.82,1005.01,22.69,3.09,223.8,0.0,normal
2025-09-07 18:10:00,32.02,55.51,1004.89,21.97,3.5,199.8,0.0,normal
2025-09-07 18:20:00,32.57,53.96,1004.83,22.02,4.76,230.6,0.0,normal
2025-09-07 18:30:00,32.81,57.44,1004.38,23.28,4.26,216.1,0.0,normal
2025-09-07 18:40:00,32.61,56.56,1004.18,22.83,3.53,243.5,0.0,normal
2025-09-07 18:50:00,31.39,57.06,1004.2,21.85,3.94,216.1,0.0,normal
2025-09-07 19:00:00,31.67,57.71,1004.02,22.29,3.07,202.0,0.0,normal
2025-09-07 19:10:00,31.62,58.6,1003.9,22.5,2.86,233.5,0.0,normal
2025-09-07 19:20:00,30.87,60.01,1003.88,22.18,3.58,208.1,0.0,normal
2025-09-07 19:30:00,30.76,61.14,1003.83,22.39,3.09,223.6,0.0,normal
2025-09-07 19:40:00,30.71,59.98,1003.5,22.03,2.68,216.1,0.0,normal
2025-09-07 19:50:00,30.22,61.06,1003.68,21.87,3.23,215.1,0.0,normal
2025-09-07 20:00:00,30.22,62.77,1003.25,22.31,3.47,215.1,0.0,normal
2025-09-07 20:10:00,30.35,62.92,1003.61,22.48,3.7,236.0,0.0,normal
2025-09-07 20:20:00,29.63,63.16,1003.12,21.86,2.33,226.2,0.0,normal
2025-09-07 20:30:00,29.11,65.97,1003.01,22.09,2.69,247.1,0.0,normal
2025-09-07 20:40:00,29.1,64.49,1003.13,21.71,2.57,213.8,0.0,normal
2025-09-07 20:50:00,29.26,66.12,1003.18,22.26,3.45,215.2,0.0,normal
2025-09-07 21:00:00,28.48,67.17,1002.84,21.78,2.41,218.2,0.0,normal
2025-09-07 21:10:00,28.37,67.87,1003.26,21.85,2.87,207.2,0.0,normal
2025-09-07 21:20:00,27.7,70.69,1003.31,21.88,2.5,226.4,0.0,normal
2025-09-07 21:30:00,28.54,69.83,1003.38,22.48,3.05,230.9,0.0,normal
2025-09-07 21:40:00,27.52,69.51,1003.34,21.43,2.06,222.7,0.0,normal
2025-09-07 21:50:00,27.59,70.36,1003.25,21.7,2.36,219.9,0.0,normal
2025-09-07 22:00:00,27.12,71.15,1003.4,21.43,2.52,195.4,0.0,normal
2025-09-07 22:10:00,26.84,71.84,1003.53,21.32,1.51,218.8,0.0,normal
2025-09-07 22:20:00,26.22,73.77,1003.67,21.15,1.76,204.6,0.0,normal
2025-09-07 22:30:00,26.28,72.62,1003.74,20.96,2.69,181.2,0.0,normal
2025-09-07 22:40:00,26.27,73.06,1003.83,21.04,1.65,224.6,0.0,normal
2025-09-07 22:50:00,25.44,72.68,1004.07,20.17,0.84,204.2,0.0,normal
2025-09-07 23:00:00,25.54,74.78,1004.16,20.73,1.7,219.7,0.0,normal
2025-09-07 23:10:00,25.58,75.75,1004.25,20.97,0.69,196.9,0.0,normal
2025-09-07 23:20:00,25.09,77.32,1004.15,20.83,1.52,219.6,0.0,normal
2025-09-07 23:30:00,25.36,76.2,1004.4,20.85,1.34,206.5,0.0,normal
2025-09-07 23:40:00,25.22,77.66,1004.86,21.03,0.7,208.9,0.0,normal
2025-09-07 23:50:00,25.21,76.63,1004.68,20.8,1.52,201.2,0.0,normal
2025-09-08 00:00:00,24.72,78.16,1005.15,20.65,1.66,209.6,0.0,normal
2025-09-08 00:10:00,24.58,78.2,1004.98,20.53,0.89,173.2,0.0,normal
2025-09-08 00:20:00,24.86,78.12,1005.3,20.78,1.23,201.1,0.0,normal
2025-09-08 00:30:00,24.49,79.07,1005.32,20.62,2.12,209.1,0.0,normal
2025-09-08 00:40:00,24.42,78.44,1005.72,20.42,1.04,212.5,0.0,normal
2025-09-08 00:50:00,24.52,78.28,1005.71,20.48,1.25,158.2,0.0,normal
2025-09-08 01:00:00,24.33,80.2,1005.86,20.69,0.5,201.8,0.0,normal
2025-09-08 01:10:00,24.67,79.17,1006.02,20.81,0.96,203.9,0.0,normal
2025-09-08 01:20:00,23.71,79.54,1006.01,19.96,1.21,194.8,0.0,normal
2025-09-08 01:30:00,24.65,79.2,1006.23,20.79,0.5,205.7,0.0,normal
2025-09-08 01:40:00,23.93,80.35,1006.46,20.34,1.08,187.4,0.0,normal
2025-09-08 01:50:00,24.31,79.36,1006.68,20.5,1.3,181.5,0.0,normal
2025-09-08 02:00:00,24.28,80.65,1006.52,20.73,0.99,163.9,0.0,normal
2025-09-08 02:10:00,23.4,80.21,1006.66,19.79,1.23,183.5,0.0,normal
2025-09-08 02:20:00,24.03,80.7,1006.52,20.5,1.06,184.3,0.0,normal
2025-09-08 02:30:00,23.9,80.39,1006.7,20.31,1.23,195.3,0.0,normal
2025-09-08 02:40:00,24.26,79.66,1006.81,20.52,1.77,186.5,0.0,normal
2025-09-08 02:50:00,24.21,80.38,1006.85,20.61,0.9,163.2,0.0,normal
2025-09-08 03:00:00,24.13,79.61,1006.88,20.37,1.23,147.2,0.0,normal
2025-09-08 03:10:00,24.87,77.66,1006.61,20.69,1.06,148.2,0.0,normal
2025-09-08 03:20:00,24.55,78.73,1006.65,20.6,0.6,149.2,0.0,normal
2025-09-08 03:30:00,24.04,78.49,1006.78,20.06,0.86,166.9,0.0,normal
2025-09-08 03:40:00,24.52,78.66,1006.7,20.56,0.5,127.6,0.0,normal
2025-09-08 03:50:00,24.95,78.07,1006.48,20.85,1.93,138.5,0.0,normal
2025-09-08 04:00:00,24.69,77.55,1006.52,20.5,0.73,174.6,0.0,normal
2025-09-08 04:10:00,25.07,78.18,1006.6,20.99,1.48,155.3,0.0,normal
2025-09-08 04:20:00,25.25,76.17,1006.45,20.74,1.37,192.8,0.0,normal
2025-09-08 04:30:00,24.89,75.96,1006.23,20.35,0.98,172.0,0.0,normal
2025-09-08 04:40:00,26.0,76.08,1006.05,21.45,1.5,164.9,0.0,normal
2025-09-08 04:50:00,25.52,75.48,1005.79,20.85,1.6,156.7,0.0,normal
2025-09-08 05:00:00,25.98,74.93,1005.87,21.18,1.45,174.5,0.0,normal
2025-09-08 05:10:00,25.43,72.97,1005.76,20.22,1.17,150.1,0.0,normal
2025-09-08 05:20:00,26.65,73.45,1005.48,21.5,1.27,128.1,0.0,normal
2025-09-08 05:30:00,26.5,74.21,1005.33,21.52,1.06,127.2,0.0,normal
2025-09-08 05:40:00,26.57,72.98,1005.39,21.32,1.23,125.9,0.0,normal
2025-09-08 05:50:00,26.54,72.27,1005.22,21.13,2.26,140.5,0.0,normal
2025-09-08 06:00:00,27.48,72.25,1004.86,22.02,1.06,130.8,0.0,normal
2025-09-08 06:10:00,26.87,70.45,1004.74,21.03,1.93,146.7,25.2,normal
2025-09-08 06:20:00,27.45,68.58,1004.59,21.14,1.81,151.7,59.1,normal
2025-09-08 06:30:00,27.76,67.85,1004.41,21.27,2.09,142.3,94.4,normal
2025-09-08 06:40:00,28.27,68.61,1004.49,21.93,2.57,130.9,162.2,normal
2025-09-08 06:50:00,27.87,68.52,1004.33,21.53,2.92,154.2,152.1,normal
2025-09-08 07:00:00,28.47,66.1,1003.98,21.51,2.77,118.7,233.5,normal
2025-09-08 07:10:00,28.7,66.6,1004.06,21.85,2.26,150.9,236.7,normal
2025-09-08 07:20:00,28.58,66.27,1003.98,21.66,2.63,160.3,256.2,normal
2025-09-08 07:30:00,29.69,63.99,1003.75,22.14,1.95,158.1,345.3,normal
2025-09-08 07:40:00,29.16,63.93,1003.29,21.61,2.39,146.2,358.6,normal
2025-09-08 07:50:00,29.72,62.18,1003.57,21.69,3.42,131.6,395.4,normal
2025-09-08 08:00:00,29.96,62.25,1003.67,21.94,3.36,132.4,373.0,normal
2025-09-08 08:10:00,30.1,60.97,1003.4,21.73,3.4,176.3,485.9,normal
2025-09-08 08:20:00,30.68,61.96,1003.19,22.53,2.84,163.3,502.4,normal
2025-09-08 08:30:00,30.1,61.76,1003.14,21.94,2.75,140.4,507.8,normal
2025-09-08 08:40:00,30.38,58.78,1003.34,21.39,3.11,129.9,567.0,normal
2025-09-08 08:50:00,31.26,57.36,1003.16,21.81,3.44,140.5,596.3,normal
2025-09-08 09:00:00,31.09,58.68,1003.42,22.03,3.7,151.4,604.9,normal
2025-09-08 09:10:00,31.77,57.26,1003.28,22.25,4.16,162.5,614.0,normal
2025-09-08 09:20:00,32.32,55.61,1003.53,22.28,3.69,145.0,640.7,normal
2025-09-08 09:30:00,32.49,57.23,1003.17,22.92,4.14,143.0,638.9,normal
2025-09-08 09:40:00,32.29,55.78,1003.05,22.31,3.49,127.3,673.3,normal
2025-09-08 09:50:00,33.19,54.84,1003.33,22.86,3.49,156.5,717.5,normal
2025-09-08 10:00:00,32.88,52.86,1003.54,21.97,4.2,153.7,694.2,normal
2025-09-08 10:10:00,32.74,53.04,1003.79,21.9,4.84,165.7,724.5,normal
2025-09-08 10:20:00,33.62,53.53,1003.59,22.86,4.05,152.8,794.2,normal
2025-09-08 10:30:00,33.65,51.9,1003.65,22.37,4.19,137.8,812.2,normal
2025-09-08 10:40:00,33.3,51.1,1003.84,21.8,4.61,124.0,826.4,normal
2025-09-08 10:50:00,33.84,49.75,1004.16,21.85,5.33,164.3,829.0,normal
2025-09-08 11:00:00,34.24,50.71,1004.51,22.54,4.19,166.9,799.5,normal
2025-09-08 11:10:00,34.04,49.65,1004.24,22.0,4.49,148.2,848.8,normal
2025-09-08 11:20:00,34.6,49.76,1004.22,22.55,4.34,151.2,841.8,normal
2025-09-08 11:30:00,34.64,49.12,1004.3,22.38,5.38,152.1,821.8,normal
2025-09-08 11:40:00,34.81,47.47,1004.62,21.97,5.3,160.6,855.3,normal
2025-09-08 11:50:00,35.21,47.27,1004.65,22.26,3.66,156.5,854.1,normal
2025-09-08 12:00:00,35.44,47.02,1004.98,22.38,4.8,177.0,866.7,normal
2025-09-08 12:10:00,35.57,46.82,1005.18,22.43,3.55,135.3,823.7,normal
2025-09-08 12:20:00,35.4,47.39,1005.0,22.47,4.81,149.0,859.7,normal
2025-09-08 12:30:00,35.42,46.74,1005.68,22.26,5.55,155.6,815.5,normal
2025-09-08 12:40:00,35.83,44.26,1005.59,21.74,4.99,168.5,808.0,normal
2025-09-08 12:50:00,35.22,46.16,1005.73,21.88,4.9,162.6,832.6,normal
2025-09-08 13:00:00,35.91,45.69,1005.74,22.34,5.83,165.3,858.7,normal
2025-09-08 13:10:00,36.09,46.21,1005.93,22.68,4.83,180.0,843.9,normal
2025-09-08 13:20:00,36.37,45.12,1006.44,22.54,5.02,170.4,781.3,normal
2025-09-08 13:30:00,36.39,45.61,1006.15,22.74,4.94,174.3,795.0,normal
2025-09-08 13:40:00,36.48,45.9,1006.41,22.92,6.12,199.5,766.0,normal
2025-09-08 13:50:00,36.03,44.32,1006.75,21.94,5.25,191.0,751.4,normal
2025-09-08 14:00:00,35.99,44.48,1006.36,21.96,5.35,167.2,754.7,normal
2025-09-08 14:10:00,36.71,45.2,1006.54,22.88,4.36,167.5,737.6,normal
2025-09-08 14:20:00,35.59,44.93,1006.89,21.77,5.02,184.9,693.1,normal
2025-09-08 14:30:00,35.92,44.39,1006.83,21.87,5.85,190.3,659.7,normal
2025-09-08 14:40:00,35.64,45.73,1006.46,22.11,4.19,173.2,637.3,normal
2025-09-08 14:50:00,35.89,47.14,1006.77,22.84,4.82,191.2,643.4,normal
2025-09-08 15:00:00,35.39,44.62,1006.7,21.48,4.36,201.7,604.2,normal
2025-09-08 15:10:00,35.37,45.18,1006.82,21.66,4.98,197.6,510.9,normal
2025-09-08 15:20:00,35.3,46.17,1006.66,21.95,5.23,195.0,512.5,normal
2025-09-08 15:30:00,35.65,47.07,1006.81,22.59,4.69,189.8,506.5,normal
2025-09-08 15:40:00,35.29,47.07,1006.84,22.27,4.12,188.1,465.0,normal
2025-09-08 15:50:00,35.13,47.98,1006.65,22.43,4.68,208.3,487.9,normal
2025-09-08 16:00:00,35.19,47.38,1006.42,22.28,4.69,200.0,438.2,normal
2025-09-08 16:10:00,35.47,46.77,1006.11,22.32,3.9,202.7,445.1,normal
2025-09-08 16:20:00,34.75,48.68,1006.37,22.33,4.05,173.7,361.1,normal
2025-09-08 16:30:00,35.08,48.69,1006.3,22.63,4.56,190.2,339.8,normal
2025-09-08 16:40:00,34.55,47.98,1006.12,21.91,5.07,203.6,309.1,normal
2025-09-08 16:50:00,34.5,50.04,1006.05,22.56,4.79,227.5,247.2,normal
2025-09-08 17:00:00,34.29,49.85,1005.76,22.3,4.65,204.7,227.1,normal
2025-09-08 17:10:00,33.43,48.43,1005.91,21.04,4.73,225.5,228.1,normal
2025-09-08 17:20:00,34.33,51.42,1005.47,22.85,4.09,192.4,107.7,normal
2025-09-08 17:30:00,33.37,51.5,1005.16,21.99,4.0,207.2,111.6,normal
2025-09-08 17:40:00,33.38,50.95,1005.28,21.82,5.35,209.1,65.8,normal
2025-09-08 17:50:00,33.51,54.09,1005.13,22.93,3.97,210.7,60.9,normal
2025-09-08 18:00:00,33.16,53.75,1005.21,22.5,3.38,226.1,0.0,normal
2025-09-08 18:10:00,32.6,54.31,1004.68,22.15,4.72,210.3,0.0,normal
2025-09-08 18:20:00,32.47,54.91,1004.39,22.21,3.68,235.0,0.0,normal
2025-09-08 18:30:00,32.11,56.65,1004.78,22.4,4.16,243.2,0.0,normal
2025-09-08 18:40:00,31.6,56.58,1004.27,21.9,3.85,201.5,0.0,normal
2025-09-08 18:50:00,32.0,58.69,1004.15,22.87,2.89,221.8,0.0,normal
2025-09-08 19:00:00,31.73,57.94,1004.32,22.41,3.6,218.1,0.0,normal
2025-09-08 19:10:00,32.2,59.52,1004.1,23.29,3.09,222.5,0.0,normal
2025-09-08 19:20:00,30.67,57.74,1003.95,21.37,3.9,205.1,0.0,normal
2025-09-08 19:30:00,30.34,60.32,1004.1,21.78,3.26,219.1,0.0,normal
2025-09-08 19:40:00,30.82,60.12,1003.56,22.18,3.26,231.6,0.0,normal
2025-09-08 19:50:00,30.7,62.25,1003.56,22.63,2.88,236.8,0.0,normal
2025-09-08 20:00:00,30.3,61.77,1003.17,22.13,3.11,196.1,0.0,normal
2025-09-08 20:10:00,30.22,63.84,1003.37,22.6,2.67,236.2,0.0,normal
2025-09-08 20:20:00,29.21,62.38,1003.35,21.27,2.2,214.2,0.0,normal
2025-09-08 20:30:00,29.28,64.52,1003.39,21.88,2.84,236.6,0.0,normal
2025-09-08 20:40:00,28.84,64.69,1003.1,21.51,2.92,195.6,0.0,normal
2025-09-08 20:50:00,28.33,66.86,1003.15,21.57,2.33,228.5,0.0,normal
2025-09-08 21:00:00,28.63,67.23,1003.1,21.94,2.51,207.5,0.0,normal
2025-09-08 21:10:00,28.05,67.7,1003.37,21.5,2.76,216.9,0.0,normal
2025-09-08 21:20:00,27.54,68.01,1003.27,21.09,2.38,212.0,0.0,normal
2025-09-08 21:30:00,27.82,69.03,1003.42,21.6,2.8,212.6,0.0,normal
2025-09-08 21:40:00,27.26,69.93,1003.22,21.28,1.94,213.9,0.0,normal
2025-09-08 21:50:00,27.15,70.39,1003.5,21.29,2.15,243.3,0.0,normal
2025-09-08 22:00:00,27.21,72.78,1003.48,21.89,2.46,239.4,0.0,normal
2025-09-08 22:10:00,27.08,73.55,1003.66,21.94,1.41,222.0,0.0,normal
2025-09-08 22:20:00,26.16,72.73,1003.53,20.87,2.34,243.6,0.0,normal
2025-09-08 22:30:00,26.25,71.58,1003.93,20.7,1.34,217.6,0.0,normal
2025-09-08 22:40:00,26.22,73.73,1003.57,21.15,1.72,235.0,0.0,normal
2025-09-08 22:50:00,25.9,74.24,1003.84,20.96,1.39,211.5,0.0,normal
2025-09-08 23:00:00,25.14,74.53,1003.95,20.28,0.79,213.4,0.0,normal
2025-09-08 23:10:00,25.38,74.31,1004.07,20.47,1.38,218.1,0.0,normal
2025-09-08 23:20:00,25.12,75.86,1004.33,20.55,2.36,201.6,0.0,normal
2025-09-08 23:30:00,25.34,77.33,1004.67,21.07,1.35,192.8,0.0,normal
2025-09-08 23:40:00,25.17,77.73,1004.53,21.0,1.38,188.2,0.0,normal
2025-09-08 23:50:00,24.86,76.24,1004.72,20.38,1.51,197.7,0.0,normal
2025-09-09 00:00:00,24.61,77.3,1004.82,20.36,1.05,188.4,0.0,normal
2025-09-09 00:10:00,24.76,78.25,1005.19,20.71,1.68,222.4,0.0,normal
2025-09-09 00:20:00,25.02,79.31,1005.31,21.18,1.76,171.1,0.0,normal
2025-09-09 00:30:00,24.54,78.63,1005.38,20.58,1.43,205.0,0.0,normal
2025-09-09 00:40:00,23.95,78.66,1005.23,20.01,2.48,202.1,0.0,normal
2025-09-09 00:50:00,24.9,81.27,1005.8,21.46,1.55,202.0,0.0,normal
2025-09-09 01:00:00,24.06,80.16,1006.08,20.42,0.84,182.6,0.0,normal
2025-09-09 01:10:00,23.79,81.23,1005.92,20.38,1.21,192.8,0.0,normal
2025-09-09 01:20:00,23.93,79.34,1006.34,20.12,0.53,188.7,0.0,normal
2025-09-09 01:30:00,23.57,79.18,1006.22,19.75,0.76,196.6,0.0,normal
2025-09-09 01:40:00,23.92,80.08,1006.2,20.27,0.97,187.0,0.0,normal
2025-09-09 01:50:00,24.68,79.5,1006.53,20.89,1.13,180.6,0.0,normal
2025-09-09 02:00:00,24.08,79.44,1006.6,20.29,2.13,180.5,0.0,normal
2025-09-09 02:10:00,24.55,80.22,1006.69,20.91,1.67,150.2,0.0,normal
2025-09-09 02:20:00,23.52,80.63,1006.66,19.99,0.71,187.9,0.0,normal
2025-09-09 02:30:00,23.84,80.75,1006.97,20.33,1.25,173.2,0.0,normal
2025-09-09 02:40:00,24.21,80.45,1006.62,20.63,1.51,184.4,0.0,normal
2025-09-09 02:50:00,23.57,80.65,1007.11,20.04,1.47,160.5,0.0,normal
2025-09-09 03:00:00,23.39,78.45,1006.78,19.42,1.92,166.6,0.0,normal
2025-09-09 03:10:00,24.89,78.43,1006.62,20.87,1.31,157.1,0.0,normal
2025-09-09 03:20:00,24.79,79.67,1006.88,21.03,0.86,178.5,0.0,normal
2025-09-09 03:30:00,25.09,77.5,1006.88,20.87,1.42,157.4,0.0,normal
2025-09-09 03:40:00,24.45,77.77,1006.57,20.31,1.33,173.9,0.0,normal
2025-09-09 03:50:00,23.98,77.83,1006.76,19.86,1.83,169.6,0.0,normal
2025-09-09 04:00:00,24.72,76.45,1006.51,20.29,0.66,175.1,0.0,normal
2025-09-09 04:10:00,25.01,76.61,1006.57,20.61,1.49,161.7,0.0,normal
2025-09-09 04:20:00,24.94,76.95,1006.32,20.61,0.74,144.8,0.0,normal
2025-09-09 04:30:00,25.48,75.86,1006.1,20.9,0.78,153.8,0.0,normal
2025-09-09 04:40:00,24.97,77.15,1006.07,20.68,1.03,164.4,0.0,normal
2025-09-09 04:50:00,25.53,75.27,1006.08,20.82,2.25,161.1,0.0,normal
2025-09-09 05:00:00,25.72,74.05,1006.12,20.73,2.54,145.0,0.0,normal
2025-09-09 05:10:00,26.41,73.66,1005.87,21.32,1.22,137.1,0.0,normal
2025-09-09 05:20:00,25.71,72.34,1005.83,20.35,1.13,145.4,0.0,normal
2025-09-09 05:30:00,26.07,73.89,1005.55,21.03,2.19,147.8,0.0,normal
2025-09-09 05:40:00,26.62,72.1,1005.19,21.16,3.08,144.5,0.0,normal
2025-09-09 05:50:00,26.39,71.41,1005.33,20.79,1.66,162.6,0.0,normal
2025-09-09 06:00:00,27.07,70.26,1004.81,21.17,2.08,170.1,0.0,normal
2025-09-09 06:10:00,27.31,69.43,1004.95,21.22,1.67,145.0,46.2,normal
2025-09-09 06:20:00,26.58,69.74,1004.69,20.59,1.73,129.8,59.6,normal
2025-09-09 06:30:00,27.94,69.1,1004.54,21.73,3.0,144.8,87.4,normal
2025-09-09 06:40:00,27.97,69.77,1004.44,21.92,2.22,139.8,138.5,normal
2025-09-09 06:50:00,28.45,68.55,1004.39,22.09,2.23,159.2,182.1,normal
2025-09-09 07:00:00,28.74,66.93,1004.08,21.97,2.4,120.3,208.7,normal
2025-09-09 07:10:00,29.05,65.61,1004.05,21.94,2.38,110.7,304.3,normal
2025-09-09 07:20:00,29.22,66.19,1003.83,22.25,3.02,157.0,306.1,normal
2025-09-09 07:30:00,29.51,64.44,1003.9,22.08,3.39,140.3,279.1,normal
2025-09-09 07:40:00,29.48,64.18,1003.78,21.99,1.79,151.0,374.3,normal
2025-09-09 07:50:00,29.65,63.02,1003.67,21.84,2.5,137.0,389.6,normal
2025-09-09 08:00:00,30.19,62.62,1003.21,22.25,2.29,108.9,413.2,normal
2025-09-09 08:10:00,30.22,61.65,1003.26,22.02,3.36,154.0,472.3,normal
2025-09-09 08:20:00,30.05,59.99,1003.41,21.41,2.65,164.2,492.6,normal
2025-09-09 08:30:00,31.17,60.16,1003.22,22.51,2.74,140.6,507.3,normal
2025-09-09 08:40:00,31.41,60.42,1003.39,22.81,2.62,138.5,502.7,normal
2025-09-09 08:50:00,31.71,57.93,1003.34,22.39,2.93,140.6,565.8,normal
2025-09-09 09:00:00,31.79,57.76,1003.34,22.42,3.23,121.4,630.9,normal
2025-09-09 09:10:00,32.5,56.19,1003.05,22.63,3.31,151.3,654.3,normal
2025-09-09 09:20:00,31.89,56.9,1003.25,22.27,3.28,138.5,648.9,normal
2025-09-09 09:30:00,32.51,55.72,1003.33,22.5,4.44,159.6,692.1,normal
2025-09-09 09:40:00,32.52,54.97,1003.37,22.28,3.46,121.1,667.4,normal
2025-09-09 09:50:00,32.74,53.76,1003.57,22.12,4.17,154.6,720.8,normal
2025-09-09 10:00:00,33.36,55.02,1003.72,23.07,3.38,142.0,714.3,normal
2025-09-09 10:10:00,32.95,52.1,1003.55,21.8,4.63,159.0,762.1,normal
2025-09-09 10:20:00,33.24,51.87,1003.56,21.99,4.44,134.5,797.1,normal
2025-09-09 10:30:00,33.63,52.44,1004.04,22.53,3.6,171.9,785.0,normal
2025-09-09 10:40:00,33.76,50.99,1003.83,22.18,3.77,150.6,775.5,normal
2025-09-09 10:50:00,34.15,49.78,1004.11,22.15,4.71,152.6,810.6,normal
2025-09-09 11:00:00,34.17,50.44,1004.25,22.38,3.98,156.2,796.6,normal
2025-09-09 11:10:00,33.77,49.25,1004.47,21.63,3.97,150.9,843.2,normal
2025-09-09 11:20:00,34.01,50.1,1004.24,22.13,3.99,139.5,829.7,normal
2025-09-09 11:30:00,34.64,49.25,1004.34,22.42,5.78,155.0,818.9,normal
2025-09-09 11:40:00,34.97,48.12,1004.81,22.34,4.5,170.5,840.6,normal
2025-09-09 11:50:00,34.99,47.26,1004.89,22.06,4.82,153.6,850.1,normal
2025-09-09 12:00:00,35.0,47.48,1004.86,22.14,5.0,169.0,865.4,normal
2025-09-09 12:10:00,35.03,47.01,1005.0,22.01,5.2,142.4,865.3,normal
2025-09-09 12:20:00,35.79,47.17,1005.33,22.76,4.18,151.1,813.3,normal
2025-09-09 12:30:00,35.16,46.42,1005.53,21.92,5.22,157.4,844.5,normal
2025-09-09 12:40:00,35.58,46.37,1005.59,22.28,4.15,158.4,845.3,normal
2025-09-09 12:50:00,35.88,45.79,1005.87,22.34,5.53,159.6,820.7,normal
2025-09-09 13:00:00,35.69,45.06,1005.93,21.91,5.32,185.5,789.6,normal
2025-09-09 13:10:00,36.29,44.27,1005.9,22.16,4.88,185.6,811.7,normal
2025-09-09 13:20:00,35.66,45.1,1005.86,21.89,4.78,152.7,829.5,normal
2025-09-09 13:30:00,36.05,45.12,1006.28,22.26,4.49,178.1,807.1,normal
2025-09-09 13:40:00,35.78,44.61,1006.43,21.83,5.02,165.3,790.0,normal
2025-09-09 13:50:00,35.84,44.96,1006.33,22.0,5.6,176.5,740.0,normal
2025-09-09 14:00:00,36.11,46.32,1006.43,22.75,4.67,196.5,748.7,normal
2025-09-09 14:10:00,36.16,46.17,1006.6,22.73,4.83,202.4,723.3,normal
2025-09-09 14:20:00,35.85,45.09,1006.67,22.07,4.43,171.6,727.6,normal
2025-09-09 14:30:00,36.09,44.7,1006.71,22.14,4.69,175.4,678.2,normal
2025-09-09 14:40:00,35.69,45.91,1006.87,22.22,5.36,197.2,632.0,normal
2025-09-09 14:50:00,35.78,44.89,1006.85,21.93,4.98,167.2,624.5,normal
2025-09-09 15:00:00,35.63,45.92,1006.69,22.16,5.03,200.5,612.3,normal
2025-09-09 15:10:00,35.45,45.37,1006.99,21.8,5.14,172.3,554.5,normal
2025-09-09 15:20:00,35.91,45.5,1006.91,22.27,5.06,166.4,565.5,normal
2025-09-09 15:30:00,35.77,46.17,1006.93,22.38,4.58,210.1,535.3,normal
2025-09-09 15:40:00,35.29,45.65,1006.47,21.76,5.24,177.3,523.3,normal
2025-09-09 15:50:00,34.93,47.05,1006.74,21.93,4.31,195.4,471.2,normal
2025-09-09 16:00:00,34.83,46.01,1006.56,21.47,4.87,191.5,447.1,normal
2025-09-09 16:10:00,35.04,47.57,1006.66,22.21,4.44,192.3,406.7,normal
2025-09-09 16:20:00,34.76,48.91,1006.34,22.41,4.62,221.6,341.8,normal
2025-09-09 16:30:00,34.61,49.18,1006.06,22.36,5.45,205.1,300.8,normal
2025-09-09 16:40:00,34.78,48.54,1006.25,22.3,4.81,214.0,263.3,normal
2025-09-09 16:50:00,34.52,49.36,1005.98,22.35,4.89,199.9,252.9,normal
2025-09-09 17:00:00,34.35,50.23,1005.69,22.48,4.56,230.8,201.4,normal
2025-09-09 17:10:00,34.02,50.95,1005.75,22.41,4.11,241.8,207.2,normal
2025-09-09 17:20:00,33.98,52.26,1005.82,22.79,3.7,232.9,148.9,normal
2025-09-09 17:30:00,33.63,51.9,1005.4,22.36,3.28,208.5,120.6,normal
2025-09-09 17:40:00,32.95,53.65,1004.98,22.28,3.25,223.1,72.3,normal
2025-09-09 17:50:00,33.65,53.67,1005.19,22.93,4.16,219.8,28.4,normal
2025-09-09 18:00:00,33.34,52.56,1005.23,22.3,3.14,227.0,0.0,normal
2025-09-09 18:10:00,32.98,54.89,1005.01,22.68,3.67,218.6,0.0,normal
2025-09-09 18:20:00,32.54,55.89,1004.8,22.58,3.84,223.4,0.0,normal
2025-09-09 18:30:00,32.06,55.43,1004.52,21.99,3.33,245.7,0.0,normal
2025-09-09 18:40:00,32.18,57.02,1004.46,22.57,3.85,209.1,0.0,normal
2025-09-09 18:50:00,32.12,57.89,1004.44,22.76,4.23,216.1,0.0,normal
2025-09-09 19:00:00,31.5,57.45,1004.24,22.06,3.87,235.0,0.0,normal
2025-09-09 19:10:00,31.48,59.55,1003.93,22.63,3.82,223.8,0.0,normal
2025-09-09 19:20:00,31.19,60.96,1003.79,22.75,3.48,251.1,0.0,normal
2025-09-09 19:30:00,30.97,60.43,1003.94,22.39,3.46,199.5,0.0,normal
2025-09-09 19:40:00,30.29,61.01,1003.87,21.91,3.86,230.4,0.0,normal
2025-09-09 19:50:00,30.59,61.34,1003.6,22.28,2.97,241.0,0.0,normal
2025-09-09 20:00:00,29.75,63.76,1003.57,22.13,2.57,238.0,0.0,normal
2025-09-09 20:10:00,29.38,64.34,1003.29,21.93,2.26,217.8,0.0,normal
2025-09-09 20:20:00,29.14,65.21,1003.42,21.92,2.72,217.4,0.0,normal
2025-09-09 20:30:00,29.08,64.29,1003.24,21.64,3.06,233.4,0.0,normal
2025-09-09 20:40:00,28.89,66.16,1003.23,21.92,2.71,213.6,0.0,normal
2025-09-09 20:50:00,28.98,66.32,1003.28,22.05,1.71,236.6,0.0,normal
2025-09-09 21:00:00,28.11,66.63,1003.3,21.3,2.59,229.6,0.0,normal
2025-09-09 21:10:00,28.42,68.0,1003.01,21.93,1.5,241.2,0.0,normal
2025-09-09 21:20:00,28.32,68.19,1003.34,21.88,2.09,210.4,0.0,normal
2025-09-09 21:30:00,27.12,70.07,1003.19,21.18,2.44,226.2,0.0,normal
2025-09-09 21:40:00,27.6,68.99,1002.99,21.38,2.04,201.7,0.0,normal
2025-09-09 21:50:00,27.27,70.55,1003.31,21.43,1.43,230.4,0.0,normal
2025-09-09 22:00:00,27.18,71.83,1003.26,21.64,2.34,217.2,0.0,normal
2025-09-09 22:10:00,27.2,70.88,1003.68,21.44,2.22,241.4,0.0,normal
2025-09-09 22:20:00,26.47,72.44,1003.64,21.1,1.92,216.3,0.0,normal
2025-09-09 22:30:00,26.08,74.1,1003.52,21.09,2.15,211.7,0.0,normal
2025-09-09 22:40:00,26.53,72.19,1003.73,21.1,1.67,226.1,0.0,normal
2025-09-09 22:50:00,25.67,74.74,1004.28,20.84,1.33,200.0,0.0,normal
2025-09-09 23:00:00,25.86,75.22,1003.85,21.13,1.16,182.2,0.0,normal
2025-09-09 23:10:00,25.6,74.55,1004.44,20.73,2.44,214.2,0.0,normal
2025-09-09 23:20:00,25.08,75.98,1004.51,20.54,1.3,215.1,0.0,normal
2025-09-09 23:30:00,24.69,76.63,1004.28,20.3,0.82,212.3,0.0,normal
2025-09-09 23:40:00,24.62,77.5,1004.72,20.41,1.28,215.3,0.0,normal
2025-09-09 23:50:00,25.32,75.57,1005.01,20.68,0.86,207.5,0.0,normal
2025-09-10 00:00:00,24.89,77.67,1004.96,20.71,1.5,213.4,0.0,normal
2025-09-10 00:10:00,24.45,78.62,1005.19,20.49,1.11,177.8,0.0,normal
2025-09-10 00:20:00,23.93,78.55,1005.37,19.97,1.29,228.9,0.0,normal
2025-09-10 00:30:00,24.13,78.51,1005.49,20.15,1.71,191.3,0.0,normal
2025-09-10 00:40:00,24.45,77.88,1005.55,20.33,1.65,175.2,0.0,normal
2025-09-10 00:50:00,24.64,79.19,1005.68,20.79,0.69,181.8,0.0,normal
2025-09-10 01:00:00,24.42,80.03,1006.07,20.74,1.28,200.2,0.0,normal
2025-09-10 01:10:00,24.23,79.77,1005.99,20.5,1.36,197.9,0.0,normal
2025-09-10 01:20:00,24.28,81.14,1006.37,20.83,0.5,177.2,0.0,normal
2025-09-10 01:30:00,23.96,81.03,1006.49,20.5,0.72,227.2,0.0,normal
2025-09-10 01:40:00,23.98,79.34,1006.59,20.17,0.85,200.1,0.0,normal
2025-09-10 01:50:00,23.82,80.05,1006.45,20.16,1.27,186.7,0.0,normal
2025-09-10 02:00:00,24.48,80.07,1006.49,20.81,0.93,160.4,0.0,normal
2025-09-10 02:10:00,24.06,79.49,1006.41,20.28,0.85,166.8,0.0,normal
2025-09-10 02:20:00,24.02,80.01,1006.6,20.35,0.86,179.7,0.0,normal
2025-09-10 02:30:00,23.91,80.27,1007.03,20.29,1.82,181.1,0.0,normal
2025-09-10 02:40:00,23.53,81.22,1006.59,20.11,1.44,173.6,0.0,normal
2025-09-10 02:50:00,24.25,79.28,1006.84,20.42,0.67,177.0,0.0,normal
2025-09-10 03:00:00,24.54,80.17,1006.8,20.89,0.98,182.7,0.0,normal
2025-09-10 03:10:00,24.84,79.22,1006.85,20.99,0.5,156.4,0.0,normal
2025-09-10 03:20:00,24.57,78.57,1007.08,20.59,1.49,138.1,0.0,normal
2025-09-10 03:30:00,24.48,78.77,1006.77,20.54,1.45,186.1,0.0,normal
2025-09-10 03:40:00,24.52,79.54,1006.67,20.74,1.68,163.8,0.0,normal
2025-09-10 03:50:00,25.08,77.84,1006.71,20.93,1.42,176.8,0.0,normal
2025-09-10 04:00:00,25.03,77.66,1005.96,20.85,1.34,159.4,0.0,normal
2025-09-10 04:10:00,25.2,78.5,1006.66,21.18,1.37,188.7,0.0,normal
2025-09-10 04:20:00,25.18,77.53,1006.13,20.96,0.75,168.3,0.0,normal
2025-09-10 04:30:00,24.98,74.12,1006.32,20.04,1.48,124.6,0.0,normal
2025-09-10 04:40:00,25.63,75.94,1006.27,21.06,1.03,170.7,0.0,normal
2025-09-10 04:50:00,25.52,74.81,1006.06,20.71,1.65,149.7,0.0,normal
2025-09-10 05:00:00,25.61,76.04,1005.73,21.07,0.82,153.5,0.0,normal
2025-09-10 05:10:00,26.11,74.8,1005.74,21.28,1.4,153.1,0.0,normal
2025-09-10 05:20:00,25.54,73.65,1005.45,20.48,2.28,128.6,0.0,normal
2025-09-10 05:30:00,26.25,71.42,1005.75,20.65,0.79,153.9,0.0,normal
2025-09-10 05:40:00,26.74,72.16,1004.97,21.29,2.57,115.3,0.0,normal
2025-09-10 05:50:00,26.2,70.5,1005.3,20.4,2.42,133.8,0.0,normal
2025-09-10 06:00:00,27.25,70.1,1004.97,21.31,1.32,140.8,0.0,normal
2025-09-10 06:10:00,27.39,71.62,1004.68,21.8,2.02,139.2,0.0,normal
2025-09-10 06:20:00,27.37,70.98,1004.45,21.63,1.79,134.1,70.7,normal
2025-09-10 06:30:00,27.77,69.25,1004.58,21.6,2.39,131.1,99.2,normal
2025-09-10 06:40:00,27.41,68.39,1004.27,21.06,2.88,147.8,175.0,normal
2025-09-10 06:50:00,27.66,71.02,1004.16,21.91,1.76,144.6,165.5,normal
2025-09-10 07:00:00,28.6,65.96,1004.05,21.6,2.7,139.6,227.2,normal
2025-09-10 07:10:00,28.73,67.47,1004.1,22.09,2.74,100.6,255.2,normal
2025-09-10 07:20:00,28.55,66.69,1003.76,21.73,3.25,132.8,300.1,normal
2025-09-10 07:30:00,29.45,65.47,1003.71,22.29,2.89,137.9,319.5,normal
2025-09-10 07:40:00,29.29,63.97,1003.68,21.75,3.8,176.5,382.4,normal
2025-09-10 07:50:00,29.49,62.84,1003.64,21.64,3.7,119.3,365.9,normal
2025-09-10 08:00:00,30.21,62.34,1003.43,22.19,3.49,127.3,435.1,normal
2025-09-10 08:10:00,30.86,62.82,1003.52,22.94,3.52,131.1,451.9,normal
2025-09-10 08:20:00,30.85,62.24,1003.34,22.77,2.78,143.6,487.9,normal
2025-09-10 08:30:00,30.41,59.79,1003.18,21.69,3.76,155.0,540.9,normal
2025-09-10 08:40:00,31.37,60.15,1003.49,22.7,2.71,163.5,564.9,normal
2025-09-10 08:50:00,31.22,59.29,1003.25,22.32,2.99,140.7,573.5,normal
2025-09-10 09:00:00,31.58,58.33,1003.28,22.39,3.73,149.8,591.6,normal
2025-09-10 09:10:00,31.84,56.51,1002.82,22.11,4.25,122.4,609.4,normal
2025-09-10 09:20:00,32.41,56.02,1003.04,22.49,4.62,162.2,630.2,normal
2025-09-10 09:30:00,32.57,55.95,1003.32,22.62,3.54,163.2,674.4,normal
2025-09-10 09:40:00,32.11,55.2,1003.28,21.97,3.45,157.7,673.5,normal
2025-09-10 09:50:00,32.65,53.55,1003.14,21.97,3.44,134.1,749.3,normal
2025-09-10 10:00:00,32.92,53.5,1003.42,22.21,4.18,133.2,723.7,normal
2025-09-10 10:10:00,33.58,52.59,1003.74,22.52,4.53,159.0,748.6,normal
2025-09-10 10:20:00,33.48,52.13,1003.77,22.29,4.63,164.4,763.2,normal
2025-09-10 10:30:00,33.23,52.07,1003.9,22.04,4.43,169.6,792.9,normal
2025-09-10 10:40:00,34.09,52.13,1003.96,22.85,4.21,142.7,815.8,normal
2025-09-10 10:50:00,34.14,51.95,1003.86,22.84,5.05,147.4,820.7,normal
2025-09-10 11:00:00,34.09,50.01,1004.37,22.16,4.74,134.2,835.3,normal
2025-09-10 11:10:00,34.49,49.34,1004.22,22.31,5.35,128.5,830.0,normal
2025-09-10 11:20:00,35.37,49.24,1004.36,23.08,4.47,150.7,827.2,normal
2025-09-10 11:30:00,34.67,49.53,1004.89,22.54,5.04,164.3,849.3,normal
2025-09-10 11:40:00,35.06,50.42,1004.67,23.19,4.15,169.8,881.2,normal
2025-09-10 11:50:00,35.0,47.92,1004.75,22.29,4.21,179.3,851.4,normal
2025-09-10 12:00:00,35.19,46.36,1004.71,21.92,5.03,189.3,852.9,normal
2025-09-10 12:10:00,35.62,47.36,1005.08,22.66,5.28,176.2,862.8,normal
2025-09-10 12:20:00,35.71,45.66,1005.52,22.14,5.04,138.7,875.1,normal
2025-09-10 12:30:00,35.08,44.68,1005.56,21.22,5.74,181.1,812.9,normal
2025-09-10 12:40:00,35.31,44.98,1005.62,21.54,4.21,141.6,816.3,normal
2025-09-10 12:50:00,35.18,45.3,1005.8,21.53,4.14,170.0,837.3,normal
2025-09-10 13:00:00,35.47,44.71,1005.72,21.58,4.16,191.0,818.3,normal
2025-09-10 13:10:00,35.91,45.64,1005.87,22.32,5.23,164.8,810.0,normal
2025-09-10 13:20:00,36.23,44.24,1006.33,22.09,4.91,188.8,791.4,normal
2025-09-10 13:30:00,36.03,44.4,1006.18,21.97,5.47,195.2,758.8,normal
2025-09-10 13:40:00,36.14,46.11,1006.35,22.69,4.05,188.0,772.8,normal
2025-09-10 13:50:00,35.74,44.17,1006.54,21.63,5.16,163.9,742.0,normal
2025-09-10 14:00:00,36.3,45.45,1006.65,22.6,5.27,200.5,728.9,normal
2025-09-10 14:10:00,36.38,45.69,1006.51,22.75,5.87,195.5,703.2,normal
2025-09-10 14:20:00,35.93,43.94,1006.64,21.71,5.23,172.1,688.1,normal
2025-09-10 14:30:00,36.65,45.52,1006.78,22.94,5.09,174.5,673.3,normal
2025-09-10 14:40:00,36.12,45.24,1006.68,22.36,4.98,183.3,641.8,normal
2025-09-10 14:50:00,36.13,45.46,1006.76,22.45,5.54,193.8,654.7,normal
2025-09-10 15:00:00,35.96,45.31,1006.73,22.24,4.86,192.7,564.1,normal
2025-09-10 15:10:00,35.32,46.4,1006.89,22.06,4.08,208.2,538.3,normal
2025-09-10 15:20:00,36.43,45.7,1006.73,22.81,4.66,177.0,542.6,normal
2025-09-10 15:30:00,35.67,47.58,1006.85,22.78,3.85,182.4,514.0,normal
2025-09-10 15:40:00,35.8,47.62,1006.58,22.92,5.51,221.9,468.0,normal
2025-09-10 15:50:00,35.08,47.22,1006.58,22.13,4.42,179.2,454.5,normal
2025-09-10 16:00:00,34.86,45.32,1006.52,21.25,3.59,193.1,431.1,normal
2025-09-10 16:10:00,34.72,48.28,1006.7,22.16,4.25,212.4,390.6,normal
2025-09-10 16:20:00,35.07,48.03,1006.42,22.39,5.98,220.8,362.1,normal
2025-09-10 16:30:00,35.08,47.09,1006.29,22.08,4.22,197.0,344.5,normal
2025-09-10 16:40:00,34.5,49.41,1006.21,22.34,5.22,201.6,298.6,normal
2025-09-10 16:50:00,33.82,51.7,1005.97,22.47,3.92,227.8,254.8,normal
2025-09-10 17:00:00,34.64,51.34,1005.86,23.1,3.8,195.0,243.8,normal
2025-09-10 17:10:00,34.4,50.01,1005.65,22.45,4.52,199.1,159.5,normal
2025-09-10 17:20:00,33.73,50.89,1005.69,22.13,4.63,198.7,126.3,normal
2025-09-10 17:30:00,33.81,51.61,1005.47,22.43,4.41,211.4,94.9,normal
2025-09-10 17:40:00,33.44,52.5,1005.27,22.37,4.42,221.8,87.2,normal
2025-09-10 17:50:00,33.63,53.56,1004.97,22.88,3.88,222.2,31.9,normal
2025-09-10 18:00:00,32.79,56.02,1005.3,22.84,4.68,213.1,0.0,normal
2025-09-10 18:10:00,32.56,56.1,1004.84,22.66,4.54,218.5,0.0,normal
2025-09-10 18:20:00,32.61,53.37,1004.66,21.87,3.78,206.1,0.0,normal
2025-09-10 18:30:00,32.61,55.93,1004.28,22.65,4.6,230.6,0.0,normal
2025-09-10 18:40:00,32.82,56.32,1004.31,22.96,3.45,207.0,0.0,normal
2025-09-10 18:50:00,31.77,58.18,1004.2,22.52,4.17,211.8,0.0,normal
2025-09-10 19:00:00,31.55,57.02,1003.8,21.99,3.91,212.9,0.0,normal
2025-09-10 19:10:00,31.43,58.53,1004.09,22.3,4.58,222.4,0.0,normal
2025-09-10 19:20:00,30.74,59.08,1003.94,21.81,3.24,190.4,0.0,normal
2025-09-10 19:30:00,30.29,58.78,1003.51,21.31,3.18,207.3,0.0,normal
2025-09-10 19:40:00,30.4,59.77,1003.47,21.68,3.56,250.9,0.0,normal
2025-09-10 19:50:00,30.66,62.19,1003.61,22.58,1.77,197.9,0.0,normal
2025-09-10 20:00:00,30.54,62.28,1003.54,22.49,3.17,218.2,0.0,normal
2025-09-10 20:10:00,29.9,63.19,1003.53,22.12,3.0,217.5,0.0,normal
2025-09-10 20:20:00,29.18,63.67,1003.25,21.56,2.68,224.8,0.0,normal
2025-09-10 20:30:00,28.9,65.22,1003.32,21.7,3.18,198.9,0.0,normal
2025-09-10 20:40:00,28.8,64.89,1003.3,21.53,1.88,211.9,0.0,normal
2025-09-10 20:50:00,29.11,65.58,1003.32,21.99,2.73,218.8,0.0,normal
2025-09-10 21:00:00,28.8,68.65,1003.47,22.45,3.21,206.6,0.0,normal
2025-09-10 21:10:00,28.25,67.83,1003.25,21.72,1.42,211.5,0.0,normal
2025-09-10 21:20:00,27.25,70.12,1002.99,21.32,1.8,203.2,0.0,normal
2025-09-10 21:30:00,27.78,67.14,1003.46,21.11,2.68,220.4,0.0,normal
2025-09-10 21:40:00,27.32,71.15,1003.44,21.62,2.45,247.3,0.0,normal
2025-09-10 21:50:00,26.77,69.83,1003.42,20.79,2.42,225.8,0.0,normal
2025-09-10 22:00:00,27.29,72.03,1003.62,21.79,0.69,242.5,0.0,normal
2025-09-10 22:10:00,27.07,71.53,1003.6,21.47,2.56,245.0,0.0,normal
2025-09-10 22:20:00,26.97,72.32,1003.35,21.55,2.64,218.7,0.0,normal
2025-09-10 22:30:00,26.15,72.2,1003.64,20.74,2.25,217.3,0.0,normal
2025-09-10 22:40:00,25.98,73.95,1003.83,20.96,1.98,231.0,0.0,normal
2025-09-10 22:50:00,25.53,73.73,1004.05,20.49,1.18,224.4,0.0,normal
2025-09-10 23:00:00,26.14,75.25,1003.98,21.4,2.17,230.2,0.0,normal
2025-09-10 23:10:00,25.18,75.16,1004.15,20.46,0.94,197.6,0.0,normal
2025-09-10 23:20:00,25.36,75.53,1004.29,20.72,1.83,207.3,0.0,normal
2025-09-10 23:30:00,25.37,76.73,1004.38,20.97,1.19,186.6,0.0,normal
2025-09-10 23:40:00,25.34,76.46,1004.68,20.89,0.74,202.2,0.0,normal
2025-09-10 23:50:00,25.05,77.17,1004.69,20.76,0.5,176.5,0.0,normal
2025-09-11 00:00:00,24.75,77.61,1005.05,20.57,1.25,223.9,0.0,normal
2025-09-11 00:10:00,24.68,78.48,1005.05,20.68,1.18,228.0,0.0,normal
2025-09-11 00:20:00,24.56,78.88,1005.31,20.65,1.59,201.0,0.0,normal
2025-09-11 00:30:00,24.29,77.78,1005.61,20.15,1.2,191.0,0.0,normal
2025-09-11 00:40:00,24.48,79.26,1005.73,20.64,0.5,170.4,0.0,normal
2025-09-11 00:50:00,24.53,79.79,1005.82,20.8,1.05,194.9,0.0,normal
2025-09-11 01:00:00,24.56,79.22,1005.69,20.71,1.18,200.6,0.0,normal
2025-09-11 01:10:00,24.05,78.49,1005.72,20.07,0.5,171.8,0.0,normal
2025-09-11 01:20:00,24.32,78.98,1006.21,20.43,0.51,194.6,0.0,normal
2025-09-11 01:30:00,23.76,80.76,1006.11,20.25,1.17,189.6,0.0,normal
2025-09-11 01:40:00,24.08,78.8,1006.36,20.16,0.85,174.0,0.0,normal
2025-09-11 01:50:00,24.25,79.44,1006.81,20.46,1.37,155.7,0.0,normal
2025-09-11 02:00:00,24.06,80.04,1006.75,20.39,0.93,192.2,0.0,normal
2025-09-11 02:10:00,23.76,79.41,1006.88,19.98,1.48,198.2,0.0,normal
2025-09-11 02:20:00,24.31,80.42,1006.59,20.72,1.1,192.4,0.0,normal
2025-09-11 02:30:00,24.62,80.42,1006.69,21.02,0.71,165.4,0.0,normal
2025-09-11 02:40:00,24.15,78.0,1006.73,20.06,0.5,150.5,0.0,normal
2025-09-11 02:50:00,23.86,79.62,1006.87,20.11,1.52,157.3,0.0,normal
2025-09-11 03:00:00,24.08,80.46,1006.99,20.5,1.28,152.8,0.0,normal
2025-09-11 03:10:00,23.57,79.97,1006.83,19.9,0.8,182.7,0.0,normal
2025-09-11 03:20:00,23.9,78.73,1006.66,19.98,1.57,173.1,0.0,normal
2025-09-11 03:30:00,24.88,78.98,1006.65,20.98,1.28,174.3,0.0,normal
2025-09-11 03:40:00,24.72,77.46,1006.68,20.51,1.74,164.5,0.0,normal
2025-09-11 03:50:00,24.78,79.61,1006.44,21.0,1.89,160.0,0.0,normal
2025-09-11 04:00:00,24.32,78.09,1006.56,20.24,0.71,129.3,0.0,normal
2025-09-11 04:10:00,25.45,78.23,1006.48,21.38,0.64,177.7,0.0,normal
2025-09-11 04:20:00,25.29,76.82,1006.4,20.92,1.4,171.6,0.0,normal
2025-09-11 04:30:00,25.81,76.19,1006.41,21.29,0.77,166.8,0.0,normal
2025-09-11 04:40:00,25.78,76.8,1006.1,21.39,1.45,157.5,0.0,normal
2025-09-11 04:50:00,26.34,76.25,1006.08,21.82,1.36,182.9,0.0,normal
2025-09-11 05:00:00,25.95,75.37,1005.87,21.25,1.6,170.8,0.0,normal
2025-09-11 05:10:00,25.38,74.23,1005.82,20.45,0.82,148.5,0.0,normal
2025-09-11 05:20:00,26.54,73.56,1005.39,21.42,1.36,156.7,0.0,normal
2025-09-11 05:30:00,26.99,73.18,1005.46,21.76,2.42,171.1,0.0,normal
2025-09-11 05:40:00,26.64,71.74,1005.08,21.1,1.61,118.3,0.0,normal
2025-09-11 05:50:00,26.92,72.15,1005.17,21.47,2.46,135.9,0.0,normal
2025-09-11 06:00:00,27.07,70.79,1005.13,21.3,0.97,165.5,15.9,normal
2025-09-11 06:10:00,26.88,69.86,1004.88,20.9,1.89,133.5,48.0,normal
2025-09-11 06:20:00,28.03,70.43,1004.49,22.13,2.34,165.1,66.3,normal
2025-09-11 06:30:00,28.05,69.95,1004.66,22.04,2.88,137.1,126.4,normal
2025-09-11 06:40:00,27.74,67.24,1004.5,21.1,3.37,136.6,121.1,normal
2025-09-11 06:50:00,28.47,65.93,1004.1,21.47,2.85,136.6,191.9,normal
2025-09-11 07:00:00,28.56,68.64,1004.34,22.22,2.25,154.1,216.6,normal
2025-09-11 07:10:00,28.89,66.61,1004.24,22.03,1.76,134.6,280.6,normal
2025-09-11 07:20:00,29.22,65.6,1003.98,22.1,3.19,148.3,282.6,normal
2025-09-11 07:30:00,29.3,62.41,1003.61,21.36,3.03,137.6,292.5,normal
2025-09-11 07:40:00,29.35,64.6,1003.65,21.97,2.72,150.9,370.7,normal
2025-09-11 07:50:00,29.07,63.65,1003.66,21.46,2.8,126.9,383.9,normal
2025-09-11 08:00:00,30.02,63.01,1003.6,22.19,2.83,155.2,460.0,normal
2025-09-11 08:10:00,30.56,60.94,1003.39,22.15,3.42,129.4,451.4,normal
2025-09-11 08:20:00,30.09,60.02,1003.38,21.46,3.61,150.2,490.8,normal
2025-09-11 08:30:00,30.5,59.93,1003.44,21.82,3.29,141.3,523.6,normal
2025-09-11 08:40:00,30.71,60.49,1003.39,22.17,3.18,158.3,581.3,normal
2025-09-11 08:50:00,31.9,58.33,1003.52,22.68,4.11,105.3,556.8,normal
2025-09-11 09:00:00,31.55,57.46,1003.14,22.1,3.43,143.1,621.7,normal
2025-09-11 09:10:00,32.42,55.91,1003.05,22.47,3.85,127.3,643.0,normal
2025-09-11 09:20:00,32.14,57.19,1003.16,22.58,2.72,121.6,638.0,normal
2025-09-11 09:30:00,32.1,54.95,1003.08,21.88,4.55,122.2,650.9,normal
2025-09-11 09:40:00,32.43,53.56,1003.33,21.77,3.8,172.9,702.8,normal
2025-09-11 09:50:00,32.42,54.77,1003.35,22.13,4.08,158.1,721.8,normal
2025-09-11 10:00:00,33.29,53.69,1003.39,22.61,3.87,144.2,723.4,normal
2025-09-11 10:10:00,33.35,52.96,1003.74,22.43,4.29,151.3,754.4,normal
2025-09-11 10:20:00,33.85,51.69,1003.53,22.49,4.25,152.8,758.0,normal
2025-09-11 10:30:00,33.31,51.61,1003.68,21.97,4.06,123.9,767.8,normal
2025-09-11 10:40:00,33.98,51.38,1004.12,22.51,3.96,155.4,794.9,normal
2025-09-11 10:50:00,34.2,50.22,1003.93,22.34,4.08,166.5,834.9,normal
2025-09-11 11:00:00,33.57,50.18,1004.19,21.75,4.37,169.3,784.9,normal
2025-09-11 11:10:00,33.95,49.61,1004.35,21.91,3.94,147.3,831.9,normal
2025-09-11 11:20:00,34.43,49.59,1004.33,22.34,4.33,144.2,842.0,normal
2025-09-11 11:30:00,35.05,49.79,1004.76,22.98,4.73,162.1,847.4,normal
2025-09-11 11:40:00,35.1,48.88,1004.75,22.71,3.8,184.0,871.7,normal
2025-09-11 11:50:00,34.91,47.08,1004.84,21.92,4.74,171.3,849.7,normal
2025-09-11 12:00:00,35.15,46.71,1004.72,22.01,5.21,174.2,853.5,normal
2025-09-11 12:10:00,35.41,45.61,1005.07,21.86,4.35,188.6,864.4,normal
2025-09-11 12:20:00,35.15,45.55,1005.37,21.6,4.43,192.6,825.5,normal
2025-09-11 12:30:00,35.81,46.41,1005.52,22.5,5.04,145.1,834.8,normal
2025-09-11 12:40:00,36.22,46.99,1005.59,23.08,4.8,189.2,862.7,normal
2025-09-11 12:50:00,35.48,46.12,1005.89,22.1,4.51,157.5,817.3,normal
2025-09-11 13:00:00,35.11,45.03,1005.91,21.37,4.77,157.3,833.1,normal
2025-09-11 13:10:00,35.75,44.93,1005.98,21.91,4.81,168.3,797.7,normal
2025-09-11 13:20:00,35.74,43.29,1006.14,21.3,5.03,180.8,811.4,normal
2025-09-11 13:30:00,35.96,44.43,1006.49,21.92,5.13,189.4,807.0,normal
2025-09-11 13:40:00,36.02,45.37,1006.42,22.32,5.1,170.3,758.4,normal
2025-09-11 13:50:00,36.06,44.33,1006.45,21.98,5.05,187.9,778.9,normal
2025-09-11 14:00:00,35.94,44.16,1006.65,21.8,4.66,201.3,717.0,normal
2025-09-11 14:10:00,36.88,44.94,1006.42,22.93,5.29,187.4,723.5,normal
2025-09-11 14:20:00,36.15,44.56,1006.79,22.14,5.41,208.3,656.6,normal
2025-09-11 14:30:00,35.72,45.81,1006.75,22.2,4.87,163.0,637.0,normal
2025-09-11 14:40:00,35.85,46.17,1006.89,22.45,5.61,172.3,646.2,normal
2025-09-11 14:50:00,35.54,46.4,1006.7,22.25,5.85,186.3,605.0,normal
2025-09-11 15:00:00,36.2,46.95,1006.68,23.05,5.3,206.0,603.2,normal
2025-09-11 15:10:00,35.36,44.73,1006.96,21.49,4.71,189.0,578.0,normal
2025-09-11 15:20:00,35.0,46.72,1006.82,21.88,5.72,209.2,534.2,normal
2025-09-11 15:30:00,35.19,45.49,1006.87,21.61,5.26,183.1,495.4,normal
2025-09-11 15:40:00,35.57,47.58,1006.62,22.69,4.57,193.2,491.5,normal
2025-09-11 15:50:00,35.22,46.9,1006.73,22.14,5.25,193.7,461.1,normal
2025-09-11 16:00:00,35.07,47.42,1006.37,22.19,3.34,203.5,411.2,normal
2025-09-11 16:10:00,35.62,49.23,1006.44,23.3,4.48,235.6,392.8,normal
2025-09-11 16:20:00,34.89,47.32,1006.48,21.98,4.74,209.4,371.0,normal
2025-09-11 16:30:00,34.49,48.53,1005.84,22.04,3.84,224.0,290.6,normal
2025-09-11 16:40:00,34.85,48.53,1006.27,22.37,5.47,213.8,302.3,normal
2025-09-11 16:50:00,34.16,50.83,1005.96,22.5,4.39,220.6,266.3,normal
2025-09-11 17:00:00,34.28,48.8,1005.85,21.94,4.98,204.7,206.5,normal
2025-09-11 17:10:00,33.7,50.15,1006.0,21.86,4.14,221.7,202.2,normal
2025-09-11 17:20:00,33.32,50.74,1005.52,21.7,4.11,230.7,170.5,normal
2025-09-11 17:30:00,33.71,52.61,1005.46,22.66,3.91,200.2,110.5,normal
2025-09-11 17:40:00,33.14,51.64,1005.19,21.82,3.77,197.0,75.7,normal
2025-09-11 17:50:00,32.6,53.85,1005.28,22.02,4.82,225.6,35.4,normal
2025-09-11 18:00:00,33.03,53.24,1004.91,22.22,4.67,233.3,11.7,normal
2025-09-11 18:10:00,33.3,53.9,1004.82,22.68,4.25,225.3,0.0,normal
2025-09-11 18:20:00,32.53,54.45,1004.47,22.13,3.69,211.9,0.0,normal
2025-09-11 18:30:00,32.27,55.97,1004.66,22.34,4.9,222.7,0.0,normal
2025-09-11 18:40:00,32.14,57.03,1004.59,22.53,4.05,224.5,0.0,normal
2025-09-11 18:50:00,31.76,57.2,1004.27,22.23,4.32,236.3,0.0,normal
2025-09-11 19:00:00,32.0,58.5,1004.01,22.83,2.66,220.1,0.0,normal
2025-09-11 19:10:00,31.58,59.5,1003.98,22.71,2.74,229.9,0.0,normal
2025-09-11 19:20:00,30.83,59.59,1003.73,22.03,2.58,217.5,0.0,normal
2025-09-11 19:30:00,30.72,59.29,1003.76,21.85,3.14,223.3,0.0,normal
2025-09-11 19:40:00,30.51,60.74,1003.54,22.05,3.33,212.4,0.0,normal
2025-09-11 19:50:00,30.47,60.11,1003.57,21.84,2.52,226.0,0.0,normal
2025-09-11 20:00:00,30.38,61.7,1003.18,22.18,2.96,218.4,0.0,normal
2025-09-11 20:10:00,29.47,62.86,1003.31,21.63,1.78,205.2,0.0,normal
2025-09-11 20:20:00,29.52,62.83,1003.52,21.67,3.71,228.8,0.0,normal
2025-09-11 20:30:00,29.15,63.67,1003.31,21.55,3.2,228.5,0.0,normal
2025-09-11 20:40:00,28.79,66.03,1003.26,21.8,2.26,241.1,0.0,normal
2025-09-11 20:50:00,28.85,65.39,1003.36,21.69,2.53,206.2,0.0,normal
2025-09-11 21:00:00,28.91,65.85,1003.09,21.86,2.03,233.0,0.0,normal
2025-09-11 21:10:00,28.44,67.32,1003.22,21.78,1.96,196.4,0.0,normal
2025-09-11 21:20:00,27.6,68.49,1003.37,21.27,1.93,226.5,0.0,normal
2025-09-11 21:30:00,27.65,68.23,1003.31,21.25,1.67,232.6,0.0,normal
2025-09-11 21:40:00,27.93,69.67,1003.2,21.86,2.37,202.4,0.0,normal
2025-09-11 21:50:00,26.52,72.09,1003.45,21.07,1.79,194.7,0.0,normal
2025-09-11 22:00:00,27.17,71.74,1003.54,21.61,1.57,219.2,0.0,normal
2025-09-11 22:10:00,27.06,71.13,1003.65,21.37,2.05,205.1,0.0,normal
2025-09-11 22:20:00,26.62,71.58,1003.77,21.05,1.74,217.8,0.0,normal
2025-09-11 22:30:00,26.52,74.76,1003.8,21.66,2.18,223.4,0.0,normal
2025-09-11 22:40:00,26.35,73.36,1004.04,21.19,0.5,213.2,0.0,normal
2025-09-11 22:50:00,26.26,74.69,1004.22,21.4,1.32,201.4,0.0,normal
2025-09-11 23:00:00,25.75,75.29,1003.95,21.04,0.96,220.8,0.0,normal
2025-09-11 23:10:00,25.38,76.32,1003.96,20.9,2.09,224.3,0.0,normal
2025-09-11 23:20:00,25.55,74.86,1004.36,20.75,1.05,203.1,0.0,normal
2025-09-11 23:30:00,25.0,76.57,1004.37,20.59,0.93,203.3,0.0,normal
2025-09-11 23:40:00,24.46,76.8,1004.54,20.11,0.92,191.9,0.0,normal
2025-09-11 23:50:00,24.7,77.01,1004.79,20.39,1.14,188.6,0.0,normal
2025-09-12 00:00:00,25.2,78.44,1004.93,21.17,1.49,173.8,0.0,normal
2025-09-12 00:10:00,24.6,77.97,1004.97,20.49,0.5,196.1,0.0,normal
2025-09-12 00:20:00,24.64,79.19,1005.08,20.79,1.02,178.5,0.0,normal
2025-09-12 00:30:00,24.63,77.19,1005.5,20.36,1.82,183.5,0.0,normal
2025-09-12 00:40:00,24.84,77.77,1005.57,20.69,0.82,190.6,0.0,normal
2025-09-12 00:50:00,24.49,79.51,1005.71,20.71,0.71,180.9,0.0,normal
2025-09-12 01:00:00,24.08,80.11,1005.93,20.43,1.34,199.2,0.0,normal
2025-09-12 01:10:00,24.32,78.9,1006.13,20.42,1.8,191.7,0.0,normal
2025-09-12 01:20:00,24.31,79.57,1006.16,20.54,1.16,200.0,0.0,normal
2025-09-12 01:30:00,24.06,80.08,1006.4,20.4,0.5,173.5,0.0,normal
2025-09-12 01:40:00,23.5,80.69,1006.45,19.98,1.04,203.9,0.0,normal
2025-09-12 01:50:00,24.32,80.91,1006.35,20.83,0.91,176.8,0.0,normal
2025-09-12 02:00:00,23.85,80.18,1006.59,20.22,0.53,164.2,0.0,normal
2025-09-12 02:10:00,24.15,80.93,1006.78,20.66,1.02,178.1,0.0,normal
2025-09-12 02:20:00,24.03,80.97,1006.36,20.56,0.75,184.9,0.0,normal
2025-09-12 02:30:00,24.26,79.84,1006.74,20.55,0.54,159.3,0.0,normal
2025-09-12 02:40:00,24.84,80.91,1006.83,21.34,1.05,180.6,0.0,normal
2025-09-12 02:50:00,23.99,80.49,1006.91,20.42,1.24,160.0,0.0,normal
2025-09-12 03:00:00,24.42,80.28,1006.68,20.8,1.62,156.9,0.0,normal
2025-09-12 03:10:00,24.2,79.16,1006.65,20.36,1.23,177.2,0.0,normal
2025-09-12 03:20:00,24.52,79.8,1006.56,20.8,0.98,167.3,0.0,normal
2025-09-12 03:30:00,24.37,78.05,1006.86,20.28,1.13,193.2,0.0,normal
2025-09-12 03:40:00,24.12,77.77,1006.58,19.99,1.37,156.2,0.0,normal
2025-09-12 03:50:00,24.51,77.58,1006.5,20.33,1.69,158.8,0.0,normal
2025-09-12 04:00:00,24.9,77.88,1006.39,20.76,1.46,155.9,0.0,normal
2025-09-12 04:10:00,24.63,78.21,1006.36,20.57,1.47,163.1,0.0,normal
2025-09-12 04:20:00,24.9,76.42,1006.64,20.46,2.28,160.8,0.0,normal
2025-09-12 04:30:00,25.22,75.11,1006.28,20.49,1.67,175.6,0.0,normal
2025-09-12 04:40:00,25.02,75.5,1006.04,20.37,2.22,180.1,0.0,normal
2025-09-12 04:50:00,25.35,74.71,1005.86,20.52,2.1,160.1,0.0,normal
2025-09-12 05:00:00,25.65,76.0,1005.76,21.1,1.67,158.7,0.0,normal
2025-09-12 05:10:00,26.04,73.99,1005.81,21.03,2.38,160.6,0.0,normal
2025-09-12 05:20:00,26.19,72.88,1005.36,20.93,1.38,138.4,0.0,normal
2025-09-12 05:30:00,26.06,72.2,1005.51,20.65,1.28,165.1,0.0,normal
2025-09-12 05:40:00,26.45,72.97,1005.27,21.2,1.76,153.9,0.0,normal
2025-09-12 05:50:00,26.76,71.97,1005.37,21.27,1.99,145.4,0.0,normal
2025-09-12 06:00:00,27.51,70.87,1004.99,21.74,1.55,156.5,0.0,normal
2025-09-12 06:10:00,27.02,70.49,1004.85,21.18,1.96,138.7,43.9,normal
2025-09-12 06:20:00,27.44,68.85,1004.72,21.2,2.36,130.4,71.2,normal
2025-09-12 06:30:00,27.72,68.11,1004.27,21.29,2.0,158.9,124.0,normal
2025-09-12 06:40:00,28.3,68.28,1004.39,21.89,1.56,119.2,158.3,normal
2025-09-12 06:50:00,28.64,66.98,1004.37,21.89,2.38,145.4,205.5,normal
2025-09-12 07:00:00,28.81,64.87,1003.87,21.53,1.62,155.8,225.5,normal
2025-09-12 07:10:00,28.85,66.51,1003.68,21.98,2.76,121.4,282.1,normal
2025-09-12 07:20:00,28.36,65.54,1003.88,21.26,2.63,136.2,277.7,normal
2025-09-12 07:30:00,29.55,65.32,1003.87,22.34,1.88,133.1,326.1,normal
2025-09-12 07:40:00,29.92,64.57,1003.64,22.5,2.34,129.9,336.5,normal
2025-09-12 07:50:00,29.66,62.4,1003.31,21.7,2.06,126.6,395.6,normal
2025-09-12 08:00:00,30.47,62.87,1003.76,22.58,3.4,117.8,405.2,normal
2025-09-12 08:10:00,30.16,62.28,1003.22,22.13,3.7,135.1,423.3,normal
2025-09-12 08:20:00,30.77,61.27,1003.07,22.44,3.67,148.1,492.4,normal
2025-09-12 08:30:00,30.91,61.83,1003.29,22.72,4.08,110.8,501.2,normal
2025-09-12 08:40:00,30.95,58.81,1003.22,21.93,2.7,137.0,558.5,normal
2025-09-12 08:50:00,31.52,58.97,1003.48,22.51,3.68,144.2,569.2,normal
2025-09-12 09:00:00,31.61,58.1,1003.13,22.34,3.47,119.7,596.5,normal
2025-09-12 09:10:00,31.77,57.07,1003.15,22.2,3.5,152.5,605.5,normal
2025-09-12 09:20:00,32.24,55.56,1003.04,22.2,3.46,127.6,688.4,normal
2025-09-12 09:30:00,32.58,55.38,1003.57,22.46,1.34,172.0,672.2,normal
2025-09-12 09:40:00,32.34,54.16,1003.18,21.87,3.27,153.3,694.9,normal
2025-09-12 09:50:00,32.67,53.97,1003.1,22.11,3.42,132.8,690.7,normal
2025-09-12 10:00:00,33.3,54.07,1003.54,22.72,3.78,148.9,729.4,normal
2025-09-12 10:10:00,32.93,51.96,1003.44,21.73,4.16,143.5,765.3,normal
2025-09-12 10:20:00,33.68,52.97,1003.46,22.74,4.8,148.9,725.8,normal
2025-09-12 10:30:00,33.54,51.47,1003.55,22.14,3.82,162.5,775.3,normal
2025-09-12 10:40:00,33.94,50.78,1003.64,22.28,3.99,143.4,836.1,normal
2025-09-12 10:50:00,33.72,50.61,1003.69,22.03,3.92,148.0,786.9,normal
2025-09-12 11:00:00,33.84,48.82,1004.04,21.55,5.12,124.3,823.2,normal
2025-09-12 11:10:00,34.64,49.16,1004.2,22.39,4.29,142.7,851.0,normal
2025-09-12 11:20:00,34.33,50.3,1004.52,22.48,5.31,158.3,849.1,normal
2025-09-12 11:30:00,34.96,48.77,1004.61,22.55,4.32,161.8,854.8,normal
2025-09-12 11:40:00,34.45,48.38,1004.56,21.95,5.02,147.7,863.3,normal
2025-09-12 11:50:00,35.1,47.66,1004.65,22.3,4.72,138.8,862.8,normal
2025-09-12 12:00:00,35.36,48.11,1004.87,22.69,4.5,158.9,829.4,normal
2025-09-12 12:10:00,35.16,47.73,1005.09,22.37,4.44,158.2,839.5,normal
2025-09-12 12:20:00,35.99,46.49,1005.26,22.7,5.31,168.4,882.4,normal
2025-09-12 12:30:00,35.39,46.29,1005.43,22.08,4.7,165.3,813.4,normal
2025-09-12 12:40:00,35.51,45.58,1005.67,21.94,3.57,166.7,845.6,normal
2025-09-12 12:50:00,36.04,45.3,1005.54,22.31,5.28,177.6,834.1,normal
2025-09-12 13:00:00,35.89,45.68,1006.01,22.32,5.19,168.3,850.6,normal
2025-09-12 13:10:00,35.82,45.13,1005.97,22.05,5.07,154.8,842.1,normal
2025-09-12 13:20:00,35.66,45.85,1006.17,22.17,5.33,198.4,794.0,normal
2025-09-12 13:30:00,36.37,45.56,1006.15,22.7,5.08,172.0,785.5,normal
2025-09-12 13:40:00,35.73,44.18,1006.44,21.62,4.18,177.0,741.0,normal
2025-09-12 13:50:00,35.8,45.8,1006.33,22.27,5.05,188.3,776.4,normal
2025-09-12 14:00:00,36.46,44.43,1006.68,22.36,5.32,189.7,738.3,normal
2025-09-12 14:10:00,36.2,43.79,1006.66,21.9,5.63,184.7,697.1,normal
2025-09-12 14:20:00,36.7,43.3,1006.6,22.16,5.46,190.6,729.4,normal
2025-09-12 14:30:00,35.98,43.76,1006.85,21.69,4.28,189.3,639.8,normal
2025-09-12 14:40:00,35.35,44.67,1006.9,21.46,4.28,173.4,697.5,normal
2025-09-12 14:50:00,35.42,45.31,1007.02,21.75,5.18,189.0,634.0,normal
2025-09-12 15:00:00,35.62,45.7,1006.79,22.08,4.85,184.4,607.9,normal
2025-09-12 15:10:00,35.58,44.25,1006.64,21.51,5.31,201.9,591.7,normal
2025-09-12 15:20:00,35.54,46.31,1006.71,22.23,4.77,200.3,557.9,normal
2025-09-12 15:30:00,35.95,45.86,1006.39,22.43,4.83,191.0,515.0,normal
2025-09-12 15:40:00,35.49,46.14,1006.54,22.12,5.27,186.8,471.1,normal
2025-09-12 15:50:00,34.98,47.53,1006.67,22.14,5.59,173.3,459.4,normal
2025-09-12 16:00:00,35.37,47.13,1006.55,22.36,4.99,179.7,377.4,normal
2025-09-12 16:10:00,35.47,48.51,1006.4,22.93,4.13,164.9,399.8,normal
2025-09-12 16:20:00,34.57,48.83,1006.54,22.22,4.61,209.3,350.2,normal
2025-09-12 16:30:00,34.9,48.2,1006.49,22.29,5.09,213.4,296.8,normal
2025-09-12 16:40:00,34.93,50.48,1006.22,23.09,4.18,177.4,324.5,normal
2025-09-12 16:50:00,34.25,48.56,1005.91,21.83,5.2,214.1,258.0,normal
2025-09-12 17:00:00,34.36,49.04,1006.04,22.09,4.1,214.5,242.3,normal
2025-09-12 17:10:00,33.71,49.81,1005.83,21.75,3.99,193.9,174.6,normal
2025-09-12 17:20:00,33.65,50.57,1005.51,21.94,4.72,205.3,141.6,normal
2025-09-12 17:30:00,33.44,52.55,1005.78,22.39,4.13,209.2,106.2,normal
2025-09-12 17:40:00,33.37,53.67,1005.28,22.67,4.27,206.9,65.8,normal
2025-09-12 17:50:00,32.51,51.94,1004.92,21.34,4.13,199.6,33.6,normal
2025-09-12 18:00:00,32.74,53.13,1004.9,21.92,4.49,207.3,8.6,normal
2025-09-12 18:10:00,32.91,55.08,1004.9,22.68,3.71,198.7,0.0,normal
2025-09-12 18:20:00,32.37,56.48,1004.58,22.59,4.22,219.9,0.0,normal
2025-09-12 18:30:00,32.75,54.85,1004.52,22.46,3.09,212.5,0.0,normal
2025-09-12 18:40:00,31.89,56.19,1004.27,22.05,3.98,208.9,0.0,normal
2025-09-12 18:50:00,31.92,56.93,1004.41,22.3,3.48,231.3,0.0,normal
2025-09-12 19:00:00,31.57,58.86,1004.25,22.52,3.08,210.3,0.0,normal
2025-09-12 19:10:00,31.95,58.07,1003.98,22.65,2.53,178.6,0.0,normal
2025-09-12 19:20:00,31.2,59.5,1003.81,22.36,3.7,201.1,0.0,normal
2025-09-12 19:30:00,30.69,60.97,1003.89,22.28,2.42,223.8,0.0,normal
2025-09-12 19:40:00,30.91,61.57,1003.68,22.65,2.75,216.3,0.0,normal
2025-09-12 19:50:00,29.44,61.13,1003.69,21.15,2.58,221.3,0.0,normal
2025-09-12 20:00:00,30.48,62.01,1003.27,22.36,2.86,221.3,0.0,normal
2025-09-12 20:10:00,29.73,63.37,1003.28,22.01,2.64,214.0,0.0,normal
2025-09-12 20:20:00,29.43,63.62,1003.02,21.8,2.18,225.9,0.0,normal
2025-09-12 20:30:00,28.91,65.27,1003.31,21.73,2.19,243.1,0.0,normal
2025-09-12 20:40:00,28.87,66.03,1003.16,21.87,2.7,216.6,0.0,normal
2025-09-12 20:50:00,28.16,64.17,1003.35,20.74,2.84,226.3,0.0,normal
2025-09-12 21:00:00,28.31,65.68,1003.11,21.26,2.66,223.3,0.0,normal
2025-09-12 21:10:00,28.29,67.36,1003.24,21.65,3.08,236.6,0.0,normal
2025-09-12 21:20:00,27.7,69.28,1003.24,21.55,2.47,207.6,0.0,normal
2025-09-12 21:30:00,27.87,68.17,1003.51,21.45,2.24,219.3,0.0,normal
2025-09-12 21:40:00,27.58,69.3,1003.67,21.44,0.58,227.2,0.0,normal
2025-09-12 21:50:00,27.44,70.59,1003.13,21.61,2.31,210.6,0.0,normal
2025-09-12 22:00:00,27.26,70.93,1003.39,21.51,2.39,209.7,0.0,normal
2025-09-12 22:10:00,26.45,71.96,1003.67,20.97,1.92,198.1,0.0,normal
2025-09-12 22:20:00,26.81,71.99,1003.81,21.33,1.22,171.8,0.0,normal
2025-09-12 22:30:00,26.2,72.07,1003.75,20.76,2.45,220.2,0.0,normal
2025-09-12 22:40:00,25.94,74.45,1003.59,21.03,1.63,232.5,0.0,normal
2025-09-12 22:50:00,26.04,74.92,1004.18,21.24,1.75,186.5,0.0,normal
2025-09-12 23:00:00,25.81,75.11,1004.24,21.06,1.66,206.3,0.0,normal
2025-09-12 23:10:00,25.55,76.63,1004.27,21.13,1.7,228.5,0.0,normal
2025-09-12 23:20:00,25.45,75.92,1004.31,20.88,2.28,192.2,0.0,normal
2025-09-12 23:30:00,25.06,76.55,1004.57,20.64,1.71,212.1,0.0,normal
2025-09-12 23:40:00,25.22,77.83,1004.75,21.07,2.24,202.4,0.0,normal
2025-09-12 23:50:00,24.54,78.47,1004.68,20.54,0.5,204.3,0.0,normal
2025-09-13 00:00:00,24.45,77.43,1005.36,20.24,0.89,227.8,0.0,normal
2025-09-13 00:10:00,24.85,78.49,1004.87,20.84,1.57,201.0,0.0,normal
2025-09-13 00:20:00,24.28,78.89,1005.21,20.37,1.13,205.3,0.0,normal
2025-09-13 00:30:00,23.95,79.12,1005.31,20.1,1.02,206.2,0.0,normal
2025-09-13 00:40:00,24.38,79.25,1005.71,20.54,0.89,192.2,0.0,normal
2025-09-13 00:50:00,24.12,78.68,1005.57,20.18,0.79,188.9,0.0,normal
2025-09-13 01:00:00,24.24,80.16,1005.76,20.59,1.57,196.4,0.0,normal
2025-09-13 01:10:00,24.31,78.85,1005.82,20.39,1.85,191.2,0.0,normal
2025-09-13 01:20:00,23.74,78.78,1006.06,19.83,1.15,195.7,0.0,normal
2025-09-13 01:30:00,23.9,80.46,1006.4,20.32,1.63,184.0,0.0,normal
2025-09-13 01:40:00,24.07,79.85,1006.16,20.36,1.04,211.2,0.0,normal
2025-09-13 01:50:00,23.99,78.69,1006.38,20.05,1.07,197.4,0.0,normal
2025-09-13 02:00:00,23.92,80.27,1006.52,20.31,1.38,140.9,0.0,normal
2025-09-13 02:10:00,23.64,81.22,1006.69,20.23,0.96,166.3,0.0,normal
2025-09-13 02:20:00,23.72,80.14,1006.74,20.09,0.72,196.6,0.0,normal
2025-09-13 02:30:00,23.69,79.5,1006.68,19.93,0.5,193.1,0.0,normal
2025-09-13 02:40:00,24.12,79.99,1006.79,20.44,0.53,169.0,0.0,normal
2025-09-13 02:50:00,24.36,79.8,1006.92,20.64,0.5,140.7,0.0,normal
2025-09-13 03:00:00,24.1,80.09,1006.94,20.45,0.71,188.5,0.0,normal
2025-09-13 03:10:00,24.84,77.9,1006.74,20.71,1.89,197.7,0.0,normal
2025-09-13 03:20:00,24.41,80.52,1006.75,20.84,0.5,141.0,0.0,normal
2025-09-13 03:30:00,24.4,78.09,1006.46,20.33,1.69,139.2,0.0,normal
2025-09-13 03:40:00,24.5,78.5,1006.64,20.51,1.36,157.3,0.0,normal
2025-09-13 03:50:00,24.45,76.41,1006.56,20.02,0.5,172.7,0.0,normal
2025-09-13 04:00:00,24.58,77.92,1006.49,20.46,1.06,176.9,0.0,normal
2025-09-13 04:10:00,24.74,76.5,1006.26,20.32,0.5,150.9,0.0,normal
2025-09-13 04:20:00,24.81,76.12,1006.17,20.31,1.8,159.4,0.0,normal
2025-09-13 04:30:00,25.48,76.82,1006.38,21.11,1.24,137.7,0.0,normal
2025-09-13 04:40:00,25.65,76.48,1006.1,21.19,1.6,164.6,0.0,normal
2025-09-13 04:50:00,25.53,76.62,1005.88,21.11,1.23,145.7,0.0,normal
2025-09-13 05:00:00,25.47,74.94,1006.28,20.69,1.55,128.1,0.0,normal
2025-09-13 05:10:00,26.23,74.68,1005.71,21.37,1.31,139.1,0.0,normal
2025-09-13 05:20:00,25.58,73.96,1005.65,20.58,1.87,185.0,0.0,normal
2025-09-13 05:30:00,26.55,74.66,1005.59,21.67,2.08,136.5,0.0,normal
2025-09-13 05:40:00,26.68,72.95,1005.52,21.42,1.26,146.0,0.0,normal
2025-09-13 05:50:00,26.48,72.67,1005.2,21.16,2.25,153.0,0.0,normal
2025-09-13 06:00:00,27.05,70.83,1005.2,21.29,1.3,135.5,0.0,normal
2025-09-13 06:10:00,26.54,71.66,1004.74,20.99,2.05,164.8,33.0,normal
2025-09-13 06:20:00,27.9,69.85,1004.37,21.87,2.11,161.0,82.0,normal
2025-09-13 06:30:00,28.07,69.94,1004.36,22.06,2.33,152.2,143.8,normal
2025-09-13 06:40:00,28.21,68.62,1004.35,21.88,2.49,154.9,142.6,normal
2025-09-13 06:50:00,28.62,67.34,1004.35,21.96,2.47,133.8,184.6,normal
2025-09-13 07:00:00,27.94,66.43,1004.01,21.09,1.76,147.1,221.7,normal
2025-09-13 07:10:00,28.71,66.27,1003.78,21.79,2.26,94.6,214.2,normal
2025-09-13 07:20:00,28.52,65.21,1003.99,21.34,2.84,137.2,254.5,normal
2025-09-13 07:30:00,29.55,64.27,1003.87,22.07,2.98,135.3,306.1,normal
2025-09-13 07:40:00,29.73,63.95,1003.71,22.16,2.19,120.3,326.9,normal
2025-09-13 07:50:00,30.34,62.61,1003.61,22.39,3.01,137.4,373.4,normal
2025-09-13 08:00:00,29.91,60.17,1003.47,21.33,2.95,121.9,406.9,normal
2025-09-13 08:10:00,29.74,62.38,1003.64,21.76,2.98,130.0,452.2,normal
2025-09-13 08:20:00,30.4,61.04,1003.39,22.03,3.75,130.9,512.9,normal
2025-09-13 08:30:00,30.86,60.35,1003.1,22.27,3.24,148.4,507.8,normal
2025-09-13 08:40:00,30.86,58.53,1003.54,21.77,2.89,155.3,550.4,normal
2025-09-13 08:50:00,31.4,58.5,1003.23,22.26,3.38,121.9,582.2,normal
2025-09-13 09:00:00,31.64,58.05,1003.35,22.36,3.66,145.6,606.3,normal
2025-09-13 09:10:00,31.63,57.08,1003.23,22.08,2.81,138.8,573.1,normal
2025-09-13 09:20:00,31.96,56.04,1003.23,22.08,3.4,141.9,673.8,normal
2025-09-13 09:30:00,32.11,55.72,1003.41,22.12,3.64,145.1,688.3,normal
2025-09-13 09:40:00,32.32,54.98,1003.37,22.1,3.75,142.3,724.7,normal
2025-09-13 09:50:00,32.77,53.65,1003.21,22.11,3.56,126.6,724.4,normal
2025-09-13 10:00:00,32.94,54.65,1003.28,22.58,3.87,133.0,714.2,normal
2025-09-13 10:10:00,32.6,51.78,1003.67,21.37,4.25,154.5,762.2,normal
2025-09-13 10:20:00,33.93,51.91,1003.6,22.63,4.69,132.9,735.3,normal
2025-09-13 10:30:00,33.87,51.75,1003.22,22.53,4.28,158.3,802.0,normal
2025-09-13 10:40:00,34.11,51.75,1003.95,22.75,4.39,148.4,779.4,normal
2025-09-13 10:50:00,33.82,49.6,1004.31,21.79,4.84,155.9,781.8,normal
2025-09-13 11:00:00,34.7,48.69,1004.25,22.29,4.46,127.8,808.0,normal
2025-09-13 11:10:00,34.16,50.38,1004.41,22.35,4.94,162.7,812.3,normal
2025-09-13 11:20:00,34.73,50.62,1004.16,22.95,4.69,155.2,837.6,normal
2025-09-13 11:30:00,34.7,49.31,1004.8,22.49,4.52,163.1,841.7,normal
2025-09-13 11:40:00,35.08,46.51,1004.49,21.88,4.37,174.1,832.5,normal
2025-09-13 11:50:00,34.67,47.56,1004.83,21.87,4.89,143.8,827.8,normal
2025-09-13 12:00:00,35.09,46.7,1004.95,21.96,4.22,172.6,847.9,normal
2025-09-13 12:10:00,34.99,46.71,1005.14,21.87,5.41,130.8,845.5,normal
2025-09-13 12:20:00,35.52,46.99,1005.12,22.45,5.66,139.0,855.7,normal
2025-09-13 12:30:00,35.6,45.5,1005.73,21.98,4.67,157.5,835.6,normal
2025-09-13 12:40:00,35.67,46.52,1005.58,22.41,5.0,168.5,842.6,normal
2025-09-13 12:50:00,36.19,46.08,1005.55,22.73,4.67,164.8,816.9,normal
2025-09-13 13:00:00,35.32,44.61,1006.05,21.41,5.22,195.6,823.9,normal
2025-09-13 13:10:00,35.6,46.26,1005.93,22.25,4.68,170.9,828.1,normal
2025-09-13 13:20:00,35.59,45.02,1006.33,21.8,5.53,182.8,804.2,normal
2025-09-13 13:30:00,36.47,45.59,1006.42,22.8,3.72,175.5,776.7,normal
2025-09-13 13:40:00,35.8,44.83,1006.27,21.92,4.8,187.3,805.4,normal
2025-09-13 13:50:00,35.66,45.17,1006.49,21.92,4.13,193.0,718.0,normal
2025-09-13 14:00:00,35.88,45.27,1006.41,22.15,5.3,172.4,748.2,normal
2025-09-13 14:10:00,35.87,45.44,1006.61,22.21,4.59,179.3,737.7,normal
2025-09-13 14:20:00,35.8,44.72,1006.66,21.88,4.77,201.9,716.9,normal
2025-09-13 14:30:00,35.62,45.08,1006.91,21.85,5.24,170.8,677.0,normal
2025-09-13 14:40:00,36.14,44.17,1006.63,21.98,4.7,203.0,639.7,normal
2025-09-13 14:50:00,35.75,46.06,1006.56,22.32,5.16,170.1,653.5,normal
2025-09-13 15:00:00,35.93,45.67,1006.92,22.35,5.61,185.9,586.7,normal
2025-09-13 15:10:00,35.53,46.65,1006.73,22.33,4.4,188.7,579.8,normal
2025-09-13 15:20:00,35.27,46.31,1006.6,21.98,5.1,172.7,519.9,normal
2025-09-13 15:30:00,35.38,47.42,1006.38,22.46,4.6,175.8,497.0,normal
2025-09-13 15:40:00,35.63,47.74,1006.72,22.8,3.92,176.1,508.2,normal
2025-09-13 15:50:00,35.03,47.67,1006.74,22.24,4.13,194.3,465.5,normal
2025-09-13 16:00:00,35.56,47.56,1006.57,22.68,3.64,187.7,408.3,normal
2025-09-13 16:10:00,34.84,46.87,1006.39,21.78,5.08,184.7,387.8,normal
2025-09-13 16:20:00,35.38,49.71,1006.54,23.24,3.86,199.2,336.8,normal
2025-09-13 16:30:00,34.8,48.05,1006.31,22.16,5.03,203.6,312.0,normal
2025-09-13 16:40:00,34.51,49.11,1006.2,22.26,4.61,210.5,233.1,normal
2025-09-13 16:50:00,34.67,50.05,1005.91,22.71,4.49,189.3,238.5,normal
2025-09-13 17:00:00,34.56,50.82,1006.07,22.86,5.34,190.9,264.7,normal
2025-09-13 17:10:00,33.71,52.25,1005.79,22.54,3.78,190.5,188.6,normal
2025-09-13 17:20:00,34.15,51.81,1005.54,22.81,4.05,232.0,168.1,normal
2025-09-13 17:30:00,34.25,51.74,1005.66,22.87,4.22,240.6,128.1,normal
2025-09-13 17:40:00,33.99,52.94,1005.39,23.02,4.01,211.9,56.7,normal
2025-09-13 17:50:00,33.05,52.48,1004.78,22.01,4.01,198.8,24.4,normal
2025-09-13 18:00:00,32.87,54.76,1004.98,22.54,4.14,228.2,27.8,normal
2025-09-13 18:10:00,32.79,53.55,1004.57,22.09,3.72,232.6,0.0,normal
2025-09-13 18:20:00,32.46,54.43,1004.89,22.07,2.98,221.8,0.0,normal
2025-09-13 18:30:00,31.86,55.01,1004.71,21.68,2.28,233.2,0.0,normal
2025-09-13 18:40:00,32.3,56.81,1004.53,22.62,3.44,221.2,0.0,normal
2025-09-13 18:50:00,31.56,58.41,1004.14,22.39,4.22,254.6,0.0,normal
2025-09-13 19:00:00,31.35,57.76,1004.15,22.01,3.14,211.9,0.0,normal
2025-09-13 19:10:00,31.19,58.7,1004.08,22.12,3.9,210.9,0.0,normal
2025-09-13 19:20:00,30.44,59.25,1003.87,21.58,3.37,227.4,0.0,normal
2025-09-13 19:30:00,31.31,60.21,1003.56,22.65,2.0,219.4,0.0,normal
2025-09-13 19:40:00,30.32,61.0,1003.72,21.94,2.81,215.1,0.0,normal
2025-09-13 19:50:00,30.5,63.23,1003.56,22.71,2.44,229.9,0.0,normal
2025-09-13 20:00:00,29.47,62.34,1003.14,21.5,3.1,202.0,0.0,normal
2025-09-13 20:10:00,29.83,63.63,1003.27,22.17,3.0,215.8,0.0,normal
2025-09-13 20:20:00,29.58,62.83,1003.04,21.73,2.84,191.2,0.0,normal
2025-09-13 20:30:00,29.32,65.16,1003.14,22.08,2.88,201.2,0.0,normal
2025-09-13 20:40:00,28.89,66.47,1002.9,22.0,2.68,194.9,0.0,normal
2025-09-13 20:50:00,29.36,67.09,1003.52,22.6,3.43,230.6,0.0,normal
2025-09-13 21:00:00,28.56,65.99,1003.28,21.57,2.26,235.6,0.0,normal
2025-09-13 21:10:00,27.71,67.13,1003.1,21.05,2.06,175.2,0.0,normal
2025-09-13 21:20:00,28.34,67.64,1003.1,21.76,2.86,204.3,0.0,normal
2025-09-13 21:30:00,27.75,70.37,1003.27,21.86,2.09,236.6,0.0,normal
2025-09-13 21:40:00,26.98,69.31,1003.38,20.87,2.03,225.7,0.0,normal
2025-09-13 21:50:00,26.79,70.62,1003.35,20.99,2.57,211.5,0.0,normal
2025-09-13 22:00:00,26.71,70.84,1003.54,20.97,1.84,227.8,0.0,normal
2025-09-13 22:10:00,26.93,72.09,1003.43,21.47,2.68,213.1,0.0,normal
2025-09-13 22:20:00,26.39,72.1,1003.68,20.94,1.32,204.2,0.0,normal
2025-09-13 22:30:00,26.71,73.09,1003.64,21.48,2.05,207.1,0.0,normal
2025-09-13 22:40:00,26.18,74.85,1003.61,21.35,1.94,226.4,0.0,normal
2025-09-13 22:50:00,26.32,74.98,1004.17,21.52,2.21,204.8,0.0,normal
2025-09-13 23:00:00,25.79,76.17,1004.28,21.27,1.67,236.9,0.0,normal
2025-09-13 23:10:00,25.29,75.58,1004.42,20.66,1.54,224.7,0.0,normal
2025-09-13 23:20:00,25.44,75.57,1004.43,20.8,0.92,201.5,0.0,normal
2025-09-13 23:30:00,25.25,76.06,1004.7,20.72,1.85,209.2,0.0,normal
2025-09-13 23:40:00,25.75,76.48,1004.65,21.29,1.22,181.0,0.0,normal
2025-09-13 23:50:00,24.91,77.19,1004.66,20.63,0.99,183.7,0.0,normal
2025-09-14 00:00:00,24.92,77.65,1005.3,20.74,1.88,208.7,0.0,normal
2025-09-14 00:10:00,24.52,78.41,1005.04,20.51,0.92,208.4,0.0,normal
2025-09-14 00:20:00,24.35,77.56,1005.35,20.17,1.09,201.8,0.0,normal
2025-09-14 00:30:00,24.38,79.3,1005.32,20.55,1.43,195.0,0.0,normal
2025-09-14 00:40:00,24.95,80.3,1005.42,21.31,1.33,185.8,0.0,normal
2025-09-14 00:50:00,24.43,79.41,1005.76,20.62,0.5,206.6,0.0,normal
2025-09-14 01:00:00,24.64,79.67,1006.02,20.88,1.12,190.6,0.0,normal
2025-09-14 01:10:00,24.38,78.51,1006.13,20.4,1.55,212.5,0.0,normal
2025-09-14 01:20:00,23.62,79.15,1006.25,19.79,2.01,193.2,0.0,normal
2025-09-14 01:30:00,23.97,81.25,1006.28,20.55,1.58,175.5,0.0,normal
2025-09-14 01:40:00,23.69,79.97,1006.3,20.02,0.92,179.3,0.0,normal
2025-09-14 01:50:00,24.05,80.42,1006.25,20.46,0.53,174.8,0.0,normal
2025-09-14 02:00:00,24.28,80.39,1006.61,20.68,1.4,168.4,0.0,normal
2025-09-14 02:10:00,23.36,78.94,1006.67,19.49,0.98,183.7,0.0,normal
2025-09-14 02:20:00,24.28,80.58,1006.73,20.71,0.5,190.1,0.0,normal
2025-09-14 02:30:00,24.07,80.02,1007.05,20.4,1.21,183.1,0.0,normal
2025-09-14 02:40:00,23.57,80.49,1006.93,20.01,0.58,166.6,0.0,normal
2025-09-14 02:50:00,24.47,80.87,1006.74,20.96,0.74,183.9,0.0,normal
2025-09-14 03:00:00,23.66,78.37,1006.71,19.67,1.04,176.6,0.0,normal
2025-09-14 03:10:00,24.2,79.39,1006.92,20.4,0.51,170.8,0.0,normal
2025-09-14 03:20:00,24.71,78.71,1006.71,20.75,2.17,158.2,0.0,normal
2025-09-14 03:30:00,24.35,77.67,1006.6,20.19,0.83,172.9,0.0,normal
2025-09-14 03:40:00,24.56,78.32,1006.73,20.53,1.09,154.1,0.0,normal
2025-09-14 03:50:00,24.68,78.28,1006.61,20.64,1.07,185.9,0.0,normal
2025-09-14 04:00:00,24.75,78.94,1006.73,20.84,2.23,127.5,0.0,normal
2025-09-14 04:10:00,25.13,77.56,1006.69,20.92,0.59,157.8,0.0,normal
2025-09-14 04:20:00,25.93,76.69,1006.54,21.51,0.5,162.5,0.0,normal
2025-09-14 04:30:00,25.82,75.5,1006.44,21.16,0.54,161.9,0.0,normal
2025-09-14 04:40:00,25.5,75.98,1006.37,20.94,1.45,173.3,0.0,normal
2025-09-14 04:50:00,25.57,76.47,1006.05,21.12,0.87,128.7,0.0,normal
2025-09-14 05:00:00,25.47,73.85,1005.7,20.45,0.93,172.3,0.0,normal
2025-09-14 05:10:00,26.13,74.06,1005.71,21.14,2.63,168.5,0.0,normal
2025-09-14 05:20:00,26.13,74.39,1005.46,21.2,2.2,140.4,0.0,normal
2025-09-14 05:30:00,26.53,73.8,1005.42,21.47,2.1,149.5,0.0,normal
2025-09-14 05:40:00,26.5,72.06,1005.27,21.05,2.96,139.1,0.0,normal
2025-09-14 05:50:00,26.66,70.8,1005.08,20.91,2.07,121.2,0.0,normal
2025-09-14 06:00:00,26.9,69.98,1004.8,20.95,1.84,156.8,22.6,normal
2025-09-14 06:10:00,26.88,70.78,1004.92,21.12,2.04,152.9,40.7,normal
2025-09-14 06:20:00,26.56,69.19,1004.64,20.44,2.84,157.9,58.5,normal
2025-09-14 06:30:00,27.88,69.71,1004.47,21.82,2.0,137.9,132.2,normal
2025-09-14 06:40:00,28.3,67.75,1004.49,21.76,2.39,156.0,170.9,normal
2025-09-14 06:50:00,28.27,69.77,1004.27,22.21,1.92,142.1,172.8,normal
2025-09-14 07:00:00,28.29,65.96,1004.17,21.3,2.76,150.0,215.3,normal
2025-09-14 07:10:00,28.87,66.34,1004.04,21.95,2.9,118.5,252.1,normal
2025-09-14 07:20:00,28.73,66.5,1003.65,21.86,3.32,161.2,319.6,normal
2025-09-14 07:30:00,29.66,64.8,1003.46,22.31,3.32,151.2,340.1,normal
2025-09-14 07:40:00,29.3,64.14,1003.65,21.81,1.9,126.8,365.6,normal
2025-09-14 07:50:00,29.55,62.77,1003.63,21.68,2.9,152.4,364.5,normal
2025-09-14 08:00:00,30.05,61.53,1003.46,21.83,3.13,145.3,419.1,normal
2025-09-14 08:10:00,30.55,60.85,1003.46,22.12,2.1,130.6,460.8,normal
2025-09-14 08:20:00,30.5,60.86,1003.15,22.07,3.68,139.5,488.6,normal
2025-09-14 08:30:00,30.73,59.78,1003.62,21.99,2.63,130.7,533.6,normal
2025-09-14 08:40:00,30.99,58.74,1003.42,21.95,3.4,130.1,528.5,normal
2025-09-14 08:50:00,32.0,58.15,1003.13,22.72,3.39,90.7,604.5,normal
2025-09-14 09:00:00,31.26,57.3,1003.07,21.8,3.79,141.9,599.1,normal
2025-09-14 09:10:00,32.04,57.19,1003.07,22.48,2.63,125.9,645.1,normal
2025-09-14 09:20:00,32.32,56.71,1003.28,22.6,4.62,156.8,668.4,normal
2025-09-14 09:30:00,33.08,55.76,1003.08,23.03,3.99,157.7,682.7,normal
2025-09-14 09:40:00,32.15,54.97,1003.04,21.94,4.6,159.1,680.1,normal
2025-09-14 09:50:00,33.16,54.57,1003.52,22.76,3.43,149.3,704.5,normal
2025-09-14 10:00:00,32.73,55.23,1003.51,22.56,4.45,135.3,720.9,normal
2025-09-14 10:10:00,33.07,52.21,1003.62,21.94,4.06,157.6,769.9,normal
2025-09-14 10:20:00,34.13,53.45,1003.43,23.31,3.45,167.5,742.0,normal
2025-09-14 10:30:00,33.89,52.45,1003.81,22.77,4.53,141.1,795.2,normal
2025-09-14 10:40:00,34.07,50.79,1003.93,22.4,3.46,132.3,799.4,normal
2025-09-14 10:50:00,34.44,49.91,1003.82,22.45,5.11,180.6,819.0,normal
2025-09-14 11:00:00,33.93,50.64,1003.92,22.23,3.47,168.1,803.6,normal
2025-09-14 11:10:00,34.41,49.37,1004.25,22.25,4.2,146.4,847.2,normal
2025-09-14 11:20:00,34.62,48.82,1004.32,22.26,4.77,144.4,851.2,normal
2025-09-14 11:30:00,34.97,48.28,1004.73,22.39,5.06,151.6,844.3,normal
2025-09-14 11:40:00,35.14,50.0,1004.51,23.13,4.83,169.0,830.2,normal
2025-09-14 11:50:00,35.16,46.66,1004.87,22.0,4.9,166.8,851.9,normal
2025-09-14 12:00:00,35.65,46.95,1005.1,22.54,5.07,182.1,878.2,normal
2025-09-14 12:10:00,35.5,47.54,1004.99,22.62,4.95,195.2,857.8,normal
2025-09-14 12:20:00,35.72,47.04,1005.25,22.64,4.92,167.1,853.6,normal
2025-09-14 12:30:00,35.62,48.05,1005.32,22.9,5.37,129.1,838.3,normal
2025-09-14 12:40:00,35.4,45.14,1005.77,21.67,5.48,163.6,834.2,normal
2025-09-14 12:50:00,35.75,46.77,1005.58,22.57,4.7,151.5,823.0,normal
2025-09-14 13:00:00,35.88,44.15,1005.76,21.75,5.74,184.1,809.5,normal
2025-09-14 13:10:00,35.78,45.3,1006.02,22.07,5.07,165.7,832.5,normal
2025-09-14 13:20:00,36.19,46.46,1006.34,22.87,4.48,176.4,814.5,normal
2025-09-14 13:30:00,35.92,45.19,1006.41,22.16,5.32,171.5,806.3,normal
2025-09-14 13:40:00,36.3,46.18,1006.67,22.86,5.51,168.9,765.0,normal
2025-09-14 13:50:00,35.51,44.74,1006.38,21.63,4.51,152.4,776.2,normal
2025-09-14 14:00:00,36.35,44.95,1006.56,22.46,4.66,193.1,727.4,normal
2025-09-14 14:10:00,36.19,46.26,1006.63,22.79,4.62,192.7,688.6,normal
2025-09-14 14:20:00,35.6,45.09,1006.85,21.83,5.48,191.6,670.5,normal
2025-09-14 14:30:00,35.96,46.58,1006.74,22.7,4.84,187.7,676.6,normal
2025-09-14 14:40:00,36.13,44.74,1006.7,22.19,5.17,179.2,641.6,normal
2025-09-14 14:50:00,36.23,46.23,1007.21,22.82,5.06,195.5,585.5,normal
2025-09-14 15:00:00,35.68,44.43,1006.91,21.67,4.78,201.2,611.6,normal
2025-09-14 15:10:00,36.2,44.75,1006.86,22.25,4.68,193.3,564.1,normal
2025-09-14 15:20:00,35.87,45.71,1006.67,22.3,4.44,196.2,527.4,normal
2025-09-14 15:30:00,35.96,46.25,1006.97,22.58,4.52,178.6,550.7,normal
2025-09-14 15:40:00,35.27,45.82,1006.6,21.8,5.78,202.0,473.4,normal
2025-09-14 15:50:00,35.38,46.2,1006.67,22.04,4.82,200.1,467.2,normal
2025-09-14 16:00:00,35.21,45.86,1006.62,21.76,6.0,169.3,439.7,normal
2025-09-14 16:10:00,35.27,47.84,1006.27,22.51,4.07,202.7,376.9,normal
2025-09-14 16:20:00,34.61,47.45,1006.43,21.78,4.52,196.7,369.8,normal
2025-09-14 16:30:00,34.22,49.75,1006.21,22.2,3.59,213.1,315.3,normal
2025-09-14 16:40:00,35.04,48.54,1006.07,22.54,3.31,206.4,319.0,normal
2025-09-14 16:50:00,34.34,49.8,1005.95,22.32,3.84,215.5,273.1,normal
2025-09-14 17:00:00,34.25,50.25,1005.99,22.39,3.9,194.0,169.9,normal
2025-09-14 17:10:00,33.96,50.33,1005.74,22.15,5.18,233.3,212.9,normal
2025-09-14 17:20:00,34.29,51.89,1005.6,22.96,4.17,205.1,152.5,normal
2025-09-14 17:30:00,33.66,51.52,1005.38,22.27,4.39,218.3,142.2,normal
2025-09-14 17:40:00,33.63,53.96,1004.95,23.0,3.49,237.9,65.4,normal
2025-09-14 17:50:00,33.15,53.72,1005.47,22.48,4.03,241.2,49.1,normal
2025-09-14 18:00:00,32.87,54.04,1005.18,22.32,5.01,192.1,0.0,normal
2025-09-14 18:10:00,32.19,53.39,1004.41,21.5,2.76,226.1,0.0,normal
2025-09-14 18:20:00,32.59,54.79,1004.63,22.29,3.41,193.8,0.0,normal
2025-09-14 18:30:00,32.31,55.36,1004.59,22.2,3.68,232.3,0.0,normal
2025-09-14 18:40:00,31.8,57.4,1004.65,22.33,4.21,229.2,0.0,normal
2025-09-14 18:50:00,31.65,57.38,1004.29,22.18,3.85,255.9,0.0,normal
2025-09-14 19:00:00,31.41,58.35,1004.01,22.24,4.14,212.4,0.0,normal
2025-09-14 19:10:00,31.54,57.61,1003.77,22.14,3.91,190.0,0.0,normal
2025-09-14 19:20:00,30.78,59.48,1004.07,21.96,3.08,227.2,0.0,normal
2025-09-14 19:30:00,30.91,61.11,1003.71,22.52,3.15,212.0,0.0,normal
2025-09-14 19:40:00,30.69,61.95,1003.8,22.55,3.54,237.4,0.0,normal
2025-09-14 19:50:00,30.47,60.81,1003.6,22.03,2.97,230.6,0.0,normal
2025-09-14 20:00:00,29.92,62.24,1003.38,21.89,1.42,211.4,0.0,normal
2025-09-14 20:10:00,29.66,63.75,1003.35,22.04,3.18,218.4,0.0,normal
2025-09-14 20:20:00,29.16,64.92,1003.17,21.87,2.79,231.5,0.0,normal
2025-09-14 20:30:00,29.24,64.11,1003.13,21.74,3.62,211.0,0.0,normal
2025-09-14 20:40:00,28.7,65.46,1002.94,21.58,2.04,223.9,0.0,normal
2025-09-14 20:50:00,28.66,66.33,1003.04,21.75,1.93,221.9,0.0,normal
2025-09-14 21:00:00,28.66,66.75,1003.29,21.86,2.47,213.3,0.0,normal
2025-09-14 21:10:00,28.07,68.09,1003.15,21.62,2.6,211.2,0.0,normal
2025-09-14 21:20:00,27.79,68.61,1003.28,21.47,2.6,216.4,0.0,normal
2025-09-14 21:30:00,27.64,69.59,1003.41,21.57,2.46,201.1,0.0,normal
2025-09-14 21:40:00,27.89,69.02,1003.26,21.67,1.76,242.2,0.0,normal
2025-09-14 21:50:00,27.07,71.22,1003.36,21.4,3.28,183.6,0.0,normal
2025-09-14 22:00:00,26.97,71.13,1003.2,21.28,2.4,191.8,0.0,normal
2025-09-14 22:10:00,27.11,71.89,1003.56,21.59,1.6,213.9,0.0,normal
2025-09-14 22:20:00,26.53,73.25,1003.69,21.34,2.15,194.0,0.0,normal
2025-09-14 22:30:00,26.22,73.42,1003.67,21.08,1.29,200.8,0.0,normal
2025-09-14 22:40:00,25.87,73.25,1003.92,20.7,1.42,202.1,0.0,normal
2025-09-14 22:50:00,25.81,74.98,1003.96,21.03,1.29,215.1,0.0,normal
2025-09-14 23:00:00,25.87,74.92,1003.9,21.07,2.48,206.9,0.0,normal
2025-09-14 23:10:00,25.8,73.95,1004.23,20.8,0.81,217.4,0.0,normal
2025-09-14 23:20:00,25.38,75.65,1004.6,20.76,1.21,222.6,0.0,normal
2025-09-14 23:30:00,25.2,76.52,1004.6,20.77,1.39,229.6,0.0,normal
2025-09-14 23:40:00,25.35,76.89,1004.65,21.0,2.05,196.4,0.0,normal
2025-09-14 23:50:00,24.99,77.49,1004.94,20.77,1.39,204.1,0.0,normal
2025-09-15 00:00:00,24.7,76.09,1005.05,20.2,2.08,188.9,0.0,normal
2025-09-15 00:10:00,24.85,78.29,1005.01,20.81,0.68,206.3,0.0,normal
2025-09-15 00:20:00,24.91,78.1,1005.19,20.82,1.14,206.6,0.0,normal
2025-09-15 00:30:00,24.6,78.93,1005.53,20.69,0.98,200.2,0.0,normal
2025-09-15 00:40:00,24.86,78.8,1005.6,20.91,2.07,188.2,0.0,normal
2025-09-15 00:50:00,24.41,78.62,1005.7,20.45,1.71,186.4,0.0,normal
2025-09-15 01:00:00,24.2,79.92,1006.04,20.51,1.47,204.2,0.0,normal
2025-09-15 01:10:00,24.35,78.54,1006.04,20.37,0.5,192.3,0.0,normal
2025-09-15 01:20:00,24.39,80.48,1006.39,20.8,0.5,177.6,0.0,normal
2025-09-15 01:30:00,24.25,80.47,1006.24,20.67,0.5,204.7,0.0,normal
2025-09-15 01:40:00,24.18,80.7,1006.22,20.64,1.03,180.4,0.0,normal
2025-09-15 01:50:00,24.27,80.74,1006.46,20.74,1.63,178.0,0.0,normal
2025-09-15 02:00:00,23.74,78.33,1006.32,19.73,0.5,198.1,0.0,normal
2025-09-15 02:10:00,23.59,79.81,1006.84,19.89,1.46,197.3,0.0,normal
2025-09-15 02:20:00,23.91,79.99,1006.63,20.24,0.5,178.5,0.0,normal
2025-09-15 02:30:00,24.13,80.22,1006.77,20.5,0.94,171.1,0.0,normal
2025-09-15 02:40:00,23.71,79.31,1006.59,19.91,0.5,179.6,0.0,normal
2025-09-15 02:50:00,24.44,80.2,1007.13,20.8,1.28,156.3,0.0,normal
2025-09-15 03:00:00,24.48,79.48,1006.98,20.69,1.91,152.4,0.0,normal
2025-09-15 03:10:00,24.21,79.19,1006.46,20.37,0.84,145.0,0.0,normal
2025-09-15 03:20:00,24.87,79.03,1006.87,20.97,1.08,176.6,0.0,normal
2025-09-15 03:30:00,24.95,78.8,1006.86,21.0,2.03,162.6,0.0,normal
2025-09-15 03:40:00,25.19,78.89,1006.53,21.26,1.2,179.5,0.0,normal
2025-09-15 03:50:00,24.87,77.6,1006.67,20.68,0.79,165.9,0.0,normal
2025-09-15 04:00:00,25.43,78.4,1006.32,21.38,1.69,141.1,0.0,normal
2025-09-15 04:10:00,24.99,78.81,1006.61,21.05,1.94,143.7,0.0,normal
2025-09-15 04:20:00,25.65,76.83,1006.44,21.27,2.12,150.5,0.0,normal
2025-09-15 04:30:00,25.02,76.72,1006.31,20.64,1.62,172.9,0.0,normal
2025-09-15 04:40:00,25.7,76.36,1005.94,21.22,1.45,155.2,0.0,normal
2025-09-15 04:50:00,25.55,75.45,1005.92,20.88,1.7,142.2,0.0,normal
2025-09-15 05:00:00,25.41,75.52,1005.78,20.76,1.13,134.0,0.0,normal
2025-09-15 05:10:00,26.1,74.86,1005.74,21.28,2.2,154.1,0.0,normal
2025-09-15 05:20:00,26.37,73.79,1005.62,21.3,1.35,161.3,0.0,normal
2025-09-15 05:30:00,26.28,72.72,1005.13,20.98,1.84,140.6,0.0,normal
2025-09-15 05:40:00,27.06,73.88,1005.44,21.99,1.63,150.6,0.0,normal
2025-09-15 05:50:00,26.34,71.98,1005.18,20.87,2.71,137.7,0.0,normal
2025-09-15 06:00:00,26.76,71.28,1004.66,21.12,2.47,140.3,1.5,normal
2025-09-15 06:10:00,26.97,71.23,1005.01,21.31,2.65,147.0,34.7,normal
2025-09-15 06:20:00,27.73,69.36,1004.65,21.59,2.24,150.0,45.3,normal
2025-09-15 06:30:00,28.01,70.72,1004.76,22.19,1.99,158.4,90.6,normal
2025-09-15 06:40:00,27.61,69.41,1004.09,21.5,3.83,166.9,138.1,normal
2025-09-15 06:50:00,27.69,67.62,1004.45,21.14,2.68,140.2,175.4,normal
2025-09-15 07:00:00,27.79,66.55,1004.05,20.98,1.93,139.3,188.5,normal
2025-09-15 07:10:00,28.1,66.28,1003.99,21.2,2.2,159.6,245.8,normal
2025-09-15 07:20:00,28.61,65.57,1003.73,21.51,3.27,136.6,279.6,normal
2025-09-15 07:30:00,29.63,63.87,1003.57,22.05,2.37,134.6,327.4,normal
2025-09-15 07:40:00,29.28,64.05,1003.55,21.77,3.23,137.9,379.0,normal
2025-09-15 07:50:00,29.84,62.27,1003.5,21.83,2.86,135.3,422.1,normal
2025-09-15 08:00:00,30.24,61.92,1003.38,22.12,3.11,138.4,435.7,normal
2025-09-15 08:10:00,30.44,61.22,1003.27,22.11,4.29,131.5,472.8,normal
2025-09-15 08:20:00,30.31,61.45,1003.31,22.05,3.69,160.8,459.6,normal
2025-09-15 08:30:00,30.67,60.32,1003.25,22.09,3.48,149.0,529.2,normal
2025-09-15 08:40:00,31.5,59.4,1003.34,22.61,3.37,105.3,574.7,normal
2025-09-15 08:50:00,31.09,58.11,1003.06,21.86,3.22,167.7,596.1,normal
2025-09-15 09:00:00,31.03,58.14,1002.8,21.82,3.37,145.8,592.4,normal
2025-09-15 09:10:00,32.1,57.78,1003.18,22.71,3.21,146.1,636.9,normal
2025-09-15 09:20:00,32.26,56.8,1003.11,22.58,3.28,141.5,655.5,normal
2025-09-15 09:30:00,31.96,56.7,1003.16,22.27,3.69,157.8,697.1,normal
2025-09-15 09:40:00,32.69,54.96,1003.32,22.43,3.73,153.6,693.8,normal
2025-09-15 09:50:00,32.06,53.64,1003.51,21.45,4.24,129.6,739.3,normal
2025-09-15 10:00:00,32.82,53.87,1003.54,22.22,3.82,159.9,732.1,normal
2025-09-15 10:10:00,33.22,51.94,1003.6,22.0,4.55,139.0,771.4,normal
2025-09-15 10:20:00,33.64,51.49,1003.73,22.23,3.9,143.7,781.9,normal
2025-09-15 10:30:00,33.59,51.9,1003.51,22.32,2.99,165.2,773.2,normal
2025-09-15 10:40:00,33.69,50.71,1003.75,22.03,3.03,150.6,795.4,normal
2025-09-15 10:50:00,34.43,51.54,1003.98,22.97,4.55,134.5,802.9,normal
2025-09-15 11:00:00,34.15,49.19,1003.97,21.95,4.61,156.8,834.1,normal
2025-09-15 11:10:00,34.27,48.1,1004.43,21.7,4.26,161.3,866.1,normal
2025-09-15 11:20:00,34.3,48.95,1004.49,22.01,4.09,118.9,829.3,normal
2025-09-15 11:30:00,35.3,49.18,1004.53,22.99,5.01,153.6,844.4,normal
2025-09-15 11:40:00,34.53,47.65,1004.95,21.77,4.46,154.7,857.2,normal
2025-09-15 11:50:00,34.81,46.36,1005.03,21.58,4.62,126.4,863.8,normal
2025-09-15 12:00:00,34.68,47.02,1005.02,21.69,4.78,182.6,876.8,normal
2025-09-15 12:10:00,35.25,47.11,1004.97,22.24,4.76,138.6,841.6,normal
2025-09-15 12:20:00,34.82,47.39,1005.3,21.95,5.25,160.8,822.3,normal
2025-09-15 12:30:00,34.92,45.75,1005.79,21.46,5.41,169.7,836.9,normal
2025-09-15 12:40:00,35.63,47.14,1005.18,22.6,4.91,171.1,844.2,normal
2025-09-15 12:50:00,35.44,45.88,1005.77,21.97,4.59,158.9,800.5,normal
2025-09-15 13:00:00,35.43,46.64,1006.19,22.24,5.38,156.6,817.5,normal
2025-09-15 13:10:00,35.99,45.97,1006.25,22.5,5.31,142.4,811.2,normal
2025-09-15 13:20:00,35.72,45.79,1005.99,22.2,5.48,171.0,807.7,normal
2025-09-15 13:30:00,35.87,44.91,1005.9,22.01,4.69,193.4,791.0,normal
2025-09-15 13:40:00,35.7,46.19,1006.19,22.32,4.84,139.4,756.3,normal
2025-09-15 13:50:00,35.91,44.69,1006.12,21.97,5.22,192.3,783.1,normal
2025-09-15 14:00:00,35.66,44.65,1006.46,21.73,4.62,180.0,735.2,normal
2025-09-15 14:10:00,36.05,43.87,1006.57,21.79,5.34,223.2,725.0,normal
2025-09-15 14:20:00,36.53,46.54,1006.39,23.19,5.86,199.8,700.0,normal
2025-09-15 14:30:00,35.99,44.68,1006.52,22.04,5.94,193.4,652.6,normal
2025-09-15 14:40:00,35.65,46.1,1006.69,22.25,4.86,195.3,615.5,normal
2025-09-15 14:50:00,36.5,44.58,1006.8,22.46,5.09,194.4,662.1,normal
2025-09-15 15:00:00,36.41,45.59,1006.95,22.75,4.6,194.8,587.6,normal
2025-09-15 15:10:00,36.21,43.94,1006.76,21.97,4.7,170.7,588.1,normal
2025-09-15 15:20:00,36.0,46.36,1006.64,22.65,5.26,200.4,558.8,normal
2025-09-15 15:30:00,35.08,46.43,1006.57,21.85,5.43,187.1,502.8,normal
2025-09-15 15:40:00,35.07,46.55,1006.66,21.88,5.09,194.1,429.8,normal
2025-09-15 15:50:00,35.38,47.5,1006.74,22.5,4.19,215.2,422.0,normal
2025-09-15 16:00:00,34.74,46.28,1006.56,21.49,4.64,199.2,381.3,normal
2025-09-15 16:10:00,34.25,47.52,1006.2,21.47,4.11,179.7,395.7,normal
2025-09-15 16:20:00,34.62,48.08,1006.31,22.01,4.57,185.7,331.2,normal
2025-09-15 16:30:00,34.66,50.34,1006.45,22.79,4.92,209.5,340.5,normal
2025-09-15 16:40:00,34.23,48.7,1006.06,21.86,5.07,180.2,287.6,normal
2025-09-15 16:50:00,34.62,49.25,1005.85,22.4,5.12,208.7,280.7,normal
2025-09-15 17:00:00,34.67,50.81,1006.08,22.96,4.54,197.6,220.8,normal
2025-09-15 17:10:00,34.23,50.27,1005.77,22.38,3.45,202.4,170.3,normal
2025-09-15 17:20:00,34.21,50.38,1005.77,22.39,4.71,208.0,157.4,normal
2025-09-15 17:30:00,33.99,50.21,1005.44,22.14,3.76,205.5,130.8,normal
2025-09-15 17:40:00,34.3,53.84,1005.07,23.58,3.94,207.2,95.5,normal
2025-09-15 17:50:00,33.58,53.37,1005.17,22.77,4.14,208.2,49.4,normal
2025-09-15 18:00:00,33.24,52.91,1005.24,22.31,3.44,200.9,0.0,normal
2025-09-15 18:10:00,32.49,54.37,1004.85,22.07,4.39,226.8,0.0,normal
2025-09-15 18:20:00,32.21,54.42,1005.0,21.83,4.88,187.5,0.0,normal
2025-09-15 18:30:00,32.44,55.22,1004.56,22.28,4.51,234.3,0.0,normal
2025-09-15 18:40:00,32.27,57.2,1004.32,22.7,4.2,221.3,0.0,normal
2025-09-15 18:50:00,32.19,57.86,1004.39,22.82,3.13,203.5,0.0,normal
2025-09-15 19:00:00,31.65,56.08,1004.23,21.8,4.36,209.9,0.0,normal
2025-09-15 19:10:00,31.28,58.54,1003.89,22.17,3.36,224.9,0.0,normal
2025-09-15 19:20:00,31.25,58.88,1003.93,22.23,3.49,225.6,0.0,normal
2025-09-15 19:30:00,31.14,60.67,1003.83,22.62,3.02,220.1,0.0,normal
2025-09-15 19:40:00,30.66,62.04,1003.7,22.54,2.49,207.5,0.0,normal
2025-09-15 19:50:00,29.57,61.76,1003.57,21.44,2.81,245.6,0.0,normal
2025-09-15 20:00:00,30.49,63.65,1003.64,22.8,3.29,228.4,0.0,normal
2025-09-15 20:10:00,29.87,64.49,1003.38,22.43,3.55,230.1,0.0,normal
2025-09-15 20:20:00,29.77,63.46,1003.18,22.08,3.14,217.8,0.0,normal
2025-09-15 20:30:00,29.35,65.16,1003.27,22.11,2.76,221.1,0.0,normal
2025-09-15 20:40:00,29.54,66.54,1003.07,22.64,2.26,229.3,0.0,normal
2025-09-15 20:50:00,29.13,66.15,1003.22,22.15,2.76,197.3,0.0,normal
2025-09-15 21:00:00,28.02,67.83,1003.04,21.51,1.81,207.0,0.0,normal
2025-09-15 21:10:00,28.31,66.94,1003.33,21.57,2.52,211.9,0.0,normal
2025-09-15 21:20:00,28.67,67.04,1002.8,21.94,1.6,231.4,0.0,normal
2025-09-15 21:30:00,28.18,67.26,1003.11,21.53,2.41,206.2,0.0,normal
2025-09-15 21:40:00,27.23,68.71,1003.3,20.96,2.32,201.2,0.0,normal
2025-09-15 21:50:00,26.96,70.82,1003.19,21.2,2.06,216.3,0.0,normal
2025-09-15 22:00:00,27.37,72.24,1003.44,21.92,1.08,239.4,0.0,normal
2025-09-15 22:10:00,27.01,71.94,1003.54,21.5,2.74,196.5,0.0,normal
2025-09-15 22:20:00,26.73,73.03,1003.63,21.48,2.41,211.1,0.0,normal
2025-09-15 22:30:00,26.12,72.99,1003.73,20.89,1.77,193.4,0.0,normal
2025-09-15 22:40:00,26.41,73.57,1004.05,21.29,1.12,215.0,0.0,normal
2025-09-15 22:50:00,25.79,74.91,1004.1,21.0,2.22,214.5,0.0,normal
2025-09-15 23:00:00,25.67,74.71,1003.99,20.83,1.62,194.0,0.0,normal
2025-09-15 23:10:00,26.12,73.99,1004.17,21.1,2.23,205.2,0.0,normal
2025-09-15 23:20:00,25.41,76.96,1004.52,21.07,1.68,204.3,0.0,normal
2025-09-15 23:30:00,25.33,76.68,1004.5,20.93,2.17,202.6,0.0,normal
2025-09-15 23:40:00,25.27,77.56,1004.95,21.06,1.7,200.9,0.0,normal
2025-09-15 23:50:00,24.63,78.7,1004.54,20.68,1.9,194.3,0.0,normal
2025-09-16 00:00:00,25.25,76.03,1005.16,20.71,1.33,179.9,0.0,normal
2025-09-16 00:10:00,24.68,78.67,1005.35,20.71,1.25,150.2,0.0,normal
2025-09-16 00:20:00,24.98,77.7,1005.15,20.8,1.14,183.3,0.0,normal
2025-09-16 00:30:00,24.5,78.82,1005.51,20.57,0.86,188.8,0.0,normal
2025-09-16 00:40:00,24.74,78.87,1005.82,20.82,0.99,178.3,0.0,normal
2025-09-16 00:50:00,24.45,79.14,1005.79,20.59,0.78,190.2,0.0,normal
2025-09-16 01:00:00,24.12,80.33,1005.65,20.51,1.78,176.6,0.0,normal
2025-09-16 01:10:00,23.77,80.22,1006.05,20.15,1.07,173.1,0.0,normal
2025-09-16 01:20:00,24.41,79.66,1006.07,20.66,1.08,166.0,0.0,normal
2025-09-16 01:30:00,24.19,79.74,1005.86,20.46,0.5,188.7,0.0,normal
2025-09-16 01:40:00,24.29,79.96,1006.27,20.6,1.05,180.3,0.0,normal
2025-09-16 01:50:00,23.73,81.1,1006.34,20.28,0.73,185.7,0.0,normal
2025-09-16 02:00:00,24.22,79.86,1006.65,20.51,0.72,181.5,0.0,normal
2025-09-16 02:10:00,24.2,79.33,1006.43,20.39,1.02,205.9,0.0,normal
2025-09-16 02:20:00,23.86,80.05,1006.77,20.2,1.19,174.3,0.0,normal
2025-09-16 02:30:00,23.96,79.79,1007.05,20.24,0.68,176.9,0.0,normal
2025-09-16 02:40:00,24.17,79.56,1006.84,20.41,0.92,171.4,0.0,normal
2025-09-16 02:50:00,23.68,79.38,1006.88,19.89,1.32,154.6,0.0,normal
2025-09-16 03:00:00,24.42,78.92,1007.01,20.52,1.95,149.2,0.0,normal
2025-09-16 03:10:00,24.4,77.97,1006.82,20.3,1.29,159.2,0.0,normal
2025-09-16 03:20:00,24.93,78.18,1007.01,20.86,0.5,160.7,0.0,normal
2025-09-16 03:30:00,24.4,78.11,1006.82,20.33,1.43,172.7,0.0,normal
2025-09-16 03:40:00,24.27,79.1,1006.64,20.41,0.74,143.3,0.0,normal
2025-09-16 03:50:00,24.77,79.31,1006.63,20.94,0.5,189.5,0.0,normal
2025-09-16 04:00:00,24.48,76.95,1006.61,20.16,1.47,107.6,0.0,normal
2025-09-16 04:10:00,25.21,77.94,1006.46,21.08,1.71,148.7,0.0,normal
2025-09-16 04:20:00,25.27,75.96,1006.64,20.72,1.5,138.1,0.0,normal
2025-09-16 04:30:00,25.06,76.18,1006.55,20.57,1.99,160.7,0.0,normal
2025-09-16 04:40:00,26.15,74.71,1006.03,21.29,1.05,171.7,0.0,normal
2025-09-16 04:50:00,25.13,75.46,1005.77,20.48,1.66,164.5,0.0,normal
2025-09-16 05:00:00,25.67,74.56,1005.75,20.8,0.5,180.8,0.0,normal
2025-09-16 05:10:00,25.76,76.17,1005.9,21.23,1.71,126.6,0.0,normal
2025-09-16 05:20:00,25.73,73.59,1005.6,20.65,1.49,158.3,0.0,normal
2025-09-16 05:30:00,26.12,74.21,1005.54,21.15,1.55,128.9,0.0,normal
2025-09-16 05:40:00,26.47,70.47,1005.42,20.65,1.28,151.3,0.0,normal
2025-09-16 05:50:00,27.0,71.35,1005.13,21.36,1.47,135.9,0.0,normal
2025-09-16 06:00:00,26.67,70.95,1005.06,20.95,1.63,140.1,0.0,normal
2025-09-16 06:10:00,27.34,68.83,1004.57,21.09,1.94,132.6,32.9,normal
2025-09-16 06:20:00,27.36,69.69,1004.82,21.32,2.4,169.8,52.3,normal
2025-09-16 06:30:00,27.59,68.98,1004.51,21.37,2.79,136.8,115.1,normal
2025-09-16 06:40:00,27.87,69.84,1004.3,21.84,1.85,149.6,141.8,normal
2025-09-16 06:50:00,27.8,67.36,1004.07,21.18,2.43,139.3,199.7,normal
2025-09-16 07:00:00,29.19,66.77,1004.25,22.36,2.03,155.2,236.3,normal
2025-09-16 07:10:00,28.04,65.24,1004.13,20.89,2.31,131.4,274.3,normal
2025-09-16 07:20:00,29.24,64.94,1003.63,21.95,2.41,153.2,294.8,normal
2025-09-16 07:30:00,29.82,64.59,1003.53,22.41,2.55,140.6,292.5,normal
2025-09-16 07:40:00,29.19,64.99,1003.53,21.92,2.53,135.6,377.6,normal
2025-09-16 07:50:00,29.09,63.89,1003.33,21.54,2.39,144.4,394.0,normal
2025-09-16 08:00:00,30.09,60.82,1003.37,21.67,3.13,133.1,429.3,normal
2025-09-16 08:10:00,30.48,62.76,1003.29,22.56,3.27,147.5,443.4,normal
2025-09-16 08:20:00,30.42,59.15,1003.43,21.53,3.43,188.6,487.2,normal
2025-09-16 08:30:00,31.11,59.83,1003.48,22.37,3.2,161.3,480.7,normal
2025-09-16 08:40:00,30.73,59.64,1003.25,21.96,3.32,127.7,541.1,normal
2025-09-16 08:50:00,31.0,58.58,1003.44,21.91,3.84,142.9,617.4,normal
2025-09-16 09:00:00,31.85,58.98,1003.06,22.82,3.25,164.4,649.1,normal
2025-09-16 09:10:00,31.91,56.58,1003.13,22.19,3.52,166.5,600.8,normal
2025-09-16 09:20:00,31.94,56.19,1003.1,22.1,3.54,149.2,687.3,normal
2025-09-16 09:30:00,31.84,56.84,1003.53,22.2,3.43,127.8,686.4,normal
2025-09-16 09:40:00,32.55,55.65,1003.48,22.51,4.5,147.6,710.6,normal
2025-09-16 09:50:00,32.81,53.24,1003.08,22.02,3.93,139.0,709.1,normal
2025-09-16 10:00:00,32.51,53.29,1003.76,21.76,3.97,121.7,740.2,normal
2025-09-16 10:10:00,33.38,52.78,1003.77,22.4,3.45,141.7,773.4,normal
2025-09-16 10:20:00,33.13,52.62,1003.55,22.13,3.55,157.3,760.4,normal
2025-09-16 10:30:00,32.89,51.52,1003.82,21.56,4.44,131.0,819.9,normal
2025-09-16 10:40:00,34.37,51.84,1003.8,23.01,3.96,148.7,754.0,normal
2025-09-16 10:50:00,34.65,51.7,1003.85,23.23,3.54,180.1,820.2,normal
2025-09-16 11:00:00,34.56,50.49,1004.03,22.75,4.42,133.7,846.5,normal
2025-09-16 11:10:00,33.98,50.58,1004.03,22.26,4.89,149.2,798.8,normal
2025-09-16 11:20:00,34.21,49.62,1004.4,22.15,4.81,146.6,799.1,normal
2025-09-16 11:30:00,34.63,50.3,1004.99,22.76,5.57,152.7,850.9,normal
2025-09-16 11:40:00,34.91,46.91,1004.56,21.86,4.69,159.2,869.7,normal
2025-09-16 11:50:00,34.66,47.65,1004.93,21.9,5.09,156.7,872.9,normal
2025-09-16 12:00:00,34.96,45.98,1005.04,21.58,4.67,154.8,822.8,normal
2025-09-16 12:10:00,34.93,46.84,1005.23,21.85,4.59,146.8,845.7,normal
2025-09-16 12:20:00,35.25,46.8,1005.17,22.13,4.89,161.1,814.0,normal
2025-09-16 12:30:00,35.15,47.86,1005.47,22.41,5.08,174.2,846.0,normal
2025-09-16 12:40:00,35.39,45.03,1005.58,21.62,5.26,167.2,841.6,normal
2025-09-16 12:50:00,35.68,44.54,1005.73,21.7,4.23,183.6,833.9,normal
2025-09-16 13:00:00,35.81,44.96,1005.62,21.98,4.59,180.3,822.3,normal
2025-09-16 13:10:00,36.04,45.81,1006.07,22.49,5.23,149.4,774.5,normal
2025-09-16 13:20:00,35.48,45.46,1006.1,21.86,5.0,144.5,804.2,normal
2025-09-16 13:30:00,36.32,43.3,1006.29,21.82,4.57,181.5,802.3,normal
2025-09-16 13:40:00,35.4,45.18,1006.48,21.69,4.67,185.9,737.8,normal
2025-09-16 13:50:00,35.75,44.16,1006.55,21.63,5.65,189.7,745.4,normal
2025-09-16 14:00:00,36.09,44.78,1006.59,22.16,4.12,185.0,711.3,normal
2025-09-16 14:10:00,35.8,45.7,1006.73,22.24,5.15,180.2,723.6,normal
2025-09-16 14:20:00,35.57,45.1,1006.91,21.81,4.73,156.8,701.7,normal
2025-09-16 14:30:00,35.98,45.39,1006.82,22.29,4.79,182.9,667.7,normal
2025-09-16 14:40:00,35.42,45.3,1007.0,21.75,5.12,171.4,666.9,normal
2025-09-16 14:50:00,36.04,46.98,1006.7,22.91,4.29,187.6,661.3,normal
2025-09-16 15:00:00,36.05,45.63,1006.7,22.44,4.46,166.8,601.7,normal
2025-09-16 15:10:00,35.91,45.99,1006.86,22.44,4.13,172.9,566.0,normal
2025-09-16 15:20:00,35.77,47.15,1006.83,22.72,4.71,195.7,552.7,normal
2025-09-16 15:30:00,35.79,45.92,1006.42,22.31,5.01,204.5,496.0,normal
2025-09-16 15:40:00,35.63,47.55,1006.63,22.74,4.68,189.2,529.0,normal
2025-09-16 15:50:00,35.43,46.88,1006.73,22.32,4.94,195.2,479.2,normal
2025-09-16 16:00:00,35.5,46.32,1006.62,22.18,4.86,184.0,410.9,normal
2025-09-16 16:10:00,34.58,48.34,1006.71,22.06,4.59,207.3,415.1,normal
2025-09-16 16:20:00,34.93,47.43,1006.53,22.06,4.36,194.7,361.9,normal
2025-09-16 16:30:00,35.08,48.59,1006.46,22.6,4.3,185.6,369.6,normal
2025-09-16 16:40:00,34.47,50.13,1006.29,22.56,3.96,210.6,280.0,normal
2025-09-16 16:50:00,34.03,48.52,1006.09,21.61,5.04,203.1,274.1,normal
2025-09-16 17:00:00,34.41,49.7,1006.12,22.36,4.55,233.4,230.5,normal
2025-09-16 17:10:00,33.38,51.11,1005.58,21.88,3.99,235.6,214.1,normal
2025-09-16 17:20:00,33.59,51.29,1005.72,22.13,4.0,214.2,143.7,normal
2025-09-16 17:30:00,33.56,52.46,1005.24,22.47,3.87,199.3,102.0,normal
2025-09-16 17:40:00,33.86,51.81,1005.04,22.54,3.83,218.1,97.4,normal
2025-09-16 17:50:00,33.56,54.12,1005.23,22.99,4.65,219.3,7.3,normal
2025-09-16 18:00:00,32.89,53.95,1005.31,22.31,3.55,215.8,23.9,normal
2025-09-16 18:10:00,32.7,56.13,1005.01,22.79,4.37,196.0,0.0,normal
2025-09-16 18:20:00,32.16,55.45,1004.8,22.09,3.59,195.3,0.0,normal
2025-09-16 18:30:00,32.69,55.62,1004.61,22.63,3.49,170.7,0.0,normal
2025-09-16 18:40:00,32.0,55.93,1004.55,22.08,3.59,203.4,0.0,normal
2025-09-16 18:50:00,31.73,56.92,1004.24,22.13,2.9,220.4,0.0,normal
2025-09-16 19:00:00,31.83,57.21,1004.2,22.29,4.86,208.9,0.0,normal
2025-09-16 19:10:00,31.57,58.17,1003.63,22.33,3.49,215.5,0.0,normal
2025-09-16 19:20:00,31.11,58.51,1003.8,22.0,3.14,229.3,0.0,normal
2025-09-16 19:30:00,30.7,60.1,1003.49,22.05,3.52,207.2,0.0,normal
2025-09-16 19:40:00,30.6,59.99,1003.81,21.92,3.45,211.4,0.0,normal
2025-09-16 19:50:00,30.77,59.78,1003.69,22.03,2.88,194.4,0.0,normal
2025-09-16 20:00:00,29.86,62.14,1003.48,21.82,2.73,220.3,0.0,normal
2025-09-16 20:10:00,30.0,62.94,1003.33,22.15,2.73,215.7,0.0,normal
2025-09-16 20:20:00,29.96,63.96,1003.25,22.38,2.84,231.8,0.0,normal
2025-09-16 20:30:00,28.97,64.6,1003.03,21.61,1.97,233.0,0.0,normal
2025-09-16 20:40:00,29.04,65.89,1003.11,22.0,2.07,197.5,0.0,normal
2025-09-16 20:50:00,29.22,64.98,1003.17,21.94,2.78,218.4,0.0,normal
2025-09-16 21:00:00,28.27,68.23,1002.97,21.84,2.56,220.7,0.0,normal
2025-09-16 21:10:00,28.34,67.93,1003.39,21.84,1.66,216.1,0.0,normal
2025-09-16 21:20:00,27.87,66.99,1003.21,21.16,2.4,196.7,0.0,normal
2025-09-16 21:30:00,27.41,70.63,1003.45,21.59,2.6,225.5,0.0,normal
2025-09-16 21:40:00,28.15,70.23,1003.45,22.2,2.34,215.3,0.0,normal
2025-09-16 21:50:00,27.22,71.51,1003.57,21.6,2.29,199.6,0.0,normal
2025-09-16 22:00:00,26.97,70.83,1003.29,21.21,2.01,232.4,0.0,normal
2025-09-16 22:10:00,26.67,71.53,1003.39,21.08,1.39,204.7,0.0,normal
2025-09-16 22:20:00,26.88,72.9,1003.56,21.59,1.83,181.8,0.0,normal
2025-09-16 22:30:00,26.35,73.38,1003.64,21.19,2.11,213.9,0.0,normal
2025-09-16 22:40:00,25.92,75.2,1003.7,21.18,2.89,226.4,0.0,normal
2025-09-16 22:50:00,26.22,73.19,1003.67,21.03,2.49,228.4,0.0,normal
2025-09-16 23:00:00,25.76,76.23,1003.84,21.25,1.29,199.2,0.0,normal
2025-09-16 23:10:00,25.41,75.77,1004.22,20.81,2.25,206.4,0.0,normal
2025-09-16 23:20:00,25.6,74.74,1004.23,20.77,1.42,217.4,0.0,normal
2025-09-16 23:30:00,25.3,75.51,1004.28,20.65,0.85,211.8,0.0,normal
2025-09-16 23:40:00,24.88,77.34,1004.76,20.63,0.75,187.2,0.0,normal
2025-09-16 23:50:00,24.63,77.01,1004.74,20.33,2.27,205.7,0.0,normal
2025-09-17 00:00:00,25.25,76.58,1005.15,20.83,1.91,159.9,0.0,normal
2025-09-17 00:10:00,24.68,76.49,1005.18,20.26,2.08,219.0,0.0,normal
2025-09-17 00:20:00,24.76,78.46,1005.48,20.75,1.2,189.8,0.0,normal
2025-09-17 00:30:00,24.68,78.69,1005.43,20.72,1.13,191.3,0.0,normal
2025-09-17 00:40:00,24.16,77.86,1005.51,20.05,0.98,187.5,0.0,normal
2025-09-17 00:50:00,24.32,78.5,1005.7,20.33,1.36,195.9,0.0,normal
2025-09-17 01:00:00,24.29,80.77,1005.85,20.77,0.5,215.2,0.0,normal
2025-09-17 01:10:00,24.62,79.05,1006.22,20.74,0.95,212.0,0.0,normal
2025-09-17 01:20:00,23.82,80.12,1006.07,20.18,0.91,185.5,0.0,normal
2025-09-17 01:30:00,24.3,79.69,1006.17,20.56,0.81,188.9,0.0,normal
2025-09-17 01:40:00,23.86,80.52,1006.52,20.3,0.5,166.8,0.0,normal
2025-09-17 01:50:00,23.63,79.96,1006.62,19.96,1.24,191.7,0.0,normal
2025-09-17 02:00:00,24.1,81.25,1006.38,20.67,1.47,196.3,0.0,normal
2025-09-17 02:10:00,24.46,78.59,1006.6,20.49,1.48,170.8,0.0,normal
2025-09-17 02:20:00,24.07,79.54,1007.07,20.31,1.25,166.6,0.0,normal
2025-09-17 02:30:00,23.95,80.49,1006.73,20.38,1.32,178.0,0.0,normal
2025-09-17 02:40:00,24.29,80.23,1007.09,20.66,1.05,155.5,0.0,normal
2025-09-17 02:50:00,24.14,80.46,1006.91,20.56,1.86,202.8,0.0,normal
2025-09-17 03:00:00,23.74,79.27,1006.81,19.93,1.28,189.3,0.0,normal
2025-09-17 03:10:00,24.32,79.22,1006.86,20.48,1.35,154.2,0.0,normal
2025-09-17 03:20:00,24.46,78.19,1007.04,20.41,1.23,155.7,0.0,normal
2025-09-17 03:30:00,24.41,77.97,1006.78,20.31,1.16,158.2,0.0,normal
2025-09-17 03:40:00,24.19,78.06,1006.88,20.11,1.1,149.9,0.0,normal
2025-09-17 03:50:00,24.23,78.24,1006.4,20.19,0.93,158.0,0.0,normal
2025-09-17 04:00:00,24.84,78.41,1006.49,20.82,1.99,169.5,0.0,normal
2025-09-17 04:10:00,24.58,77.32,1006.26,20.34,0.5,163.3,0.0,normal
2025-09-17 04:20:00,25.05,77.4,1006.72,20.81,2.25,143.3,0.0,normal
2025-09-17 04:30:00,24.73,76.34,1006.5,20.28,1.65,149.6,0.0,normal
2025-09-17 04:40:00,25.88,74.7,1006.32,21.04,1.47,152.4,0.0,normal
2025-09-17 04:50:00,25.66,75.48,1006.05,21.0,1.12,132.9,0.0,normal
2025-09-17 05:00:00,25.91,76.14,1005.88,21.38,1.37,143.9,0.0,normal
2025-09-17 05:10:00,26.31,76.23,1005.99,21.78,2.48,153.2,0.0,normal
2025-09-17 05:20:00,25.69,73.98,1005.65,20.69,1.72,133.8,0.0,normal
2025-09-17 05:30:00,26.58,72.35,1005.51,21.19,2.1,115.8,0.0,normal
2025-09-17 05:40:00,26.35,73.81,1005.34,21.29,1.37,168.2,0.0,normal
2025-09-17 05:50:00,26.37,72.01,1005.01,20.9,1.84,146.6,0.0,normal
2025-09-17 06:00:00,26.87,70.85,1004.99,21.12,2.37,124.2,0.0,normal
2025-09-17 06:10:00,27.47,70.59,1004.91,21.64,2.35,142.1,35.9,normal
2025-09-17 06:20:00,27.57,69.8,1004.39,21.55,2.96,146.7,84.3,normal
2025-09-17 06:30:00,28.07,68.97,1004.53,21.82,1.77,134.9,106.3,normal
2025-09-17 06:40:00,28.12,70.09,1004.15,22.14,2.54,143.5,137.6,normal
2025-09-17 06:50:00,28.27,68.21,1004.2,21.83,1.54,134.6,187.1,normal
2025-09-17 07:00:00,28.36,66.55,1004.24,21.52,2.7,101.7,236.3,normal
2025-09-17 07:10:00,28.5,65.8,1003.93,21.47,2.46,147.1,262.2,normal
2025-09-17 07:20:00,28.71,66.2,1003.81,21.76,2.52,119.3,282.8,normal
2025-09-17 07:30:00,29.54,65.33,1003.95,22.33,2.1,132.2,350.2,normal
2025-09-17 07:40:00,29.51,63.84,1003.46,21.92,2.73,130.6,358.9,normal
2025-09-17 07:50:00,29.78,63.1,1003.75,21.99,1.98,120.4,361.5,normal
2025-09-17 08:00:00,29.85,61.8,1003.39,21.72,2.72,134.3,418.6,normal
2025-09-17 08:10:00,30.35,61.69,1003.6,22.15,3.99,150.2,444.8,normal
2025-09-17 08:20:00,30.21,60.65,1003.19,21.74,2.52,145.3,487.5,normal
2025-09-17 08:30:00,30.78,61.17,1003.24,22.42,4.05,132.7,506.7,normal
2025-09-17 08:40:00,30.76,59.08,1003.28,21.83,2.84,147.6,586.7,normal
2025-09-17 08:50:00,31.75,59.65,1003.27,22.91,3.61,157.7,554.2,normal
2025-09-17 09:00:00,31.1,58.99,1003.33,22.12,3.29,121.1,580.4,normal
2025-09-17 09:10:00,31.26,57.34,1003.2,21.81,3.25,124.8,632.9,normal
2025-09-17 09:20:00,31.97,56.7,1003.01,22.28,3.52,147.3,645.8,normal
2025-09-17 09:30:00,32.11,56.56,1003.22,22.37,4.54,136.1,663.5,normal
2025-09-17 09:40:00,32.37,53.63,1003.48,21.74,4.93,152.5,724.1,normal
2025-09-17 09:50:00,32.99,54.78,1003.14,22.66,4.54,144.8,703.3,normal
2025-09-17 10:00:00,33.42,52.56,1003.42,22.38,3.55,149.4,712.1,normal
2025-09-17 10:10:00,33.48,54.63,1003.3,23.07,3.01,163.5,765.1,normal
2025-09-17 10:20:00,33.76,52.76,1003.68,22.75,4.72,142.6,750.9,normal
2025-09-17 10:30:00,33.24,52.34,1003.71,22.14,3.61,167.7,787.9,normal
2025-09-17 10:40:00,33.71,50.2,1003.81,21.89,3.56,161.9,835.5,normal
2025-09-17 10:50:00,33.96,49.27,1003.89,21.8,4.65,182.8,823.8,normal
2025-09-17 11:00:00,34.18,50.92,1004.14,22.55,5.12,159.2,850.8,normal
2025-09-17 11:10:00,34.4,49.65,1004.2,22.33,4.66,154.8,799.6,normal
2025-09-17 11:20:00,35.22,50.07,1004.37,23.22,4.15,158.5,834.6,normal
2025-09-17 11:30:00,34.68,48.35,1004.37,22.15,4.96,165.9,824.5,normal
2025-09-17 11:40:00,35.42,48.22,1004.57,22.78,4.57,133.2,882.0,normal
2025-09-17 11:50:00,35.15,46.89,1004.57,22.08,3.85,171.7,832.8,normal
2025-09-17 12:00:00,35.0,47.04,1004.9,21.99,5.29,148.8,826.8,normal
2025-09-17 12:10:00,35.31,47.36,1005.43,22.38,5.04,162.4,849.2,normal
2025-09-17 12:20:00,35.92,45.47,1005.19,22.27,4.31,165.9,861.5,normal
2025-09-17 12:30:00,35.5,45.68,1005.74,21.96,4.22,161.4,872.7,normal
2025-09-17 12:40:00,35.78,45.55,1005.69,22.16,4.45,203.7,819.7,normal
2025-09-17 12:50:00,35.51,46.51,1005.73,22.26,5.08,152.3,821.2,normal
2025-09-17 13:00:00,35.83,45.55,1006.03,22.21,5.37,196.4,806.6,normal
2025-09-17 13:10:00,36.04,46.8,1006.01,22.85,4.66,152.4,826.1,normal
2025-09-17 13:20:00,35.68,44.89,1006.03,21.84,5.32,190.2,817.9,normal
2025-09-17 13:30:00,36.03,44.81,1006.25,22.12,5.1,184.3,790.5,normal
2025-09-17 13:40:00,36.07,44.09,1006.58,21.89,5.02,173.0,740.4,normal
2025-09-17 13:50:00,35.95,45.62,1006.52,22.35,5.58,168.3,737.4,normal
2025-09-17 14:00:00,35.78,45.93,1006.67,22.3,4.36,159.8,737.1,normal
2025-09-17 14:10:00,36.18,45.89,1006.66,22.65,5.53,194.4,750.7,normal
2025-09-17 14:20:00,35.84,44.09,1006.74,21.69,5.16,184.0,675.1,normal
2025-09-17 14:30:00,35.82,44.84,1006.83,21.94,5.4,191.8,651.5,normal
2025-09-17 14:40:00,35.4,45.53,1006.62,21.82,4.69,150.9,702.2,normal
2025-09-17 14:50:00,35.64,45.88,1006.71,22.16,4.47,170.4,618.2,normal
2025-09-17 15:00:00,36.05,47.07,1006.75,22.95,4.73,194.0,553.7,normal
2025-09-17 15:10:00,35.5,46.01,1006.82,22.07,4.35,187.1,589.2,normal
2025-09-17 15:20:00,35.83,44.49,1006.69,21.83,5.53,193.6,555.1,normal
2025-09-17 15:30:00,35.17,46.49,1006.63,21.95,5.02,206.3,539.0,normal
2025-09-17 15:40:00,34.95,47.31,1006.58,22.04,3.71,191.5,488.6,normal
2025-09-17 15:50:00,35.45,46.59,1006.71,22.24,4.71,188.3,454.5,normal
2025-09-17 16:00:00,35.47,47.45,1006.93,22.56,4.88,211.6,392.2,normal
2025-09-17 16:10:00,35.43,47.88,1006.4,22.67,4.12,200.3,384.9,normal
2025-09-17 16:20:00,35.24,46.94,1006.35,22.18,4.4,212.0,372.4,normal
2025-09-17 16:30:00,35.2,49.2,1006.38,22.91,4.0,208.1,333.5,normal
2025-09-17 16:40:00,34.71,49.23,1006.43,22.48,4.9,205.9,294.9,normal
2025-09-17 16:50:00,33.89,48.83,1005.91,21.59,3.86,202.2,255.7,normal
2025-09-17 17:00:00,34.21,49.98,1005.77,22.27,4.74,222.2,191.4,normal
2025-09-17 17:10:00,34.07,50.34,1005.55,22.26,4.23,211.3,194.9,normal
2025-09-17 17:20:00,34.0,50.83,1005.56,22.35,3.99,209.8,125.6,normal
2025-09-17 17:30:00,34.06,53.08,1005.4,23.12,3.74,188.6,129.4,normal
2025-09-17 17:40:00,33.45,53.54,1005.31,22.7,4.54,209.2,49.4,normal
2025-09-17 17:50:00,33.18,52.86,1005.54,22.24,3.81,215.9,48.0,normal
2025-09-17 18:00:00,33.09,52.95,1005.1,22.18,4.47,203.0,48.1,normal
2025-09-17 18:10:00,33.36,54.48,1005.05,22.91,4.0,202.9,0.0,normal
2025-09-17 18:20:00,32.44,53.4,1004.92,21.74,3.76,224.5,0.0,normal
2025-09-17 18:30:00,32.67,55.18,1004.62,22.48,4.17,191.3,0.0,normal
2025-09-17 18:40:00,32.1,55.94,1004.3,22.18,3.73,201.9,0.0,normal
2025-09-17 18:50:00,31.82,57.77,1004.2,22.45,3.65,224.3,0.0,normal
2025-09-17 19:00:00,32.3,59.27,1004.2,23.32,4.37,206.7,0.0,normal
2025-09-17 19:10:00,31.55,58.76,1003.91,22.48,3.56,234.4,0.0,normal
2025-09-17 19:20:00,30.85,58.33,1003.77,21.71,3.03,228.5,0.0,normal
2025-09-17 19:30:00,30.9,59.44,1003.5,22.06,3.17,213.5,0.0,normal
2025-09-17 19:40:00,30.71,60.46,1003.84,22.16,3.2,233.7,0.0,normal
2025-09-17 19:50:00,30.19,62.72,1003.39,22.28,3.85,207.0,0.0,normal
2025-09-17 20:00:00,29.86,61.11,1003.53,21.54,2.48,221.4,0.0,normal
2025-09-17 20:10:00,29.62,63.38,1003.46,21.91,2.61,249.2,0.0,normal
2025-09-17 20:20:00,29.51,63.95,1003.24,21.96,3.33,222.0,0.0,normal
2025-09-17 20:30:00,30.07,65.61,1003.18,22.91,1.99,231.3,0.0,normal
2025-09-17 20:40:00,28.62,66.4,1003.2,21.73,2.68,239.8,0.0,normal
2025-09-17 20:50:00,27.9,65.66,1003.17,20.86,3.61,197.8,0.0,normal
2025-09-17 21:00:00,28.29,67.3,1003.09,21.63,2.29,218.7,0.0,normal
2025-09-17 21:10:00,27.97,67.83,1003.3,21.46,2.44,221.9,0.0,normal
2025-09-17 21:20:00,28.13,69.21,1003.23,21.94,2.13,213.6,0.0,normal
2025-09-17 21:30:00,27.55,69.94,1003.54,21.56,2.35,210.5,0.0,normal
2025-09-17 21:40:00,27.64,69.9,1003.11,21.64,2.44,220.2,0.0,normal
2025-09-17 21:50:00,27.08,69.35,1003.26,20.97,1.53,220.8,0.0,normal
2025-09-17 22:00:00,27.27,69.95,1003.5,21.3,1.24,206.7,0.0,normal
2025-09-17 22:10:00,27.12,72.05,1003.46,21.64,3.39,221.6,0.0,normal
2025-09-17 22:20:00,26.38,71.62,1003.44,20.82,1.61,217.6,0.0,normal
2025-09-17 22:30:00,26.57,73.52,1004.06,21.44,1.0,219.3,0.0,normal
2025-09-17 22:40:00,25.52,74.2,1003.71,20.58,2.39,228.6,0.0,normal
2025-09-17 22:50:00,25.98,75.2,1003.75,21.24,1.44,205.4,0.0,normal
2025-09-17 23:00:00,25.81,74.75,1004.14,20.98,1.25,202.1,0.0,normal
2025-09-17 23:10:00,25.63,74.96,1004.27,20.85,0.66,239.3,0.0,normal
2025-09-17 23:20:00,25.39,75.82,1004.45,20.8,1.7,204.1,0.0,normal
2025-09-17 23:30:00,25.08,77.62,1004.6,20.89,0.77,209.6,0.0,normal
2025-09-17 23:40:00,25.07,76.64,1004.59,20.67,1.45,198.3,0.0,normal
2025-09-17 23:50:00,25.18,77.67,1004.97,20.99,1.53,211.0,0.0,normal
2025-09-18 00:00:00,25.02,78.4,1004.81,20.99,0.57,227.0,0.0,normal
2025-09-18 00:10:00,24.77,78.45,1005.36,20.76,1.16,192.3,0.0,normal
2025-09-18 00:20:00,24.54,78.76,1005.41,20.6,1.91,197.4,0.0,normal
2025-09-18 00:30:00,24.35,80.68,1005.19,20.81,1.2,204.8,0.0,normal
2025-09-18 00:40:00,24.13,78.53,1005.75,20.15,1.21,188.1,0.0,normal
2025-09-18 00:50:00,24.25,79.16,1005.78,20.4,2.4,208.9,0.0,normal
2025-09-18 01:00:00,24.36,79.58,1005.68,20.59,1.83,211.9,0.0,normal
2025-09-18 01:10:00,24.23,77.82,1006.01,20.1,1.01,181.1,0.0,normal
2025-09-18 01:20:00,23.89,80.26,1006.17,20.28,0.85,190.2,0.0,normal
2025-09-18 01:30:00,23.66,78.86,1006.12,19.77,1.42,208.7,0.0,normal
2025-09-18 01:40:00,23.82,80.69,1006.4,20.29,2.51,181.7,0.0,normal
2025-09-18 01:50:00,23.73,80.39,1006.6,20.15,0.51,174.0,0.0,normal
2025-09-18 02:00:00,24.58,79.69,1006.69,20.83,1.53,188.9,0.0,normal
2025-09-18 02:10:00,24.15,80.39,1006.57,20.55,1.24,178.6,0.0,normal
2025-09-18 02:20:00,24.11,78.82,1006.58,20.2,1.21,174.6,0.0,normal
2025-09-18 02:30:00,23.91,79.86,1006.79,20.22,0.51,167.9,0.0,normal
2025-09-18 02:40:00,24.15,79.07,1006.82,20.29,1.51,135.8,0.0,normal
2025-09-18 02:50:00,24.18,78.56,1006.97,20.21,0.68,152.4,0.0,normal
2025-09-18 03:00:00,24.35,78.92,1006.87,20.45,0.78,184.3,0.0,normal
2025-09-18 03:10:00,24.43,79.5,1006.58,20.64,1.68,159.7,0.0,normal
2025-09-18 03:20:00,24.32,79.36,1006.71,20.51,2.09,161.5,0.0,normal
2025-09-18 03:30:00,24.24,79.64,1006.66,20.49,1.61,175.3,0.0,normal
2025-09-18 03:40:00,24.93,76.88,1006.56,20.59,0.76,172.0,0.0,normal
2025-09-18 03:50:00,24.56,78.09,1006.54,20.49,0.98,167.6,0.0,normal
2025-09-18 04:00:00,24.47,78.5,1006.6,20.48,1.83,138.8,0.0,normal
2025-09-18 04:10:00,24.94,78.78,1006.49,20.99,1.83,164.0,0.0,normal
2025-09-18 04:20:00,25.01,77.02,1006.33,20.7,1.4,170.2,0.0,normal
2025-09-18 04:30:00,24.94,76.49,1006.14,20.51,1.95,147.9,0.0,normal
2025-09-18 04:40:00,25.36,76.66,1006.1,20.95,2.41,159.6,0.0,normal
2025-09-18 04:50:00,25.98,75.93,1005.99,21.4,1.21,134.1,0.0,normal
2025-09-18 05:00:00,25.96,76.09,1005.89,21.42,0.56,168.2,0.0,normal
2025-09-18 05:10:00,25.8,75.18,1005.98,21.06,1.85,139.2,0.0,normal
2025-09-18 05:20:00,25.93,75.6,1005.81,21.28,1.66,144.3,0.0,normal
2025-09-18 05:30:00,25.68,72.38,1005.42,20.33,1.7,126.3,0.0,normal
2025-09-18 05:40:00,26.75,70.94,1005.36,21.03,2.41,174.9,0.0,normal
2025-09-18 05:50:00,26.67,70.91,1005.07,20.95,2.24,149.4,0.0,normal
2025-09-18 06:00:00,27.08,69.91,1005.01,21.1,1.31,155.8,0.0,normal
2025-09-18 06:10:00,27.68,71.17,1005.05,21.97,1.67,144.7,20.4,normal
2025-09-18 06:20:00,27.33,68.27,1004.58,20.96,0.91,160.9,47.4,normal
2025-09-18 06:30:00,27.72,68.53,1004.57,21.39,1.72,145.1,87.3,normal
2025-09-18 06:40:00,28.16,69.45,1004.45,22.03,2.92,153.7,166.9,normal
2025-09-18 06:50:00,28.62,66.55,1004.42,21.76,2.89,161.7,194.2,normal
2025-09-18 07:00:00,28.22,67.54,1004.09,21.62,2.89,138.9,197.6,normal
2025-09-18 07:10:00,28.61,66.19,1003.96,21.67,2.39,136.8,283.4,normal
2025-09-18 07:20:00,28.99,65.29,1004.11,21.81,2.14,140.0,277.2,normal
2025-09-18 07:30:00,29.52,63.55,1003.77,21.86,2.43,145.5,320.2,normal
2025-09-18 07:40:00,29.12,65.71,1003.51,22.03,2.87,172.3,362.4,normal
2025-09-18 07:50:00,29.94,63.86,1003.41,22.33,3.75,100.1,361.7,normal
2025-09-18 08:00:00,30.46,63.53,1003.53,22.74,3.39,137.1,415.0,normal
2025-09-18 08:10:00,30.64,62.63,1003.29,22.68,3.1,142.1,478.9,normal
2025-09-18 08:20:00,30.65,60.67,1003.45,22.16,2.59,173.1,501.3,normal
2025-09-18 08:30:00,31.23,59.93,1003.18,22.5,2.51,152.5,523.2,normal
2025-09-18 08:40:00,31.07,60.99,1003.33,22.64,2.95,137.3,561.0,normal
2025-09-18 08:50:00,31.28,58.36,1002.88,22.11,3.79,154.0,574.3,normal
2025-09-18 09:00:00,31.69,58.09,1003.41,22.42,4.07,149.1,592.3,normal
2025-09-18 09:10:00,31.23,55.44,1003.14,21.23,4.07,158.7,646.9,normal
2025-09-18 09:20:00,32.13,56.05,1003.36,22.24,4.11,149.6,650.9,normal
2025-09-18 09:30:00,32.43,56.24,1003.18,22.57,3.32,162.2,777.1,normal
2025-09-18 09:40:00,32.4,53.8,1003.37,21.81,3.76,159.9,682.0,normal
2025-09-18 09:50:00,33.05,53.8,1003.33,22.41,3.91,165.6,698.8,normal
2025-09-18 10:00:00,32.67,53.86,1003.38,22.08,4.35,152.4,730.4,normal
2025-09-18 10:10:00,32.98,53.05,1003.53,22.12,3.8,142.0,751.9,normal
2025-09-18 10:20:00,33.72,52.45,1004.08,22.62,3.71,131.7,750.4,normal
2025-09-18 10:30:00,34.29,53.21,1003.93,23.38,3.95,127.5,782.4,normal
2025-09-18 10:40:00,33.97,50.06,1003.83,22.07,5.06,164.3,810.6,normal
2025-09-18 10:50:00,34.39,49.53,1004.06,22.28,4.32,157.9,792.9,normal
2025-09-18 11:00:00,34.45,49.93,1004.08,22.47,4.26,152.5,832.1,normal
2025-09-18 11:10:00,34.96,49.08,1004.28,22.65,4.55,150.0,855.2,normal
2025-09-18 11:20:00,34.37,49.21,1004.3,22.16,4.62,155.7,826.1,normal
2025-09-18 11:30:00,35.09,48.63,1004.49,22.62,3.42,146.5,860.8,normal
2025-09-18 11:40:00,35.23,48.45,1004.67,22.69,5.34,190.3,879.5,normal
2025-09-18 11:50:00,34.85,47.6,1004.67,22.05,5.27,136.9,831.1,normal
2025-09-18 12:00:00,35.05,47.96,1004.85,22.35,5.23,158.5,851.2,normal
2025-09-18 12:10:00,35.53,46.78,1005.13,22.38,4.12,177.2,840.3,normal
2025-09-18 12:20:00,35.94,46.89,1005.42,22.79,4.65,167.7,822.8,normal
2025-09-18 12:30:00,35.49,45.8,1005.33,21.99,5.1,141.0,875.0,normal
2025-09-18 12:40:00,36.07,45.16,1005.69,22.29,5.2,188.9,826.1,normal
2025-09-18 12:50:00,35.8,46.46,1005.53,22.51,4.72,171.9,832.2,normal
2025-09-18 13:00:00,36.11,45.54,1005.98,22.46,4.86,180.7,808.8,normal
2025-09-18 13:10:00,36.19,46.35,1006.02,22.83,5.91,163.2,833.2,normal
2025-09-18 13:20:00,36.13,46.21,1006.12,22.72,5.59,169.9,815.5,normal
2025-09-18 13:30:00,35.99,44.31,1006.1,21.9,5.13,171.3,778.3,normal
2025-09-18 13:40:00,35.93,44.24,1006.36,21.82,4.92,166.7,806.8,normal
2025-09-18 13:50:00,35.82,45.6,1006.58,22.22,4.82,160.0,777.3,normal
2025-09-18 14:00:00,36.14,44.9,1006.51,22.25,5.94,173.2,759.9,normal
2025-09-18 14:10:00,36.08,46.3,1006.41,22.7,5.01,195.9,695.2,normal
2025-09-18 14:20:00,35.74,45.5,1006.7,22.11,4.38,189.3,676.5,normal
2025-09-18 14:30:00,35.92,45.53,1006.83,22.29,4.68,172.6,687.1,normal
2025-09-18 14:40:00,35.58,45.5,1006.8,21.97,5.45,218.5,627.6,normal
2025-09-18 14:50:00,35.98,45.77,1006.69,22.42,4.95,182.7,633.7,normal
2025-09-18 15:00:00,35.98,44.14,1006.71,21.84,4.74,175.8,623.0,normal
2025-09-18 15:10:00,35.39,46.48,1006.85,22.14,5.51,171.7,584.2,normal
2025-09-18 15:20:00,35.31,45.59,1006.52,21.76,5.03,179.2,585.4,normal
2025-09-18 15:30:00,35.7,45.06,1006.7,21.92,4.72,188.5,533.2,normal
2025-09-18 15:40:00,35.41,48.05,1006.78,22.71,4.49,202.9,498.9,normal
2025-09-18 15:50:00,35.36,47.01,1006.89,22.31,4.23,222.6,453.4,normal
2025-09-18 16:00:00,35.21,48.17,1006.6,22.57,4.95,193.6,450.2,normal
2025-09-18 16:10:00,35.08,47.41,1006.46,22.19,5.33,178.5,377.8,normal
2025-09-18 16:20:00,34.37,48.9,1006.44,22.05,4.52,213.6,357.2,normal
2025-09-18 16:30:00,34.45,48.72,1006.17,22.07,3.79,203.8,346.6,normal
2025-09-18 16:40:00,34.69,50.8,1006.42,22.97,4.71,192.0,309.6,normal
2025-09-18 16:50:00,34.36,49.35,1006.13,22.19,3.92,223.2,264.6,normal
2025-09-18 17:00:00,33.99,49.06,1006.15,21.76,4.63,204.5,238.6,normal
2025-09-18 17:10:00,33.58,50.8,1005.63,21.96,4.4,218.1,167.5,normal
2025-09-18 17:20:00,33.72,52.17,1005.49,22.52,4.27,207.7,143.6,normal
2025-09-18 17:30:00,33.76,52.77,1005.36,22.75,4.42,193.6,141.0,normal
2025-09-18 17:40:00,33.04,51.79,1005.24,21.78,4.37,195.7,53.6,normal
2025-09-18 17:50:00,32.88,52.59,1005.13,21.88,5.3,207.9,22.2,normal
2025-09-18 18:00:00,32.94,54.63,1004.86,22.57,3.39,197.9,31.6,normal
2025-09-18 18:10:00,33.01,53.91,1004.82,22.41,4.2,228.9,0.0,normal
2025-09-18 18:20:00,33.16,55.21,1004.72,22.95,3.66,225.6,0.0,normal
2025-09-18 18:30:00,32.32,55.2,1004.3,22.16,3.21,191.5,0.0,normal
2025-09-18 18:40:00,32.15,56.33,1004.37,22.34,3.71,216.1,0.0,normal
2025-09-18 18:50:00,32.02,56.68,1004.22,22.32,3.89,221.9,0.0,normal
2025-09-18 19:00:00,31.7,57.61,1004.17,22.29,3.82,198.2,0.0,normal
2025-09-18 19:10:00,31.0,59.32,1003.96,22.12,3.01,220.4,0.0,normal
2025-09-18 19:20:00,31.5,58.06,1003.74,22.24,3.02,238.5,0.0,normal
2025-09-18 19:30:00,30.62,60.56,1003.94,22.1,3.48,208.5,0.0,normal
2025-09-18 19:40:00,30.14,60.91,1003.5,21.75,2.13,218.6,0.0,normal
2025-09-18 19:50:00,30.29,62.8,1003.31,22.39,4.19,209.0,0.0,normal
2025-09-18 20:00:00,29.33,61.59,1003.39,21.17,2.48,197.0,0.0,normal
2025-09-18 20:10:00,30.17,62.57,1003.51,22.22,2.37,214.7,0.0,normal
2025-09-18 20:20:00,29.78,61.71,1003.03,21.62,3.02,201.3,0.0,normal
2025-09-18 20:30:00,28.84,66.18,1003.35,21.88,1.87,204.3,0.0,normal
2025-09-18 20:40:00,29.39,65.74,1003.05,22.29,3.17,209.6,0.0,normal
2025-09-18 20:50:00,28.78,67.69,1003.39,22.2,3.36,214.8,0.0,normal
2025-09-18 21:00:00,28.23,67.05,1002.9,21.52,2.27,207.3,0.0,normal
2025-09-18 21:10:00,28.35,67.29,1003.19,21.69,1.7,239.1,0.0,normal
2025-09-18 21:20:00,27.92,68.96,1003.19,21.69,2.3,252.1,0.0,normal
2025-09-18 21:30:00,27.58,69.27,1003.46,21.43,3.43,186.3,0.0,normal
2025-09-18 21:40:00,27.57,70.21,1003.34,21.64,2.41,208.4,0.0,normal
2025-09-18 21:50:00,27.21,72.1,1003.45,21.73,1.99,212.3,0.0,normal
2025-09-18 22:00:00,27.17,70.14,1003.29,21.24,1.56,235.5,0.0,normal
2025-09-18 22:10:00,26.32,72.2,1003.47,20.9,2.09,213.4,0.0,normal
2025-09-18 22:20:00,26.42,72.66,1003.41,21.1,0.81,219.6,0.0,normal
2025-09-18 22:30:00,26.27,73.68,1003.76,21.19,2.29,227.5,0.0,normal
2025-09-18 22:40:00,26.23,74.98,1003.74,21.43,1.87,208.7,0.0,normal
2025-09-18 22:50:00,26.16,75.42,1004.02,21.46,1.46,210.9,0.0,normal
2025-09-18 23:00:00,26.25,75.22,1004.02,21.51,1.28,177.7,0.0,normal
2025-09-18 23:10:00,25.18,75.21,1004.23,20.47,1.36,195.8,0.0,normal
2025-09-18 23:20:00,25.42,75.24,1004.63,20.71,1.68,199.1,0.0,normal
2025-09-18 23:30:00,25.21,77.09,1004.62,20.9,1.34,197.2,0.0,normal
2025-09-18 23:40:00,25.13,78.47,1004.58,21.11,1.36,193.0,0.0,normal
2025-09-18 23:50:00,24.95,76.54,1004.72,20.54,1.45,169.5,0.0,normal
2025-09-19 00:00:00,25.41,76.86,1004.83,21.04,0.76,181.0,0.0,normal
2025-09-19 00:10:00,24.73,76.69,1005.28,20.35,0.68,236.4,0.0,normal
2025-09-19 00:20:00,24.96,78.07,1005.53,20.87,1.48,191.2,0.0,normal
2025-09-19 00:30:00,24.85,78.34,1005.29,20.81,1.13,152.3,0.0,normal
2025-09-19 00:40:00,24.84,78.23,1005.57,20.78,0.65,191.7,0.0,normal
2025-09-19 00:50:00,23.88,80.0,1005.78,20.21,1.18,191.8,0.0,normal
2025-09-19 01:00:00,23.7,81.32,1006.02,20.3,1.52,195.7,0.0,normal
2025-09-19 01:10:00,23.88,80.33,1006.06,20.28,1.55,191.0,0.0,normal
2025-09-19 01:20:00,24.3,80.01,1006.29,20.62,1.16,211.7,0.0,normal
2025-09-19 01:30:00,23.39,81.2,1006.52,19.98,0.5,185.7,0.0,normal
2025-09-19 01:40:00,24.03,79.18,1006.34,20.19,0.5,163.4,0.0,normal
2025-09-19 01:50:00,23.99,80.5,1006.35,20.42,0.55,173.5,0.0,normal
2025-09-19 02:00:00,23.89,80.69,1006.38,20.36,1.14,186.4,0.0,normal
2025-09-19 02:10:00,24.0,79.33,1006.79,20.19,0.81,171.6,0.0,normal
2025-09-19 02:20:00,23.83,79.86,1006.66,20.14,2.27,152.3,0.0,normal
2025-09-19 02:30:00,23.55,80.08,1006.53,19.91,0.53,177.8,0.0,normal
2025-09-19 02:40:00,24.43,78.21,1006.88,20.38,1.35,157.9,0.0,normal
2025-09-19 02:50:00,24.44,80.5,1006.86,20.85,1.24,163.9,0.0,normal
2025-09-19 03:00:00,23.88,80.07,1006.92,20.23,0.9,176.9,0.0,normal
2025-09-19 03:10:00,24.87,78.68,1006.98,20.91,1.03,161.2,0.0,normal
2025-09-19 03:20:00,24.59,78.0,1006.89,20.49,1.28,156.4,0.0,normal
2025-09-19 03:30:00,24.22,79.1,1006.65,20.36,1.72,192.7,0.0,normal
2025-09-19 03:40:00,24.18,78.22,1006.57,20.14,1.24,156.5,0.0,normal
2025-09-19 03:50:00,24.69,77.54,1006.45,20.49,0.83,151.5,0.0,normal
2025-09-19 04:00:00,24.93,79.08,1006.48,21.04,0.94,143.4,0.0,normal
2025-09-19 04:10:00,24.63,78.55,1006.48,20.64,1.83,146.3,0.0,normal
2025-09-19 04:20:00,24.75,75.66,1006.57,20.15,2.22,188.8,0.0,normal
2025-09-19 04:30:00,25.84,76.61,1006.27,21.41,2.07,158.5,0.0,normal
2025-09-19 04:40:00,25.21,75.95,1006.13,20.66,1.95,157.5,0.0,normal
2025-09-19 04:50:00,24.99,76.6,1006.06,20.58,1.73,169.4,0.0,normal
2025-09-19 05:00:00,25.98,74.71,1005.81,21.13,1.78,144.1,0.0,normal
2025-09-19 05:10:00,26.13,75.6,1005.98,21.47,1.36,166.9,0.0,normal
2025-09-19 05:20:00,25.96,73.92,1005.92,20.94,1.71,134.2,0.0,normal
2025-09-19 05:30:00,26.59,73.95,1005.71,21.55,1.38,162.6,0.0,normal
2025-09-19 05:40:00,26.14,72.16,1005.39,20.72,1.24,136.4,0.0,normal
2025-09-19 05:50:00,26.92,72.33,1005.18,21.51,1.08,154.0,0.0,normal
2025-09-19 06:00:00,26.73,70.98,1004.87,21.02,1.96,130.0,0.0,normal
2025-09-19 06:10:00,27.07,69.41,1004.89,20.98,2.62,127.4,39.0,normal
2025-09-19 06:20:00,26.97,68.76,1004.46,20.73,2.83,154.3,75.3,normal
2025-09-19 06:30:00,27.77,71.41,1004.36,22.11,1.93,160.2,101.3,normal
2025-09-19 06:40:00,28.06,69.2,1004.18,21.88,2.22,151.4,146.4,normal
2025-09-19 06:50:00,28.54,67.3,1004.09,21.87,2.53,164.1,200.3,normal
2025-09-19 07:00:00,28.17,66.79,1004.26,21.39,2.76,145.9,226.1,normal
2025-09-19 07:10:00,29.27,66.29,1004.15,22.32,2.37,133.6,236.0,normal
2025-09-19 07:20:00,28.77,66.37,1003.75,21.86,1.97,156.4,301.3,normal
2025-09-19 07:30:00,29.06,64.84,1003.48,21.75,2.82,129.0,327.2,normal
2025-09-19 07:40:00,29.7,64.1,1003.61,22.17,3.59,158.2,374.8,normal
2025-09-19 07:50:00,30.63,63.84,1003.44,22.98,2.99,145.4,425.8,normal
2025-09-19 08:00:00,29.38,61.64,1003.36,21.23,2.42,108.7,418.4,normal
2025-09-19 08:10:00,30.6,60.79,1003.14,22.15,2.74,145.3,461.0,normal
2025-09-19 08:20:00,30.48,62.62,1003.11,22.52,3.61,153.4,482.3,normal
2025-09-19 08:30:00,30.71,59.17,1003.18,21.81,3.66,171.4,507.4,normal
2025-09-19 08:40:00,31.05,59.66,1003.26,22.26,4.16,112.8,577.6,normal
2025-09-19 08:50:00,31.52,58.78,1003.17,22.45,3.64,148.4,572.5,normal
2025-09-19 09:00:00,31.9,58.2,1003.05,22.64,4.04,153.4,542.4,normal
2025-09-19 09:10:00,31.85,57.27,1003.18,22.33,4.07,133.9,643.2,normal
2025-09-19 09:20:00,32.05,56.42,1003.12,22.27,3.35,140.7,658.0,normal
2025-09-19 09:30:00,32.59,54.18,1003.29,22.11,3.85,130.8,682.2,normal
2025-09-19 09:40:00,32.35,55.59,1003.45,22.31,4.06,169.5,735.9,normal
2025-09-19 09:50:00,32.64,52.92,1003.45,21.77,4.21,161.7,671.9,normal
2025-09-19 10:00:00,32.8,54.09,1003.71,22.27,4.14,159.7,752.8,normal
2025-09-19 10:10:00,33.03,53.38,1003.83,22.27,3.65,145.6,740.1,normal
2025-09-19 10:20:00,33.71,53.25,1003.54,22.85,3.95,134.7,745.7,normal
2025-09-19 10:30:00,33.72,50.88,1003.75,22.11,4.79,119.9,783.9,normal
2025-09-19 10:40:00,33.5,52.23,1004.03,22.35,4.42,135.5,785.3,normal
2025-09-19 10:50:00,34.26,50.52,1004.27,22.49,4.25,136.2,811.8,normal
2025-09-19 11:00:00,34.16,50.0,1004.18,22.23,4.34,156.5,845.5,normal
2025-09-19 11:10:00,34.6,49.28,1004.36,22.39,4.62,143.9,808.2,normal
2025-09-19 11:20:00,34.47,49.2,1004.15,22.25,4.41,149.2,826.8,normal
2025-09-19 11:30:00,34.23,47.58,1004.45,21.48,4.17,172.4,843.9,normal
2025-09-19 11:40:00,35.11,48.12,1004.96,22.46,4.49,165.4,879.7,normal
2025-09-19 11:50:00,34.97,47.95,1004.75,22.27,3.52,169.3,850.6,normal
2025-09-19 12:00:00,35.52,47.28,1004.94,22.55,4.98,185.2,856.0,normal
2025-09-19 12:10:00,35.82,47.81,1005.34,23.0,4.89,172.5,863.9,normal
2025-09-19 12:20:00,35.83,48.57,1005.05,23.28,5.57,156.1,852.3,normal
2025-09-19 12:30:00,35.5,46.76,1005.18,22.34,5.25,154.1,828.5,normal
2025-09-19 12:40:00,36.41,46.2,1005.44,22.97,6.11,130.0,806.9,normal
2025-09-19 12:50:00,35.61,46.47,1005.66,22.34,5.02,177.0,816.4,normal
2025-09-19 13:00:00,35.36,44.18,1006.15,21.29,4.02,180.8,799.0,normal
2025-09-19 13:10:00,35.66,46.82,1006.12,22.51,4.72,172.6,813.8,normal
2025-09-19 13:20:00,35.56,45.42,1006.11,21.92,5.52,152.2,785.3,normal
2025-09-19 13:30:00,35.98,45.04,1006.18,22.16,5.09,147.0,788.3,normal
2025-09-19 13:40:00,36.28,44.42,1006.55,22.2,5.37,148.2,753.7,normal
2025-09-19 13:50:00,35.58,45.59,1006.38,22.0,5.75,213.2,730.8,normal
2025-09-19 14:00:00,36.28,45.53,1006.56,22.61,5.13,215.8,740.7,normal
2025-09-19 14:10:00,36.03,45.14,1006.42,22.25,5.3,159.3,721.6,normal
2025-09-19 14:20:00,36.15,45.4,1006.64,22.45,4.76,155.4,712.5,normal
2025-09-19 14:30:00,36.05,45.89,1006.78,22.53,5.55,197.0,670.5,normal
2025-09-19 14:40:00,35.81,44.33,1006.87,21.75,5.65,207.9,658.4,normal
2025-09-19 14:50:00,36.06,44.75,1006.81,22.13,5.34,181.7,603.3,normal
2025-09-19 15:00:00,36.31,44.44,1006.91,22.24,4.12,159.9,610.0,normal
2025-09-19 15:10:00,36.17,45.32,1006.71,22.43,5.15,208.2,580.8,normal
2025-09-19 15:20:00,35.51,47.01,1006.96,22.44,5.18,196.5,567.1,normal
2025-09-19 15:30:00,35.66,45.49,1006.66,22.04,4.55,194.6,528.7,normal
2025-09-19 15:40:00,35.54,47.28,1006.65,22.56,4.6,221.0,520.6,normal
2025-09-19 15:50:00,34.94,46.21,1006.63,21.64,4.33,226.2,433.1,normal
2025-09-19 16:00:00,35.24,47.87,1006.54,22.5,5.08,189.8,423.2,normal
2025-09-19 16:10:00,34.95,46.26,1006.35,21.67,4.16,208.7,361.4,normal
2025-09-19 16:20:00,34.98,47.51,1006.33,22.13,4.67,193.8,343.2,normal
2025-09-19 16:30:00,34.8,48.8,1006.36,22.41,4.74,204.9,357.9,normal
2025-09-19 16:40:00,34.72,49.3,1005.94,22.51,4.07,201.0,261.8,normal
2025-09-19 16:50:00,33.97,49.52,1006.11,21.9,3.92,204.1,192.4,normal
2025-09-19 17:00:00,34.32,49.64,1005.9,22.26,3.93,227.4,188.7,normal
2025-09-19 17:10:00,34.15,50.12,1005.83,22.26,4.28,223.3,200.4,normal
2025-09-19 17:20:00,34.15,50.4,1005.5,22.35,4.7,197.3,129.9,normal
2025-09-19 17:30:00,33.74,50.52,1005.42,22.01,4.08,205.7,93.2,normal
2025-09-19 17:40:00,33.42,52.71,1005.23,22.42,4.65,204.5,62.8,normal
2025-09-19 17:50:00,33.29,52.89,1005.41,22.36,3.53,227.9,15.0,normal
2025-09-19 18:00:00,32.95,53.41,1005.05,22.21,4.14,200.9,37.9,normal
2025-09-19 18:10:00,32.69,53.12,1004.62,21.87,4.76,193.7,0.0,normal
2025-09-19 18:20:00,32.51,55.58,1004.99,22.46,4.03,219.9,0.0,normal
2025-09-19 18:30:00,32.13,54.52,1004.63,21.78,4.12,182.4,0.0,normal
2025-09-19 18:40:00,31.69,55.42,1004.29,21.65,3.63,231.6,0.0,normal
2025-09-19 18:50:00,31.83,56.95,1004.35,22.22,3.87,214.4,0.0,normal
2025-09-19 19:00:00,31.57,58.05,1004.2,22.29,3.97,228.4,0.0,normal
2025-09-19 19:10:00,31.59,59.92,1003.92,22.84,4.1,203.8,0.0,normal
2025-09-19 19:20:00,31.55,61.08,1003.74,23.11,2.83,217.3,0.0,normal
2025-09-19 19:30:00,30.84,60.78,1004.03,22.37,2.75,242.3,0.0,normal
2025-09-19 19:40:00,31.11,59.62,1003.52,22.31,3.43,246.0,0.0,normal
2025-09-19 19:50:00,30.66,60.98,1003.47,22.26,3.54,231.9,0.0,normal
2025-09-19 20:00:00,29.73,62.01,1003.45,21.65,2.86,211.5,0.0,normal
2025-09-19 20:10:00,30.23,62.38,1003.59,22.22,2.26,213.6,0.0,normal
2025-09-19 20:20:00,29.7,64.48,1003.26,22.27,3.19,208.9,0.0,normal
2025-09-19 20:30:00,29.13,65.62,1003.34,22.02,2.58,236.0,0.0,normal
2025-09-19 20:40:00,28.89,65.06,1003.28,21.65,2.65,225.8,0.0,normal
2025-09-19 20:50:00,29.02,66.65,1003.05,22.17,2.69,215.1,0.0,normal
2025-09-19 21:00:00,28.16,67.86,1003.27,21.65,2.05,232.6,0.0,normal
2025-09-19 21:10:00,27.69,67.82,1003.29,21.19,2.44,205.7,0.0,normal
2025-09-19 21:20:00,27.66,69.87,1003.21,21.65,2.84,222.5,0.0,normal
2025-09-19 21:30:00,27.32,69.46,1003.32,21.23,1.74,245.0,0.0,normal
2025-09-19 21:40:00,27.61,70.42,1003.34,21.73,2.69,224.0,0.0,normal
2025-09-19 21:50:00,27.34,70.21,1003.11,21.43,1.75,189.7,0.0,normal
2025-09-19 22:00:00,27.52,71.74,1003.49,21.95,2.33,228.1,0.0,normal
2025-09-19 22:10:00,26.9,71.46,1003.1,21.29,2.0,213.9,0.0,normal
2025-09-19 22:20:00,26.59,72.93,1003.57,21.33,0.93,218.4,0.0,normal
2025-09-19 22:30:00,26.07,72.42,1003.97,20.72,0.79,217.7,0.0,normal
2025-09-19 22:40:00,26.58,75.55,1003.72,21.9,0.97,217.2,0.0,normal
2025-09-19 22:50:00,25.8,73.91,1003.98,20.78,1.39,210.5,0.0,normal
2025-09-19 23:00:00,25.45,74.41,1004.04,20.56,1.74,219.0,0.0,normal
2025-09-19 23:10:00,25.56,73.95,1004.33,20.56,1.91,203.4,0.0,normal
2025-09-19 23:20:00,25.1,76.73,1004.19,20.72,1.77,211.1,0.0,normal
2025-09-19 23:30:00,25.26,75.95,1004.5,20.71,2.02,214.2,0.0,normal
2025-09-19 23:40:00,24.75,77.52,1004.62,20.55,0.92,189.7,0.0,normal
2025-09-19 23:50:00,24.84,76.72,1004.83,20.46,1.36,191.9,0.0,normal
2025-09-20 00:00:00,24.24,77.37,1004.99,20.02,1.02,203.1,0.0,normal
2025-09-20 00:10:00,24.79,76.94,1005.11,20.47,0.63,211.2,0.0,normal
2025-09-20 00:20:00,24.55,78.34,1005.14,20.53,1.27,183.2,0.0,normal
2025-09-20 00:30:00,24.52,79.62,1005.72,20.76,0.88,202.1,0.0,normal
2025-09-20 00:40:00,23.86,79.15,1005.61,20.02,0.68,209.4,0.0,normal
2025-09-20 00:50:00,24.46,78.53,1005.44,20.47,0.59,172.9,0.0,normal
2025-09-20 01:00:00,24.01,79.83,1005.84,20.3,1.4,200.2,0.0,normal
2025-09-20 01:10:00,23.68,79.91,1005.85,20.0,1.78,198.5,0.0,normal
2025-09-20 01:20:00,24.44,80.26,1006.15,20.81,1.07,198.2,0.0,normal
2025-09-20 01:30:00,23.95,80.1,1006.27,20.3,1.11,173.4,0.0,normal
2025-09-20 01:40:00,23.9,78.93,1006.14,20.01,0.61,172.7,0.0,normal
2025-09-20 01:50:00,24.23,78.78,1006.62,20.3,1.91,186.7,0.0,normal
2025-09-20 02:00:00,23.7,79.9,1006.59,20.01,0.5,191.4,0.0,normal
2025-09-20 02:10:00,23.96,80.16,1006.42,20.33,1.01,164.6,0.0,normal
2025-09-20 02:20:00,24.27,79.68,1006.78,20.53,1.25,149.6,0.0,normal
2025-09-20 02:30:00,24.42,81.0,1006.92,20.94,1.1,183.7,0.0,normal
2025-09-20 02:40:00,24.19,79.92,1006.94,20.5,0.5,206.4,0.0,normal
2025-09-20 02:50:00,23.76,78.81,1006.97,19.85,2.41,188.2,0.0,normal
2025-09-20 03:00:00,24.18,80.18,1006.88,20.54,1.54,196.8,0.0,normal
2025-09-20 03:10:00,24.43,77.8,1006.87,20.29,1.64,154.4,0.0,normal
2025-09-20 03:20:00,23.8,78.13,1006.74,19.75,1.23,162.6,0.0,normal
2025-09-20 03:30:00,24.72,80.11,1006.94,21.05,0.5,160.8,0.0,normal
2025-09-20 03:40:00,24.85,78.67,1006.75,20.89,0.5,145.2,0.0,normal
2025-09-20 03:50:00,24.66,77.39,1006.59,20.43,0.9,169.3,0.0,normal
2025-09-20 04:00:00,25.16,78.42,1006.35,21.13,1.31,167.7,0.0,normal
2025-09-20 04:10:00,25.52,76.55,1006.42,21.08,1.07,162.8,0.0,normal
2025-09-20 04:20:00,25.21,76.57,1006.23,20.79,1.08,146.9,0.0,normal
2025-09-20 04:30:00,24.56,76.57,1006.22,20.16,0.8,171.4,0.0,normal
2025-09-20 04:40:00,25.65,75.53,1006.09,21.0,1.13,150.5,0.0,normal
2025-09-20 04:50:00,25.48,76.01,1005.97,20.93,0.5,156.8,0.0,normal
2025-09-20 05:00:00,25.5,74.98,1005.91,20.73,0.66,143.0,0.0,normal
2025-09-20 05:10:00,25.96,74.23,1006.23,21.01,1.56,147.5,0.0,normal
2025-09-20 05:20:00,25.8,73.42,1005.52,20.67,2.2,149.3,0.0,normal
2025-09-20 05:30:00,26.68,72.88,1005.52,21.4,1.91,150.1,0.0,normal
2025-09-20 05:40:00,26.85,72.84,1005.29,21.56,1.08,157.9,0.0,normal
2025-09-20 05:50:00,26.52,72.47,1005.24,21.15,1.2,141.8,0.0,normal
2025-09-20 06:00:00,26.88,70.0,1004.81,20.93,1.93,147.0,0.0,normal
2025-09-20 06:10:00,27.06,69.04,1004.7,20.89,2.71,164.9,33.2,normal
2025-09-20 06:20:00,28.16,70.14,1004.75,22.19,1.47,154.3,51.4,normal
2025-09-20 06:30:00,27.47,69.21,1004.68,21.31,1.9,145.8,108.5,normal
2025-09-20 06:40:00,28.02,69.2,1004.25,21.83,1.68,137.8,152.8,normal
2025-09-20 06:50:00,28.41,69.34,1004.14,22.24,2.76,159.5,179.0,normal
2025-09-20 07:00:00,28.56,66.23,1004.24,21.63,1.31,161.8,166.3,normal
2025-09-20 07:10:00,28.7,65.27,1004.1,21.52,3.05,145.4,264.1,normal
2025-09-20 07:20:00,29.33,64.33,1003.72,21.88,2.58,163.7,289.8,normal
2025-09-20 07:30:00,29.86,64.31,1003.76,22.38,3.58,136.4,286.4,normal
2025-09-20 07:40:00,30.28,65.1,1003.71,22.97,2.74,125.1,332.2,normal
2025-09-20 07:50:00,29.61,63.92,1003.49,22.05,2.73,160.9,414.4,normal
2025-09-20 08:00:00,30.28,61.73,1003.33,22.1,3.2,130.3,447.1,normal
2025-09-20 08:10:00,29.87,61.84,1003.33,21.75,3.19,114.9,440.7,normal
2025-09-20 08:20:00,30.45,59.69,1003.17,21.71,3.74,134.6,465.2,normal
2025-09-20 08:30:00,31.16,60.0,1003.34,22.46,3.69,164.3,494.4,normal
2025-09-20 08:40:00,31.27,58.3,1002.95,22.09,2.97,149.5,549.7,normal
2025-09-20 08:50:00,31.28,58.32,1003.49,22.1,3.55,100.8,587.1,normal
2025-09-20 09:00:00,30.85,58.19,1003.33,21.66,3.01,149.5,593.3,normal
2025-09-20 09:10:00,32.15,57.17,1003.53,22.59,3.87,132.4,608.6,normal
2025-09-20 09:20:00,32.12,56.64,1003.29,22.4,4.23,149.3,649.6,normal
2025-09-20 09:30:00,32.53,54.64,1003.06,22.19,3.56,147.8,632.3,normal
2025-09-20 09:40:00,32.95,54.87,1003.41,22.64,3.54,151.0,703.5,normal
2025-09-20 09:50:00,32.86,56.21,1003.32,22.97,3.92,139.6,719.4,normal
2025-09-20 10:00:00,32.59,53.34,1003.42,21.85,3.69,135.5,746.1,normal
2025-09-20 10:10:00,33.53,51.73,1003.33,22.21,3.17,162.5,760.6,normal
2025-09-20 10:20:00,33.49,50.93,1003.45,21.91,4.13,135.0,778.4,normal
2025-09-20 10:30:00,33.82,52.7,1003.74,22.78,3.67,120.7,785.5,normal
2025-09-20 10:40:00,33.42,51.0,1003.92,21.87,4.03,164.6,794.1,normal
2025-09-20 10:50:00,33.97,51.02,1004.0,22.39,5.03,170.1,797.5,normal
2025-09-20 11:00:00,34.64,49.31,1004.12,22.44,4.67,129.2,820.0,normal
2025-09-20 11:10:00,34.47,49.6,1004.27,22.38,3.48,154.2,836.7,normal
2025-09-20 11:20:00,34.76,48.83,1004.46,22.39,4.63,174.8,809.2,normal
2025-09-20 11:30:00,35.0,48.92,1004.59,22.63,4.58,150.4,823.5,normal
2025-09-20 11:40:00,34.92,50.31,1004.76,23.03,5.32,162.8,828.6,normal
2025-09-20 11:50:00,35.29,48.34,1004.61,22.71,4.23,158.2,827.8,normal
2025-09-20 12:00:00,34.62,47.15,1004.78,21.68,5.14,173.7,864.1,normal
2025-09-20 12:10:00,35.46,46.98,1005.22,22.39,5.38,174.5,854.5,normal
2025-09-20 12:20:00,35.31,45.55,1005.43,21.74,4.3,175.4,846.6,normal
2025-09-20 12:30:00,35.63,46.21,1005.51,22.27,5.73,175.4,832.1,normal
2025-09-20 12:40:00,35.75,45.62,1005.62,22.17,5.18,156.9,821.2,normal
2025-09-20 12:50:00,35.76,45.73,1005.69,22.21,4.56,192.9,800.4,normal
2025-09-20 13:00:00,36.23,46.08,1005.98,22.76,5.67,172.2,831.2,normal
2025-09-20 13:10:00,35.86,45.53,1005.83,22.23,5.06,180.9,801.1,normal
2025-09-20 13:20:00,36.16,45.49,1006.03,22.49,5.0,172.8,783.6,normal
2025-09-20 13:30:00,36.05,46.15,1006.21,22.63,4.92,177.5,776.6,normal
2025-09-20 13:40:00,36.13,45.07,1006.09,22.31,5.06,161.3,785.3,normal
2025-09-20 13:50:00,36.0,46.01,1006.79,22.53,4.85,175.6,748.8,normal
2025-09-20 14:00:00,35.94,45.52,1006.38,22.3,5.51,171.4,712.0,normal
2025-09-20 14:10:00,35.72,45.69,1006.79,22.16,4.63,173.1,758.0,normal
2025-09-20 14:20:00,36.04,43.87,1006.86,21.78,4.49,183.8,706.9,normal
2025-09-20 14:30:00,36.16,45.61,1006.75,22.53,5.62,201.8,673.4,normal
2025-09-20 14:40:00,36.11,45.49,1006.81,22.44,5.36,187.1,646.7,normal
2025-09-20 14:50:00,35.75,44.77,1006.86,21.86,4.77,170.5,613.4,normal
2025-09-20 15:00:00,35.94,45.98,1006.65,22.47,4.9,179.0,580.6,normal
2025-09-20 15:10:00,35.69,46.05,1006.7,22.26,5.28,183.6,534.6,normal
2025-09-20 15:20:00,35.53,45.2,1006.91,21.82,5.07,194.8,540.5,normal
2025-09-20 15:30:00,35.58,46.32,1006.8,22.26,4.93,165.4,507.7,normal
2025-09-20 15:40:00,35.19,47.24,1006.53,22.23,5.73,216.4,471.9,normal
2025-09-20 15:50:00,34.85,46.87,1006.71,21.79,4.04,187.1,455.1,normal
2025-09-20 16:00:00,34.99,48.77,1006.62,22.57,4.15,194.7,411.6,normal
2025-09-20 16:10:00,34.54,48.67,1006.66,22.14,5.67,214.6,390.6,normal
2025-09-20 16:20:00,34.88,48.95,1006.15,22.53,4.95,216.8,377.1,normal
2025-09-20 16:30:00,35.06,47.65,1006.14,22.25,4.56,194.2,318.1,normal
2025-09-20 16:40:00,35.12,49.73,1006.08,23.01,3.92,209.1,303.7,normal
2025-09-20 16:50:00,34.5,50.2,1005.82,22.6,3.96,222.0,279.0,normal
2025-09-20 17:00:00,33.81,51.18,1005.96,22.3,4.27,247.2,238.7,normal
2025-09-20 17:10:00,34.19,50.66,1005.57,22.47,4.32,200.4,193.8,normal
2025-09-20 17:20:00,33.99,51.52,1005.44,22.56,4.23,188.9,155.4,normal
2025-09-20 17:30:00,33.05,50.43,1005.38,21.35,3.8,224.1,118.0,normal
2025-09-20 17:40:00,33.55,53.69,1005.29,22.84,4.69,210.1,111.5,normal
2025-09-20 17:50:00,33.3,51.29,1005.23,21.85,4.43,216.3,50.4,normal
2025-09-20 18:00:00,33.6,53.65,1005.2,22.87,3.83,212.4,0.0,normal
2025-09-20 18:10:00,32.49,55.56,1004.84,22.43,3.85,197.0,0.0,normal
2025-09-20 18:20:00,32.39,54.64,1004.61,22.06,3.96,196.3,0.0,normal
2025-09-20 18:30:00,32.3,53.79,1004.61,21.72,3.72,238.7,0.0,normal
2025-09-20 18:40:00,32.29,58.08,1004.42,22.97,3.47,224.2,0.0,normal
2025-09-20 18:50:00,31.27,57.58,1004.01,21.89,2.85,227.5,0.0,normal
2025-09-20 19:00:00,31.17,59.12,1003.92,22.22,3.93,218.3,0.0,normal
2025-09-20 19:10:00,31.89,59.77,1003.85,23.08,3.65,220.1,0.0,normal
2025-09-20 19:20:00,31.19,58.77,1004.01,22.15,4.02,217.7,0.0,normal
2025-09-20 19:30:00,30.6,59.59,1003.75,21.82,2.71,217.1,0.0,normal
2025-09-20 19:40:00,30.47,59.59,1003.78,21.69,3.18,220.7,0.0,normal
2025-09-20 19:50:00,30.3,62.54,1003.45,22.34,1.99,215.2,0.0,normal
2025-09-20 20:00:00,30.24,63.57,1003.84,22.55,3.85,229.9,0.0,normal
2025-09-20 20:10:00,29.35,63.46,1003.31,21.68,2.76,248.8,0.0,normal
2025-09-20 20:20:00,29.42,63.78,1003.35,21.83,2.57,217.5,0.0,normal
2025-09-20 20:30:00,29.28,64.97,1003.31,21.99,2.37,241.2,0.0,normal
2025-09-20 20:40:00,29.07,65.46,1003.32,21.92,2.38,227.5,0.0,normal
2025-09-20 20:50:00,28.67,67.7,1003.25,22.1,3.24,218.2,0.0,normal
2025-09-20 21:00:00,28.01,67.2,1003.27,21.34,1.98,229.9,0.0,normal
2025-09-20 21:10:00,28.31,66.81,1003.25,21.53,2.03,228.8,0.0,normal
2025-09-20 21:20:00,28.25,68.14,1003.25,21.8,1.24,221.0,0.0,normal
2025-09-20 21:30:00,27.96,68.34,1003.09,21.57,2.21,202.1,0.0,normal
2025-09-20 21:40:00,27.54,71.11,1003.45,21.82,1.65,221.8,0.0,normal
2025-09-20 21:50:00,27.08,70.93,1003.37,21.34,1.98,212.1,0.0,normal
2025-09-20 22:00:00,27.0,71.42,1003.32,21.38,1.75,213.6,0.0,normal
2025-09-20 22:10:00,27.41,72.02,1003.52,21.91,0.6,233.8,0.0,normal
2025-09-20 22:20:00,26.63,71.6,1003.82,21.06,2.04,196.7,0.0,normal
2025-09-20 22:30:00,26.68,73.72,1003.48,21.59,1.85,183.7,0.0,normal
2025-09-20 22:40:00,26.32,74.66,1003.6,21.45,1.84,215.1,0.0,normal
2025-09-20 22:50:00,26.25,73.77,1004.03,21.19,1.7,225.8,0.0,normal
2025-09-20 23:00:00,25.63,74.15,1004.46,20.68,1.33,210.7,0.0,normal
2025-09-20 23:10:00,25.59,75.45,1004.3,20.92,0.91,203.1,0.0,normal
2025-09-20 23:20:00,25.26,75.8,1004.19,20.68,0.92,236.4,0.0,normal
2025-09-20 23:30:00,25.29,77.78,1004.75,21.12,1.18,227.2,0.0,normal
2025-09-20 23:40:00,24.93,76.93,1004.71,20.6,1.82,207.4,0.0,normal
2025-09-20 23:50:00,25.45,77.5,1004.76,21.22,0.56,216.4,0.0,normal
2025-09-21 00:00:00,24.85,77.16,1005.06,20.57,1.28,195.0,0.0,normal
2025-09-21 00:10:00,24.72,78.52,1005.05,20.73,0.95,202.7,0.0,normal
2025-09-21 00:20:00,24.66,79.49,1005.85,20.86,1.19,189.2,0.0,normal
2025-09-21 00:30:00,24.27,81.16,1005.26,20.82,1.22,179.6,0.0,normal
2025-09-21 00:40:00,23.91,78.16,1005.81,19.86,0.6,192.4,0.0,normal
2025-09-21 00:50:00,24.06,79.79,1005.74,20.34,0.5,186.6,0.0,normal
2025-09-21 01:00:00,24.66,79.08,1005.74,20.79,0.77,191.0,0.0,normal
2025-09-21 01:10:00,24.48,78.72,1006.12,20.53,1.82,203.6,0.0,normal
2025-09-21 01:20:00,24.19,80.07,1006.17,20.52,0.67,173.4,0.0,normal
2025-09-21 01:30:00,23.91,80.25,1006.1,20.3,1.65,198.6,0.0,normal
2025-09-21 01:40:00,23.89,79.26,1006.26,20.08,0.52,191.3,0.0,normal
2025-09-21 01:50:00,23.92,79.5,1006.57,20.15,0.83,162.9,0.0,normal
2025-09-21 02:00:00,24.28,79.07,1006.52,20.41,0.91,171.3,0.0,normal
2025-09-21 02:10:00,24.07,80.46,1006.56,20.48,0.5,196.4,0.0,normal
2025-09-21 02:20:00,24.24,79.0,1006.77,20.35,0.77,176.3,0.0,normal
2025-09-21 02:30:00,23.76,79.25,1006.86,19.94,0.94,163.0,0.0,normal
2025-09-21 02:40:00,24.3,79.41,1006.91,20.5,2.45,196.8,0.0,normal
2025-09-21 02:50:00,24.01,80.36,1006.63,20.41,0.73,185.3,0.0,normal
2025-09-21 03:00:00,24.21,79.72,1006.78,20.48,0.52,158.5,0.0,normal
2025-09-21 03:10:00,23.87,78.88,1006.83,19.98,1.51,166.7,0.0,normal
2025-09-21 03:20:00,23.89,78.09,1006.69,19.83,1.33,178.8,0.0,normal
2025-09-21 03:30:00,24.62,78.06,1006.74,20.54,0.5,149.0,0.0,normal
2025-09-21 03:40:00,24.35,78.21,1006.66,20.3,1.18,161.6,0.0,normal
2025-09-21 03:50:00,24.53,78.74,1006.6,20.59,1.51,157.0,0.0,normal
2025-09-21 04:00:00,24.38,79.56,1006.57,20.6,0.77,174.0,0.0,normal
2025-09-21 04:10:00,24.91,77.62,1006.48,20.72,0.9,139.7,0.0,normal
2025-09-21 04:20:00,24.96,76.04,1006.25,20.44,0.95,132.4,0.0,normal
2025-09-21 04:30:00,24.88,76.63,1006.15,20.49,1.37,166.2,0.0,normal
2025-09-21 04:40:00,25.82,77.09,1005.94,21.49,1.52,148.0,0.0,normal
2025-09-21 04:50:00,25.31,75.02,1005.81,20.56,1.75,141.2,0.0,normal
2025-09-21 05:00:00,25.8,74.93,1005.69,21.01,0.97,151.3,0.0,normal
2025-09-21 05:10:00,26.11,74.29,1005.67,21.17,1.45,144.0,0.0,normal
2025-09-21 05:20:00,26.06,74.13,1005.45,21.09,1.18,142.5,0.0,normal
2025-09-21 05:30:00,26.22,72.74,1005.56,20.93,2.33,171.2,0.0,normal
2025-09-21 05:40:00,26.63,73.67,1005.21,21.53,2.28,170.0,0.0,normal
2025-09-21 05:50:00,26.51,71.11,1005.01,20.84,0.92,137.7,0.0,normal
2025-09-21 06:00:00,27.43,70.97,1005.29,21.68,2.05,171.7,1.5,normal
2025-09-21 06:10:00,27.38,70.12,1004.62,21.44,1.53,181.6,26.0,normal
2025-09-21 06:20:00,27.74,69.95,1004.66,21.74,2.1,166.2,108.1,normal
2025-09-21 06:30:00,27.65,70.38,1004.53,21.76,2.11,135.0,102.8,normal
2025-09-21 06:40:00,28.03,68.53,1004.5,21.69,2.61,155.2,135.1,normal
2025-09-21 06:50:00,28.17,66.67,1004.32,21.37,2.79,151.5,171.2,normal
2025-09-21 07:00:00,28.22,65.69,1003.65,21.17,2.5,137.3,218.8,normal
2025-09-21 07:10:00,28.04,65.85,1003.94,21.04,2.77,136.3,242.0,normal
2025-09-21 07:20:00,28.9,64.5,1003.82,21.52,2.44,134.2,308.9,normal
2025-09-21 07:30:00,28.81,66.05,1003.83,21.82,2.27,119.5,313.2,normal
2025-09-21 07:40:00,29.22,63.81,1003.96,21.64,1.58,161.6,349.7,normal
2025-09-21 07:50:00,29.39,62.45,1003.51,21.45,3.02,129.8,370.7,normal
2025-09-21 08:00:00,30.34,60.78,1003.58,21.9,3.14,132.8,390.9,normal
2025-09-21 08:10:00,30.1,62.65,1003.09,22.17,3.44,144.3,454.3,normal
2025-09-21 08:20:00,31.13,60.46,1003.19,22.55,3.51,124.5,491.0,normal
2025-09-21 08:30:00,30.9,59.91,1003.26,22.19,2.13,140.3,540.1,normal
2025-09-21 08:40:00,30.79,59.16,1003.11,21.88,3.08,149.4,552.3,normal
2025-09-21 08:50:00,31.51,59.49,1003.05,22.64,3.16,99.8,580.7,normal
2025-09-21 09:00:00,31.72,58.0,1003.18,22.42,3.86,147.4,611.4,normal
2025-09-21 09:10:00,32.43,57.57,1003.3,22.96,3.69,138.0,669.1,normal
2025-09-21 09:20:00,32.33,56.37,1003.08,22.52,3.12,128.8,624.5,normal
2025-09-21 09:30:00,32.15,56.08,1003.12,22.27,3.11,131.3,681.0,normal
2025-09-21 09:40:00,32.32,54.82,1003.37,22.05,3.89,144.7,682.0,normal
2025-09-21 09:50:00,33.1,54.32,1003.31,22.62,4.08,137.1,715.9,normal
2025-09-21 10:00:00,32.82,51.93,1003.69,21.62,4.64,181.4,735.0,normal
2025-09-21 10:10:00,32.86,51.49,1003.7,21.52,4.23,179.1,757.7,normal
2025-09-21 10:20:00,33.74,53.09,1003.6,22.83,3.81,144.8,787.3,normal
2025-09-21 10:30:00,33.67,50.69,1003.74,22.01,4.21,160.8,796.1,normal
2025-09-21 10:40:00,33.77,50.95,1003.99,22.18,3.56,205.7,840.6,normal
2025-09-21 10:50:00,34.23,49.06,1003.96,21.98,4.41,162.3,795.4,normal
2025-09-21 11:00:00,34.54,49.9,1004.38,22.55,4.87,152.1,829.9,normal
2025-09-21 11:10:00,34.69,49.36,1004.29,22.5,4.66,135.3,839.8,normal
2025-09-21 11:20:00,34.93,49.66,1004.32,22.82,5.44,169.0,791.9,normal
2025-09-21 11:30:00,35.05,48.69,1004.6,22.6,5.31,142.0,793.3,normal
2025-09-21 11:40:00,34.14,49.2,1004.75,21.94,5.16,160.5,861.3,normal
2025-09-21 11:50:00,35.18,47.08,1004.7,22.17,4.12,158.7,826.8,normal
2025-09-21 12:00:00,35.3,47.96,1005.03,22.58,4.32,161.9,838.9,normal
2025-09-21 12:10:00,35.35,47.74,1005.18,22.55,4.23,179.0,832.9,normal
2025-09-21 12:20:00,35.59,47.21,1005.07,22.58,4.66,151.6,875.9,normal
2025-09-21 12:30:00,35.26,46.64,1005.48,22.08,4.83,153.3,830.3,normal
2025-09-21 12:40:00,35.66,46.17,1005.47,22.28,5.65,153.2,858.0,normal
2025-09-21 12:50:00,35.91,46.12,1005.98,22.49,4.87,159.8,823.7,normal
2025-09-21 13:00:00,36.1,44.05,1005.9,21.91,4.65,162.6,793.4,normal
2025-09-21 13:10:00,36.06,44.66,1006.22,22.09,4.89,169.5,780.4,normal
2025-09-21 13:20:00,36.25,45.24,1006.05,22.48,4.63,172.7,789.2,normal
2025-09-21 13:30:00,36.21,43.55,1006.15,21.81,5.06,186.5,788.5,normal
2025-09-21 13:40:00,36.33,44.54,1006.48,22.29,5.44,169.2,769.7,normal
2025-09-21 13:50:00,36.27,45.2,1006.58,22.48,4.35,164.4,750.3,normal
2025-09-21 14:00:00,35.78,46.79,1006.35,22.61,4.29,197.4,719.7,normal
2025-09-21 14:10:00,35.86,44.68,1006.56,21.93,4.31,162.8,756.4,normal
2025-09-21 14:20:00,36.29,46.88,1006.44,23.1,5.31,209.7,682.2,normal
2025-09-21 14:30:00,35.74,44.44,1006.66,21.72,4.53,199.7,682.7,normal
2025-09-21 14:40:00,36.32,45.22,1006.86,22.54,5.52,183.8,664.7,normal
2025-09-21 14:50:00,35.84,45.79,1006.99,22.31,5.19,205.9,600.5,normal
2025-09-21 15:00:00,36.14,45.32,1006.73,22.41,4.65,193.6,585.9,normal
2025-09-21 15:10:00,35.82,46.32,1006.83,22.48,4.42,177.3,571.3,normal
2025-09-21 15:20:00,35.77,46.63,1006.86,22.55,4.65,208.0,536.9,normal
2025-09-21 15:30:00,35.54,47.2,1006.58,22.53,4.11,176.1,508.6,normal
2025-09-21 15:40:00,35.24,46.93,1006.45,22.17,5.24,172.3,472.6,normal
2025-09-21 15:50:00,35.12,46.03,1006.49,21.74,4.53,196.4,430.2,normal
2025-09-21 16:00:00,35.61,46.27,1006.43,22.27,5.2,160.1,404.4,normal
2025-09-21 16:10:00,34.87,47.19,1006.54,21.92,5.0,207.5,388.7,normal
2025-09-21 16:20:00,34.77,48.84,1006.76,22.4,4.34,197.2,336.6,normal
2025-09-21 16:30:00,34.66,47.7,1006.24,21.91,4.51,233.2,354.5,normal
2025-09-21 16:40:00,34.64,49.82,1006.23,22.61,4.53,219.7,275.8,normal
2025-09-21 16:50:00,34.69,50.09,1005.99,22.75,3.89,219.8,257.3,normal
2025-09-21 17:00:00,34.17,51.45,1005.87,22.71,4.94,213.7,206.3,normal
2025-09-21 17:10:00,34.2,51.55,1005.67,22.77,4.32,197.1,234.3,normal
2025-09-21 17:20:00,34.26,51.7,1005.53,22.87,4.42,211.3,162.8,normal
2025-09-21 17:30:00,33.98,52.79,1005.62,22.96,4.5,224.8,114.9,normal
2025-09-21 17:40:00,33.73,52.59,1005.59,22.67,4.16,214.9,62.7,normal
2025-09-21 17:50:00,33.22,53.42,1004.94,22.45,5.49,203.7,26.2,normal
2025-09-21 18:00:00,33.07,53.72,1004.98,22.41,2.85,209.8,0.0,normal
2025-09-21 18:10:00,32.73,56.07,1004.75,22.8,3.49,233.6,0.0,normal
2025-09-21 18:20:00,32.26,54.87,1004.61,22.01,3.64,183.5,0.0,normal
2025-09-21 18:30:00,31.99,53.77,1004.64,21.43,3.21,206.4,0.0,normal
2025-09-21 18:40:00,32.1,56.63,1004.55,22.38,3.33,226.6,0.0,normal
2025-09-21 18:50:00,31.57,58.22,1004.14,22.35,3.7,216.0,0.0,normal
2025-09-21 19:00:00,31.57,58.71,1004.1,22.48,3.23,195.1,0.0,normal
2025-09-21 19:10:00,31.35,58.74,1003.96,22.28,2.4,234.8,0.0,normal
2025-09-21 19:20:00,30.94,59.79,1003.86,22.2,4.12,233.2,0.0,normal
2025-09-21 19:30:00,30.64,59.58,1003.9,21.86,1.94,248.9,0.0,normal
2025-09-21 19:40:00,30.29,60.54,1003.64,21.79,3.85,242.6,0.0,normal
2025-09-21 19:50:00,30.34,62.76,1003.57,22.42,2.98,226.9,0.0,normal
2025-09-21 20:00:00,29.96,62.97,1003.61,22.12,3.13,188.9,0.0,normal
2025-09-21 20:10:00,29.29,63.0,1003.38,21.5,3.05,187.1,0.0,normal
2025-09-21 20:20:00,29.09,63.23,1003.31,21.37,3.61,229.8,0.0,normal
2025-09-21 20:30:00,29.01,63.64,1003.44,21.4,3.36,251.3,0.0,normal
2025-09-21 20:40:00,29.22,66.02,1003.06,22.21,2.69,212.4,0.0,normal
2025-09-21 20:50:00,28.35,65.89,1003.35,21.35,2.73,192.5,0.0,normal
2025-09-21 21:00:00,28.51,67.18,1003.08,21.81,2.43,225.4,0.0,normal
2025-09-21 21:10:00,28.16,68.79,1003.05,21.87,1.92,226.4,0.0,normal
2025-09-21 21:20:00,27.96,69.27,1003.16,21.8,2.55,238.4,0.0,normal
2025-09-21 21:30:00,27.51,69.88,1003.42,21.51,2.53,220.1,0.0,normal
2025-09-21 21:40:00,27.72,71.11,1003.21,21.99,2.39,199.4,0.0,normal
2025-09-21 21:50:00,27.22,69.02,1003.18,21.03,2.02,175.9,0.0,normal
2025-09-21 22:00:00,27.29,70.96,1003.62,21.55,1.6,209.1,0.0,normal
2025-09-21 22:10:00,26.29,71.51,1003.42,20.71,2.13,247.1,0.0,normal
2025-09-21 22:20:00,26.91,71.69,1003.44,21.35,2.68,194.9,0.0,normal
2025-09-21 22:30:00,26.66,73.65,1003.83,21.55,0.92,198.6,0.0,normal
2025-09-21 22:40:00,26.24,74.03,1003.95,21.23,1.27,220.6,0.0,normal
2025-09-21 22:50:00,25.97,74.8,1003.82,21.14,1.85,219.2,0.0,normal
2025-09-21 23:00:00,25.51,75.82,1004.21,20.92,1.67,194.3,0.0,normal
2025-09-21 23:10:00,26.05,74.94,1004.14,21.25,1.41,216.6,0.0,normal
2025-09-21 23:20:00,25.34,76.05,1004.49,20.8,2.0,214.7,0.0,normal
2025-09-21 23:30:00,24.89,76.79,1004.5,20.52,1.24,188.5,0.0,normal
2025-09-21 23:40:00,24.71,76.91,1004.56,20.38,1.73,214.3,0.0,normal
2025-09-21 23:50:00,24.57,77.95,1004.97,20.46,0.5,215.3,0.0,normal
2025-09-22 00:00:00,24.81,78.34,1005.04,20.77,1.08,199.2,0.0,normal
2025-09-22 00:10:00,24.49,78.36,1004.82,20.46,0.5,187.3,0.0,normal
2025-09-22 00:20:00,24.4,77.72,1005.6,20.25,1.6,170.4,0.0,normal
2025-09-22 00:30:00,24.96,78.79,1005.38,21.01,1.32,184.2,0.0,normal
2025-09-22 00:40:00,24.44,79.29,1005.69,20.61,0.72,199.5,0.0,normal
2025-09-22 00:50:00,24.28,79.48,1005.7,20.5,1.43,190.0,0.0,normal
2025-09-22 01:00:00,24.14,79.79,1005.92,20.42,0.5,208.6,0.0,normal
2025-09-22 01:10:00,24.24,79.99,1006.01,20.56,1.28,158.0,0.0,normal
2025-09-22 01:20:00,23.94,80.84,1006.06,20.44,0.5,178.3,0.0,normal
2025-09-22 01:30:00,24.14,79.38,1006.37,20.34,0.79,202.7,0.0,normal
2025-09-22 01:40:00,24.12,79.69,1006.65,20.38,0.5,187.2,0.0,normal
2025-09-22 01:50:00,24.13,79.81,1006.57,20.42,0.97,193.9,0.0,normal
2025-09-22 02:00:00,23.73,81.24,1006.28,20.32,1.21,160.7,0.0,normal
2025-09-22 02:10:00,23.66,78.77,1006.61,19.75,1.22,187.4,0.0,normal
2025-09-22 02:20:00,23.83,79.18,1006.77,19.99,0.5,178.3,0.0,normal
2025-09-22 02:30:00,24.16,80.26,1006.62,20.54,0.81,178.7,0.0,normal
2025-09-22 02:40:00,24.49,79.23,1006.74,20.65,0.71,180.0,0.0,normal
2025-09-22 02:50:00,24.5,80.47,1007.15,20.91,1.31,141.4,0.0,normal
2025-09-22 03:00:00,24.53,79.17,1007.01,20.67,0.5,153.1,0.0,normal
2025-09-22 03:10:00,24.34,79.15,1006.87,20.49,1.98,181.6,0.0,normal
2025-09-22 03:20:00,23.82,78.44,1006.69,19.84,1.56,170.1,0.0,normal
2025-09-22 03:30:00,24.44,77.72,1006.88,20.29,0.5,172.4,0.0,normal
2025-09-22 03:40:00,24.04,77.92,1006.74,19.94,1.6,160.0,0.0,normal
2025-09-22 03:50:00,24.5,77.18,1006.49,20.24,0.97,165.6,0.0,normal
2025-09-22 04:00:00,24.87,76.69,1006.71,20.49,1.08,136.7,0.0,normal
2025-09-22 04:10:00,25.17,76.37,1006.14,20.71,1.82,173.3,0.0,normal
2025-09-22 04:20:00,24.87,76.53,1006.33,20.45,1.98,140.1,0.0,normal
2025-09-22 04:30:00,25.7,75.91,1006.24,21.12,2.09,166.9,0.0,normal
2025-09-22 04:40:00,25.35,77.7,1006.17,21.17,1.78,142.3,0.0,normal
2025-09-22 04:50:00,26.23,74.72,1006.0,21.38,1.71,136.3,0.0,normal
2025-09-22 05:00:00,25.76,74.16,1005.87,20.8,1.74,153.7,0.0,normal
2025-09-22 05:10:00,26.02,73.81,1005.74,20.97,2.2,135.3,0.0,normal
2025-09-22 05:20:00,26.1,73.18,1005.76,20.91,1.77,143.7,0.0,normal
2025-09-22 05:30:00,26.31,74.18,1005.33,21.33,2.22,129.3,0.0,normal
2025-09-22 05:40:00,26.47,74.35,1005.23,21.52,2.61,130.3,0.0,normal
2025-09-22 05:50:00,26.88,72.06,1005.0,21.41,1.23,130.3,0.0,normal
2025-09-22 06:00:00,27.32,72.78,1004.97,21.99,0.69,127.1,26.6,normal
2025-09-22 06:10:00,27.08,69.9,1005.19,21.1,1.68,162.8,7.2,normal
2025-09-22 06:20:00,27.49,70.44,1004.82,21.62,1.71,159.8,98.8,normal
2025-09-22 06:30:00,27.95,70.07,1004.46,21.97,2.26,133.4,111.3,normal
2025-09-22 06:40:00,28.47,68.32,1004.51,22.05,2.16,119.8,114.2,normal
2025-09-22 06:50:00,28.16,66.42,1004.13,21.29,2.66,131.1,181.2,normal
2025-09-22 07:00:00,28.38,68.47,1003.97,22.01,2.31,115.5,215.1,normal
2025-09-22 07:10:00,28.7,67.36,1004.0,22.04,2.77,167.3,256.9,normal
2025-09-22 07:20:00,28.71,64.61,1003.87,21.37,3.02,141.2,295.2,normal
2025-09-22 07:30:00,29.09,65.74,1003.77,22.01,2.97,158.9,348.0,normal
2025-09-22 07:40:00,29.3,63.42,1003.85,21.62,2.81,111.6,388.5,normal
2025-09-22 07:50:00,29.48,62.72,1003.47,21.61,2.52,142.0,415.3,normal
2025-09-22 08:00:00,30.86,62.76,1003.56,22.92,2.88,160.6,441.5,normal
2025-09-22 08:10:00,30.05,61.62,1003.27,21.86,3.04,120.6,473.3,normal
2025-09-22 08:20:00,30.58,61.64,1003.46,22.36,2.86,156.1,455.2,normal
2025-09-22 08:30:00,30.43,59.51,1002.97,21.64,2.61,129.2,505.3,normal
2025-09-22 08:40:00,31.03,58.37,1003.09,21.88,3.23,140.0,546.5,normal
2025-09-22 08:50:00,31.22,58.63,1003.01,22.13,3.28,158.2,554.0,normal
2025-09-22 09:00:00,31.33,57.64,1003.15,21.96,4.22,129.0,594.9,normal
2025-09-22 09:10:00,32.08,57.8,1003.39,22.7,4.85,136.4,625.9,normal
2025-09-22 09:20:00,32.32,56.72,1003.14,22.61,3.58,146.4,669.4,normal
2025-09-22 09:30:00,32.19,55.09,1003.22,22.01,3.49,143.7,647.6,normal
2025-09-22 09:40:00,32.56,56.54,1003.35,22.78,3.02,136.1,688.4,normal
2025-09-22 09:50:00,32.6,54.41,1003.08,22.19,4.97,129.5,707.3,normal
2025-09-22 10:00:00,33.14,53.29,1003.4,22.34,4.37,175.5,767.0,normal
2025-09-22 10:10:00,32.76,53.76,1003.51,22.14,4.43,152.6,751.7,normal
2025-09-22 10:20:00,33.08,52.23,1003.69,21.96,4.72,141.0,764.5,normal
2025-09-22 10:30:00,33.9,52.39,1003.61,22.76,4.2,135.2,773.0,normal
2025-09-22 10:40:00,34.11,50.83,1003.68,22.45,5.69,162.0,819.5,normal
2025-09-22 10:50:00,34.09,51.75,1003.62,22.73,4.18,146.2,775.9,normal
2025-09-22 11:00:00,33.97,50.82,1004.02,22.32,4.39,168.6,830.2,normal
2025-09-22 11:10:00,34.71,49.61,1004.23,22.6,4.32,152.3,824.4,normal
2025-09-22 11:20:00,34.1,48.45,1004.39,21.66,4.22,150.7,827.1,normal
2025-09-22 11:30:00,35.11,46.88,1004.48,22.03,3.7,145.8,854.2,normal
2025-09-22 11:40:00,34.37,47.32,1004.48,21.51,4.03,156.1,867.0,normal
2025-09-22 11:50:00,35.13,48.12,1005.0,22.49,3.69,173.8,843.1,normal
2025-09-22 12:00:00,35.18,46.95,1005.06,22.13,4.27,159.9,811.0,normal
2025-09-22 12:10:00,34.96,46.6,1005.21,21.8,4.82,182.2,836.2,normal
2025-09-22 12:20:00,35.41,46.73,1005.21,22.25,4.45,168.1,858.3,normal
2025-09-22 12:30:00,35.97,45.73,1005.56,22.41,5.49,170.0,851.8,normal
2025-09-22 12:40:00,35.78,46.03,1005.51,22.34,5.01,156.9,838.5,normal
2025-09-22 12:50:00,35.33,47.05,1005.97,22.29,4.64,171.6,829.4,normal
2025-09-22 13:00:00,36.14,44.91,1006.09,22.26,6.12,186.5,805.4,normal
2025-09-22 13:10:00,36.1,44.54,1006.26,22.09,5.06,182.1,817.6,normal
2025-09-22 13:20:00,35.73,45.37,1006.05,22.06,4.65,165.5,793.6,normal
2025-09-22 13:30:00,36.09,43.52,1006.56,21.7,5.16,208.7,761.3,normal
2025-09-22 13:40:00,35.86,44.47,1006.33,21.85,5.23,210.2,745.8,normal
2025-09-22 13:50:00,36.06,45.46,1006.27,22.39,5.69,175.8,729.1,normal
2025-09-22 14:00:00,36.06,45.91,1006.64,22.55,5.42,203.5,722.4,normal
2025-09-22 14:10:00,35.8,44.61,1006.73,21.85,4.7,154.4,739.7,normal
2025-09-22 14:20:00,36.02,45.11,1006.72,22.23,4.83,187.6,693.1,normal
2025-09-22 14:30:00,36.04,44.51,1006.83,22.02,4.89,200.1,677.2,normal
2025-09-22 14:40:00,36.06,43.29,1007.0,21.58,5.51,192.3,687.3,normal
2025-09-22 14:50:00,36.16,46.17,1006.97,22.73,5.59,197.8,631.3,normal
2025-09-22 15:00:00,36.06,46.37,1006.67,22.71,4.11,184.7,601.8,normal
2025-09-22 15:10:00,36.12,46.33,1006.72,22.75,4.09,203.2,553.8,normal
2025-09-22 15:20:00,35.91,45.02,1006.78,22.09,5.04,206.6,546.0,normal
2025-09-22 15:30:00,35.71,46.84,1006.94,22.56,4.63,219.2,510.9,normal
2025-09-22 15:40:00,34.79,45.45,1006.64,21.24,5.4,188.0,510.7,normal
2025-09-22 15:50:00,35.28,47.51,1006.78,22.41,4.14,194.3,461.7,normal
2025-09-22 16:00:00,34.91,47.75,1006.56,22.15,3.86,205.0,452.6,normal
2025-09-22 16:10:00,34.81,48.5,1006.57,22.32,5.31,208.1,385.9,normal
2025-09-22 16:20:00,35.24,47.47,1006.39,22.36,5.09,195.8,349.0,normal
2025-09-22 16:30:00,34.98,48.94,1006.2,22.63,4.15,187.9,296.5,normal
2025-09-22 16:40:00,34.81,50.57,1006.02,23.01,4.34,221.3,291.3,normal
2025-09-22 16:50:00,34.65,50.24,1006.15,22.76,3.65,207.9,250.5,normal
2025-09-22 17:00:00,34.48,51.26,1005.81,22.93,4.72,172.8,221.1,normal
2025-09-22 17:10:00,33.87,50.35,1005.63,22.08,4.67,172.0,197.5,normal
2025-09-22 17:20:00,34.28,51.27,1005.67,22.75,4.64,220.4,162.8,normal
2025-09-22 17:30:00,33.26,51.83,1005.54,22.0,4.67,211.3,106.9,normal
2025-09-22 17:40:00,33.12,53.29,1005.25,22.32,4.46,209.3,60.3,normal
2025-09-22 17:50:00,33.15,52.37,1005.1,22.06,3.88,191.7,39.6,normal
2025-09-22 18:00:00,32.44,54.67,1004.91,22.11,4.24,230.3,5.3,normal
2025-09-22 18:10:00,32.85,52.95,1004.77,21.97,3.94,204.6,0.0,normal
2025-09-22 18:20:00,32.45,55.85,1004.5,22.48,4.09,220.6,0.0,normal
2025-09-22 18:30:00,31.91,56.16,1004.58,22.06,3.9,183.8,0.0,normal
2025-09-22 18:40:00,31.89,56.68,1004.35,22.2,3.83,246.6,0.0,normal
2025-09-22 18:50:00,31.56,57.81,1003.99,22.22,3.05,217.9,0.0,normal
2025-09-22 19:00:00,31.69,57.63,1003.94,22.28,2.81,237.8,0.0,normal
2025-09-22 19:10:00,31.09,59.44,1004.18,22.24,2.49,232.2,0.0,normal
2025-09-22 19:20:00,31.51,58.85,1003.87,22.46,3.03,230.6,0.0,normal
2025-09-22 19:30:00,31.04,60.84,1003.57,22.57,2.65,208.1,0.0,normal
2025-09-22 19:40:00,30.77,60.08,1003.52,22.11,3.01,203.7,0.0,normal
2025-09-22 19:50:00,29.81,59.97,1003.55,21.18,3.37,238.1,0.0,normal
2025-09-22 20:00:00,30.54,61.91,1003.15,22.39,3.86,215.3,0.0,normal
2025-09-22 20:10:00,29.72,63.76,1003.29,22.11,2.88,225.3,0.0,normal
2025-09-22 20:20:00,29.07,65.05,1003.23,21.82,3.16,222.4,0.0,normal
2025-09-22 20:30:00,28.93,64.21,1003.29,21.47,3.35,226.1,0.0,normal
2025-09-22 20:40:00,28.97,64.41,1003.07,21.56,2.34,224.5,0.0,normal
2025-09-22 20:50:00,28.78,66.5,1003.26,21.91,2.98,223.3,0.0,normal
2025-09-22 21:00:00,28.33,67.66,1003.49,21.76,2.92,201.0,0.0,normal
2025-09-22 21:10:00,27.68,67.87,1003.14,21.2,2.77,224.3,0.0,normal
2025-09-22 21:20:00,27.93,68.42,1003.16,21.57,2.05,228.5,0.0,normal
2025-09-22 21:30:00,28.1,68.84,1003.35,21.82,2.93,200.9,0.0,normal
2025-09-22 21:40:00,27.41,70.4,1003.33,21.54,1.45,218.0,0.0,normal
2025-09-22 21:50:00,26.79,72.03,1003.32,21.32,2.31,220.9,0.0,normal
2025-09-22 22:00:00,26.11,71.94,1003.57,20.65,1.55,249.5,0.0,normal
2025-09-22 22:10:00,26.95,71.12,1003.31,21.26,2.19,227.6,0.0,normal
2025-09-22 22:20:00,25.88,71.66,1003.22,20.35,1.59,207.6,0.0,normal
2025-09-22 22:30:00,26.77,72.32,1004.09,21.36,2.63,235.9,0.0,normal
2025-09-22 22:40:00,26.12,73.26,1003.89,20.95,2.27,240.8,0.0,normal
2025-09-22 22:50:00,24.64,74.57,1003.91,19.81,2.12,219.2,0.0,normal
2025-09-22 23:00:00,25.83,75.33,1004.27,21.12,1.79,237.4,0.0,normal
2025-09-22 23:10:00,25.23,74.76,1004.14,20.42,1.61,216.9,0.0,normal
2025-09-22 23:20:00,25.24,76.17,1004.48,20.74,1.92,205.4,0.0,normal
2025-09-22 23:30:00,25.57,76.94,1004.58,21.22,1.02,217.4,0.0,normal
2025-09-22 23:40:00,24.92,76.69,1004.53,20.53,1.24,208.7,0.0,normal
2025-09-22 23:50:00,24.86,77.74,1004.8,20.7,0.94,208.2,0.0,normal
2025-09-23 00:00:00,24.62,76.27,1005.16,20.16,0.5,187.0,0.0,normal
2025-09-23 00:10:00,25.05,78.06,1005.03,20.95,1.01,173.7,0.0,normal
2025-09-23 00:20:00,24.62,78.22,1005.35,20.57,1.62,222.9,0.0,normal
2025-09-23 00:30:00,24.82,79.55,1005.5,21.03,1.76,204.6,0.0,normal
2025-09-23 00:40:00,24.8,77.07,1005.52,20.5,0.97,184.8,0.0,normal
2025-09-23 00:50:00,24.21,79.69,1005.9,20.47,1.32,213.1,0.0,normal
2025-09-23 01:00:00,23.94,80.21,1005.83,20.31,1.24,177.4,0.0,normal
2025-09-23 01:10:00,24.04,79.95,1006.06,20.36,0.5,192.1,0.0,normal
2025-09-23 01:20:00,24.44,79.23,1006.06,20.6,0.78,211.7,0.0,normal
2025-09-23 01:30:00,23.95,80.87,1006.44,20.46,1.91,178.9,0.0,normal
2025-09-23 01:40:00,24.33,80.85,1006.81,20.82,0.9,166.2,0.0,normal
2025-09-23 01:50:00,23.7,80.84,1006.47,20.2,1.2,184.9,0.0,normal
2025-09-23 02:00:00,24.25,80.7,1006.55,20.71,0.96,166.7,0.0,normal
2025-09-23 02:10:00,23.52,80.84,1006.5,20.03,0.52,188.7,0.0,normal
2025-09-23 02:20:00,23.99,79.63,1006.62,20.24,0.5,174.2,0.0,normal
2025-09-23 02:30:00,23.74,80.87,1006.91,20.25,2.24,150.9,0.0,normal
2025-09-23 02:40:00,24.06,81.4,1006.59,20.67,0.97,156.0,0.0,normal
2025-09-23 02:50:00,23.82,79.16,1006.65,19.99,0.76,196.3,0.0,normal
2025-09-23 03:00:00,24.05,78.35,1006.57,20.04,0.5,184.8,0.0,normal
2025-09-23 03:10:00,23.87,78.98,1006.74,20.0,0.91,190.3,0.0,normal
2025-09-23 03:20:00,24.15,78.6,1006.85,20.18,0.67,166.3,0.0,normal
2025-09-23 03:30:00,24.39,76.79,1006.71,20.05,1.86,191.3,0.0,normal
2025-09-23 03:40:00,24.79,80.13,1006.69,21.13,0.88,163.4,0.0,normal
2025-09-23 03:50:00,24.61,77.72,1006.48,20.45,1.3,166.1,0.0,normal
2025-09-23 04:00:00,24.9,77.31,1006.49,20.65,0.93,184.4,0.0,normal
2025-09-23 04:10:00,25.25,77.27,1006.52,20.98,1.34,173.4,0.0,normal
2025-09-23 04:20:00,25.02,76.65,1006.41,20.62,1.97,172.1,0.0,normal
2025-09-23 04:30:00,25.15,76.22,1006.13,20.65,1.88,141.2,0.0,normal
2025-09-23 04:40:00,26.01,75.95,1006.16,21.43,1.39,161.8,0.0,normal
2025-09-23 04:50:00,25.59,75.31,1006.04,20.89,1.65,126.1,0.0,normal
2025-09-23 05:00:00,25.66,74.97,1005.84,20.88,1.52,157.6,0.0,normal
2025-09-23 05:10:00,25.96,73.38,1005.85,20.82,1.8,151.9,0.0,normal
2025-09-23 05:20:00,26.34,73.4,1005.83,21.19,2.32,149.1,0.0,normal
2025-09-23 05:30:00,26.8,73.05,1005.74,21.55,2.7,121.2,0.0,normal
2025-09-23 05:40:00,27.42,74.27,1005.19,22.43,1.42,169.7,0.0,normal
2025-09-23 05:50:00,26.6,71.33,1005.06,20.98,1.26,135.4,0.0,normal
2025-09-23 06:00:00,26.69,70.87,1005.06,20.96,2.69,152.7,9.0,normal
2025-09-23 06:10:00,27.25,71.48,1005.11,21.63,1.43,161.4,26.6,normal
2025-09-23 06:20:00,27.33,69.69,1004.59,21.29,3.03,151.2,76.3,normal
2025-09-23 06:30:00,27.51,70.06,1004.44,21.55,2.36,143.2,88.9,normal
2025-09-23 06:40:00,28.15,67.9,1004.47,21.64,1.36,164.4,171.9,normal
2025-09-23 06:50:00,28.44,68.55,1004.2,22.08,2.94,122.5,178.7,normal
2025-09-23 07:00:00,28.74,66.23,1004.0,21.8,1.5,117.4,212.0,normal
2025-09-23 07:10:00,28.58,66.06,1004.01,21.6,2.68,136.9,255.4,normal
2025-09-23 07:20:00,28.88,66.18,1004.03,21.92,3.82,147.5,276.4,normal
2025-09-23 07:30:00,29.54,65.9,1003.77,22.48,2.56,137.8,347.7,normal
2025-09-23 07:40:00,29.7,63.98,1003.68,22.14,2.21,154.3,353.5,normal
2025-09-23 07:50:00,29.99,62.98,1003.51,22.16,3.53,100.8,372.9,normal
2025-09-23 08:00:00,30.21,63.59,1003.55,22.52,2.88,173.6,397.8,normal
2025-09-23 08:10:00,30.08,60.9,1003.47,21.69,2.83,142.2,474.6,normal
2025-09-23 08:20:00,30.67,61.97,1003.29,22.53,3.04,145.8,471.0,normal
2025-09-23 08:30:00,30.66,60.14,1003.27,22.02,3.04,155.1,505.8,normal
2025-09-23 08:40:00,30.62,59.51,1003.24,21.82,3.33,153.5,531.3,normal
2025-09-23 08:50:00,31.39,59.1,1003.3,22.42,3.2,154.8,544.2,normal
2025-09-23 09:00:00,31.09,57.52,1003.11,21.69,3.0,134.2,589.2,normal
2025-09-23 09:10:00,31.92,56.8,1003.03,22.26,3.72,126.3,654.8,normal
2025-09-23 09:20:00,32.0,57.76,1003.33,22.61,3.88,122.7,638.6,normal
2025-09-23 09:30:00,32.8,56.58,1003.23,23.01,3.36,148.7,672.8,normal
2025-09-23 09:40:00,32.54,54.39,1003.25,22.12,4.14,156.3,711.0,normal
2025-09-23 09:50:00,32.87,54.78,1003.27,22.54,3.29,127.5,711.8,normal
2025-09-23 10:00:00,33.19,53.27,1003.37,22.38,3.84,125.8,740.5,normal
2025-09-23 10:10:00,33.3,52.27,1003.65,22.17,4.22,157.8,745.9,normal
2025-09-23 10:20:00,33.87,53.79,1003.38,23.17,3.9,156.2,753.4,normal
2025-09-23 10:30:00,33.52,50.54,1003.47,21.82,3.99,149.4,815.5,normal
2025-09-23 10:40:00,34.04,50.78,1003.59,22.37,4.73,118.1,817.8,normal
2025-09-23 10:50:00,33.77,50.43,1003.93,22.02,4.25,155.7,840.9,normal
2025-09-23 11:00:00,34.79,49.75,1004.2,22.72,4.99,145.5,806.1,normal
2025-09-23 11:10:00,34.48,48.96,1004.16,22.17,4.74,131.9,827.1,normal
2025-09-23 11:20:00,34.69,49.79,1004.58,22.64,4.78,152.9,833.5,normal
2025-09-23 11:30:00,34.1,48.68,1004.81,21.73,5.26,168.3,876.5,normal
2025-09-23 11:40:00,35.33,48.96,1004.43,22.95,4.93,161.8,836.1,normal
2025-09-23 11:50:00,35.08,48.51,1005.19,22.57,5.33,174.6,852.5,normal
2025-09-23 12:00:00,35.67,46.37,1004.86,22.37,4.31,165.1,836.2,normal
2025-09-23 12:10:00,35.26,47.86,1004.96,22.51,5.35,162.9,852.3,normal
2025-09-23 12:20:00,35.25,48.22,1005.21,22.62,5.29,142.7,831.0,normal
2025-09-23 12:30:00,35.74,44.94,1005.38,21.91,4.6,161.1,821.1,normal
2025-09-23 12:40:00,35.54,45.25,1005.5,21.84,5.08,178.1,820.9,normal
2025-09-23 12:50:00,35.62,45.63,1005.69,22.05,5.79,167.4,865.5,normal
2025-09-23 13:00:00,35.62,46.13,1006.17,22.24,4.98,164.9,786.0,normal
2025-09-23 13:10:00,35.85,43.65,1006.03,21.53,4.52,179.6,805.6,normal
2025-09-23 13:20:00,35.82,44.53,1006.34,21.83,5.21,173.1,814.4,normal
2025-09-23 13:30:00,35.97,46.02,1006.47,22.51,3.83,168.6,772.5,normal
2025-09-23 13:40:00,36.16,44.68,1006.48,22.19,5.64,189.5,777.2,normal
2025-09-23 13:50:00,35.64,44.94,1006.56,21.82,4.86,170.5,730.7,normal
2025-09-23 14:00:00,36.38,44.23,1006.57,22.22,4.83,162.0,725.2,normal
2025-09-23 14:10:00,35.82,43.87,1006.86,21.58,5.01,178.6,735.8,normal
2025-09-23 14:20:00,35.27,46.71,1006.82,22.12,6.19,198.3,748.7,normal
2025-09-23 14:30:00,36.07,45.52,1006.74,22.42,4.91,169.1,637.5,normal
2025-09-23 14:40:00,35.67,46.24,1007.03,22.32,4.55,173.4,628.6,normal
2025-09-23 14:50:00,36.38,45.51,1006.63,22.69,4.84,167.3,627.5,normal
2025-09-23 15:00:00,35.89,46.21,1006.94,22.5,5.4,184.1,597.9,normal
2025-09-23 15:10:00,35.65,44.7,1006.74,21.74,4.56,210.1,572.2,normal
2025-09-23 15:20:00,35.41,45.6,1006.48,21.85,5.08,195.5,544.7,normal
2025-09-23 15:30:00,34.69,45.85,1006.8,21.29,5.72,183.2,520.6,normal
2025-09-23 15:40:00,35.45,46.93,1006.68,22.36,5.1,187.6,503.2,normal
2025-09-23 15:50:00,35.02,46.97,1006.95,21.99,4.62,205.2,474.6,normal
2025-09-23 16:00:00,35.2,44.69,1006.55,21.33,4.64,193.0,444.5,normal
2025-09-23 16:10:00,35.42,48.48,1006.31,22.87,5.26,200.0,410.8,normal
2025-09-23 16:20:00,34.53,48.14,1006.26,21.94,5.14,172.4,389.8,normal
2025-09-23 16:30:00,34.87,48.66,1006.33,22.43,4.9,207.6,326.1,normal
2025-09-23 16:40:00,34.35,49.63,1006.2,22.28,4.08,202.3,286.8,normal
2025-09-23 16:50:00,33.97,49.34,1005.94,21.84,4.05,209.3,263.9,normal
2025-09-23 17:00:00,34.64,50.89,1006.23,22.96,4.33,218.1,229.9,normal
2025-09-23 17:10:00,34.35,49.72,1005.85,22.31,4.28,219.2,199.8,normal
2025-09-23 17:20:00,33.75,51.75,1005.63,22.42,4.63,215.8,140.6,normal
2025-09-23 17:30:00,33.67,50.52,1005.42,21.95,4.3,230.0,141.0,normal
2025-09-23 17:40:00,33.23,51.93,1005.36,22.0,4.41,215.9,57.8,normal
2025-09-23 17:50:00,33.5,54.13,1005.26,22.94,4.01,194.6,33.9,normal
2025-09-23 18:00:00,33.01,53.3,1004.89,22.22,4.25,211.3,0.0,normal
2025-09-23 18:10:00,32.55,54.71,1004.76,22.23,3.62,209.8,0.0,normal
2025-09-23 18:20:00,33.14,54.6,1004.68,22.74,3.88,211.6,0.0,normal
2025-09-23 18:30:00,32.41,55.35,1004.79,22.29,3.84,192.2,0.0,normal
2025-09-23 18:40:00,32.21,56.0,1004.53,22.3,4.19,224.6,0.0,normal
2025-09-23 18:50:00,31.83,56.6,1004.14,22.12,3.14,214.5,0.0,normal
2025-09-23 19:00:00,31.42,59.0,1004.12,22.42,4.02,201.7,0.0,normal
2025-09-23 19:10:00,31.54,57.32,1004.06,22.06,2.98,224.1,0.0,normal
2025-09-23 19:20:00,30.82,59.48,1003.66,21.99,2.94,233.6,0.0,normal
2025-09-23 19:30:00,31.18,59.75,1003.68,22.4,3.41,217.6,0.0,normal
2025-09-23 19:40:00,30.21,60.74,1003.47,21.76,3.77,223.3,0.0,normal
2025-09-23 19:50:00,29.75,61.26,1003.51,21.47,2.62,232.8,0.0,normal
2025-09-23 20:00:00,30.32,63.1,1003.65,22.5,3.63,209.0,0.0,normal
2025-09-23 20:10:00,29.78,62.09,1003.16,21.72,4.61,225.0,0.0,normal
2025-09-23 20:20:00,29.79,65.01,1003.09,22.49,3.37,214.3,0.0,normal
2025-09-23 20:30:00,29.1,65.63,1003.23,21.99,3.08,198.5,0.0,normal
2025-09-23 20:40:00,29.5,64.59,1003.37,22.11,3.33,226.2,0.0,normal
2025-09-23 20:50:00,28.68,66.62,1003.17,21.84,2.54,210.3,0.0,normal
2025-09-23 21:00:00,28.8,67.98,1003.23,22.28,3.05,211.7,0.0,normal
2025-09-23 21:10:00,28.1,68.16,1003.08,21.66,2.71,186.3,0.0,normal
2025-09-23 21:20:00,28.13,68.48,1003.34,21.77,2.31,223.6,0.0,normal
2025-09-23 21:30:00,27.9,69.42,1003.25,21.78,2.56,224.5,0.0,normal
2025-09-23 21:40:00,27.56,69.66,1003.23,21.51,2.54,223.7,0.0,normal
2025-09-23 21:50:00,27.55,72.19,1003.32,22.08,1.99,193.3,0.0,normal
2025-09-23 22:00:00,27.04,72.37,1003.4,21.63,2.85,183.5,0.0,normal
2025-09-23 22:10:00,26.75,71.28,1003.78,21.11,1.82,209.6,0.0,normal
2025-09-23 22:20:00,26.08,72.49,1003.63,20.74,1.64,198.8,0.0,normal
2025-09-23 22:30:00,25.65,74.23,1003.55,20.71,1.15,211.2,0.0,normal
2025-09-23 22:40:00,26.3,74.3,1004.0,21.35,1.94,196.3,0.0,normal
2025-09-23 22:50:00,25.85,73.15,1003.79,20.66,1.34,203.3,0.0,normal
2025-09-23 23:00:00,25.8,74.7,1004.25,20.96,1.79,216.8,0.0,normal
2025-09-23 23:10:00,25.47,74.64,1004.39,20.62,1.05,212.1,0.0,normal
2025-09-23 23:20:00,25.49,75.2,1004.23,20.77,1.14,192.1,0.0,normal
2025-09-23 23:30:00,25.08,77.42,1004.64,20.84,1.55,218.4,0.0,normal
2025-09-23 23:40:00,25.19,75.47,1004.78,20.54,1.78,208.4,0.0,normal
2025-09-23 23:50:00,25.26,77.25,1004.87,20.98,1.57,207.6,0.0,normal
2025-09-24 00:00:00,24.71,77.8,1005.14,20.57,1.43,185.1,0.0,normal
2025-09-24 00:10:00,24.45,77.98,1005.32,20.36,0.62,197.9,0.0,normal
2025-09-24 00:20:00,24.7,79.04,1005.2,20.81,0.72,179.9,0.0,normal
2025-09-24 00:30:00,24.68,78.79,1005.47,20.74,1.57,198.6,0.0,normal
2025-09-24 00:40:00,24.34,78.68,1005.55,20.39,0.81,204.2,0.0,normal
2025-09-24 00:50:00,23.71,79.53,1005.93,19.95,0.78,202.6,0.0,normal
2025-09-24 01:00:00,24.75,79.14,1005.82,20.88,0.64,187.9,0.0,normal
2025-09-24 01:10:00,23.98,79.57,1006.19,20.22,1.66,179.1,0.0,normal
2025-09-24 01:20:00,24.17,79.29,1006.18,20.35,1.74,179.0,0.0,normal
2025-09-24 01:30:00,24.12,78.7,1006.21,20.18,1.61,181.6,0.0,normal
2025-09-24 01:40:00,23.8,78.91,1006.39,19.92,1.67,175.6,0.0,normal
2025-09-24 01:50:00,23.81,80.57,1006.14,20.26,0.93,192.8,0.0,normal
2025-09-24 02:00:00,24.26,80.19,1006.44,20.62,1.09,198.9,0.0,normal
2025-09-24 02:10:00,23.87,81.29,1006.53,20.46,0.88,179.2,0.0,normal
2025-09-24 02:20:00,23.67,79.49,1006.48,19.91,1.13,164.0,0.0,normal
2025-09-24 02:30:00,23.44,81.21,1006.54,20.03,1.4,174.2,0.0,normal
2025-09-24 02:40:00,23.93,80.32,1006.7,20.33,0.67,176.2,0.0,normal
2025-09-24 02:50:00,23.87,79.69,1006.74,20.14,0.51,156.6,0.0,normal
2025-09-24 03:00:00,24.48,79.64,1006.89,20.72,0.84,177.3,0.0,normal
2025-09-24 03:10:00,24.21,78.74,1006.53,20.28,1.02,161.6,0.0,normal
2025-09-24 03:20:00,24.47,78.36,1007.07,20.45,1.28,164.0,0.0,normal
2025-09-24 03:30:00,23.87,79.28,1006.56,20.06,1.42,150.2,0.0,normal
2025-09-24 03:40:00,24.92,78.36,1006.88,20.88,1.78,160.7,0.0,normal
2025-09-24 03:50:00,24.93,76.79,1006.55,20.57,2.08,166.6,0.0,normal
2025-09-24 04:00:00,24.69,77.21,1006.44,20.42,1.81,153.3,0.0,normal
2025-09-24 04:10:00,25.08,76.5,1006.78,20.65,0.73,163.7,0.0,normal
2025-09-24 04:20:00,25.34,78.02,1006.3,21.22,1.65,155.8,0.0,normal
2025-09-24 04:30:00,25.01,77.38,1006.12,20.77,2.07,197.0,0.0,normal
2025-09-24 04:40:00,24.97,76.6,1006.02,20.57,1.85,139.4,0.0,normal
2025-09-24 04:50:00,25.86,73.85,1006.08,20.83,1.26,139.4,0.0,normal
2025-09-24 05:00:00,25.75,74.87,1005.88,20.94,2.22,160.4,0.0,normal
2025-09-24 05:10:00,25.7,75.44,1005.76,21.03,2.52,155.8,0.0,normal
2025-09-24 05:20:00,26.08,73.86,1005.36,21.04,1.73,137.4,0.0,normal
2025-09-24 05:30:00,26.23,72.14,1005.33,20.8,1.44,166.9,0.0,normal
2025-09-24 05:40:00,26.62,72.71,1005.18,21.3,1.82,158.9,0.0,normal
2025-09-24 05:50:00,26.91,71.85,1005.32,21.39,1.81,141.6,0.0,normal
2025-09-24 06:00:00,26.93,70.17,1004.92,21.02,1.53,157.1,6.8,normal
2025-09-24 06:10:00,27.34,70.22,1004.88,21.42,2.18,162.6,66.0,normal
2025-09-24 06:20:00,26.92,70.79,1004.78,21.16,2.21,127.0,61.0,normal
2025-09-24 06:30:00,27.68,69.66,1004.69,21.62,1.54,141.1,105.9,normal
2025-09-24 06:40:00,28.13,69.67,1004.46,22.05,1.51,148.1,117.7,normal
2025-09-24 06:50:00,28.71,68.25,1004.07,22.26,1.79,114.6,174.0,normal
2025-09-24 07:00:00,28.85,67.94,1004.34,22.32,3.2,146.0,228.2,normal
2025-09-24 07:10:00,28.68,65.18,1003.64,21.48,2.79,155.7,278.5,normal
2025-09-24 07:20:00,29.35,65.89,1003.84,22.29,3.56,161.9,270.8,normal
2025-09-24 07:30:00,28.82,65.52,1003.61,21.7,1.98,133.9,306.4,normal
2025-09-24 07:40:00,29.02,63.85,1003.72,21.47,2.51,144.3,381.0,normal
2025-09-24 07:50:00,29.69,63.42,1003.6,21.99,2.56,158.2,392.4,normal
2025-09-24 08:00:00,30.64,61.55,1003.21,22.39,3.8,131.8,410.0,normal
2025-09-24 08:10:00,30.64,61.09,1003.42,22.26,3.13,163.8,509.6,normal
2025-09-24 08:20:00,31.01,60.61,1003.11,22.49,4.29,125.7,481.1,normal
2025-09-24 08:30:00,30.48,61.78,1003.26,22.3,3.5,147.4,512.8,normal
2025-09-24 08:40:00,30.74,59.35,1003.4,21.88,3.93,147.7,570.6,normal
2025-09-24 08:50:00,30.82,57.77,1003.37,21.51,4.0,147.8,570.4,normal
2025-09-24 09:00:00,32.09,58.9,1003.23,23.02,3.83,127.9,601.7,normal
2025-09-24 09:10:00,31.46,56.99,1003.32,21.89,3.63,142.6,616.7,normal
2025-09-24 09:20:00,32.32,56.22,1003.28,22.46,3.39,174.3,644.2,normal
2025-09-24 09:30:00,32.52,56.58,1003.43,22.75,3.89,126.5,689.1,normal
2025-09-24 09:40:00,32.44,54.64,1003.22,22.11,3.11,169.9,669.4,normal
2025-09-24 09:50:00,32.59,55.03,1003.13,22.36,3.71,160.8,721.9,normal
2025-09-24 10:00:00,33.5,52.83,1003.34,22.53,3.56,163.2,760.7,normal
2025-09-24 10:10:00,33.23,53.88,1003.62,22.61,3.43,127.2,772.9,normal
2025-09-24 10:20:00,33.25,52.04,1003.39,22.05,5.25,154.6,791.7,normal
2025-09-24 10:30:00,33.2,52.25,1003.69,22.08,4.69,139.3,802.9,normal
2025-09-24 10:40:00,34.31,51.28,1003.65,22.78,3.78,179.0,796.6,normal
2025-09-24 10:50:00,33.92,51.41,1004.07,22.47,3.99,156.5,841.7,normal
2025-09-24 11:00:00,34.32,50.73,1004.1,22.62,4.84,143.2,851.9,normal
2025-09-24 11:10:00,34.28,49.36,1004.35,22.13,4.87,126.3,833.8,normal
2025-09-24 11:20:00,35.0,48.84,1004.58,22.61,5.33,135.4,858.8,normal
2025-09-24 11:30:00,34.76,48.76,1004.6,22.36,4.12,169.2,830.5,normal
2025-09-24 11:40:00,35.21,47.57,1004.61,22.37,4.51,164.6,863.0,normal
2025-09-24 11:50:00,35.3,46.83,1004.79,22.19,4.88,162.3,879.8,normal
2025-09-24 12:00:00,35.32,47.14,1004.9,22.31,5.31,171.8,850.8,normal
2025-09-24 12:10:00,35.76,45.62,1005.07,22.17,5.34,161.3,863.7,normal
2025-09-24 12:20:00,35.27,47.45,1005.09,22.38,4.68,144.2,858.8,normal
2025-09-24 12:30:00,35.23,46.77,1005.37,22.1,4.41,182.6,838.2,normal
2025-09-24 12:40:00,35.26,46.38,1005.41,21.99,5.14,156.9,795.4,normal
2025-09-24 12:50:00,35.8,47.38,1005.68,22.84,4.72,164.2,833.7,normal
2025-09-24 13:00:00,36.17,46.14,1005.67,22.73,4.77,165.0,814.3,normal
2025-09-24 13:10:00,35.79,48.02,1006.08,23.05,5.08,160.4,820.6,normal
2025-09-24 13:20:00,35.62,45.71,1006.12,22.08,4.85,159.2,768.6,normal
2025-09-24 13:30:00,36.13,45.62,1006.48,22.51,3.95,175.0,810.4,normal
2025-09-24 13:40:00,36.55,44.46,1006.31,22.46,4.04,183.4,767.3,normal
2025-09-24 13:50:00,35.92,44.06,1006.32,21.75,5.08,186.1,795.7,normal
2025-09-24 14:00:00,35.49,46.05,1006.61,22.09,4.54,149.1,709.2,normal
2025-09-24 14:10:00,35.55,44.53,1006.7,21.59,4.33,185.3,710.6,normal
2025-09-24 14:20:00,36.45,45.15,1006.74,22.63,4.68,196.9,714.0,normal
2025-09-24 14:30:00,36.03,45.37,1006.86,22.32,4.33,197.9,673.2,normal
2025-09-24 14:40:00,36.37,45.74,1006.93,22.76,4.44,183.6,631.7,normal
2025-09-24 14:50:00,36.19,45.09,1006.53,22.37,5.91,214.5,625.3,normal
2025-09-24 15:00:00,36.52,47.01,1006.8,23.36,4.69,186.7,615.3,normal
2025-09-24 15:10:00,36.23,44.43,1006.7,22.16,5.05,208.6,547.4,normal
2025-09-24 15:20:00,36.33,45.61,1006.8,22.68,5.02,201.4,537.4,normal
2025-09-24 15:30:00,35.61,46.77,1006.63,22.45,5.44,184.6,541.4,normal
2025-09-24 15:40:00,35.43,46.14,1006.6,22.06,4.21,190.6,479.3,normal
2025-09-24 15:50:00,35.0,46.78,1006.68,21.9,4.29,197.7,473.1,normal
2025-09-24 16:00:00,34.99,48.42,1006.56,22.45,4.44,209.3,420.2,normal
2025-09-24 16:10:00,35.45,48.64,1006.46,22.95,4.57,198.2,338.1,normal
2025-09-24 16:20:00,34.89,48.51,1005.92,22.4,4.03,209.6,380.5,normal
2025-09-24 16:30:00,34.57,49.23,1006.49,22.34,5.1,191.9,311.2,normal
2025-09-24 16:40:00,34.52,49.61,1006.15,22.43,3.37,188.7,264.7,normal
2025-09-24 16:50:00,34.65,50.16,1005.96,22.73,4.38,200.0,262.2,normal
2025-09-24 17:00:00,34.11,51.18,1006.01,22.57,4.5,210.1,258.4,normal
2025-09-24 17:10:00,33.54,49.94,1005.95,21.64,4.46,176.6,203.6,normal
2025-09-24 17:20:00,34.01,51.86,1005.76,22.7,4.11,231.3,163.3,normal
2025-09-24 17:30:00,33.65,52.98,1005.35,22.72,4.35,212.6,107.6,normal
2025-09-24 17:40:00,33.64,52.08,1005.26,22.42,4.13,216.1,92.6,normal
2025-09-24 17:50:00,32.84,53.65,1005.06,22.18,4.38,206.1,55.8,normal
2025-09-24 18:00:00,33.18,54.21,1004.99,22.66,4.26,195.1,0.0,normal
2025-09-24 18:10:00,32.45,54.84,1004.81,22.18,3.37,181.0,0.0,normal
2025-09-24 18:20:00,32.2,54.64,1004.65,21.88,4.21,222.1,0.0,normal
2025-09-24 18:30:00,32.27,57.22,1004.4,22.71,3.55,221.5,0.0,normal
2025-09-24 18:40:00,32.59,56.63,1004.15,22.83,3.76,218.1,0.0,normal
2025-09-24 18:50:00,32.17,56.82,1004.17,22.5,3.05,212.2,0.0,normal
2025-09-24 19:00:00,31.97,57.23,1004.14,22.44,4.22,220.0,0.0,normal
2025-09-24 19:10:00,31.3,56.95,1004.02,21.73,3.23,222.6,0.0,normal
2025-09-24 19:20:00,31.64,58.85,1003.97,22.58,3.24,214.5,0.0,normal
2025-09-24 19:30:00,30.94,58.5,1003.82,21.83,3.01,203.3,0.0,normal
2025-09-24 19:40:00,30.27,60.58,1003.57,21.78,2.69,227.6,0.0,normal
2025-09-24 19:50:00,29.86,61.6,1003.66,21.67,2.46,210.9,0.0,normal
2025-09-24 20:00:00,29.99,63.87,1003.63,22.39,2.12,196.6,0.0,normal
2025-09-24 20:10:00,29.28,63.25,1003.37,21.55,2.87,221.8,0.0,normal
2025-09-24 20:20:00,29.42,64.88,1003.41,22.11,2.34,223.8,0.0,normal
2025-09-24 20:30:00,29.3,65.41,1003.25,22.13,2.77,201.9,0.0,normal
2025-09-24 20:40:00,29.19,65.22,1003.19,21.98,3.48,199.9,0.0,normal
2025-09-24 20:50:00,28.58,65.05,1003.4,21.36,2.07,188.2,0.0,normal
2025-09-24 21:00:00,27.89,67.1,1002.92,21.21,2.08,198.4,0.0,normal
2025-09-24 21:10:00,28.14,67.7,1002.99,21.59,3.01,229.8,0.0,normal
2025-09-24 21:20:00,27.71,68.13,1002.86,21.28,2.19,216.6,0.0,normal
2025-09-24 21:30:00,27.89,69.38,1003.14,21.75,3.14,218.8,0.0,normal
2025-09-24 21:40:00,27.64,70.37,1003.55,21.75,1.74,218.0,0.0,normal
2025-09-24 21:50:00,27.72,69.69,1003.26,21.66,1.84,201.8,0.0,normal
2025-09-24 22:00:00,27.09,70.33,1003.33,21.21,2.23,209.2,0.0,normal
2025-09-24 22:10:00,26.19,72.28,1003.42,20.8,2.82,234.9,0.0,normal
2025-09-24 22:20:00,26.74,71.87,1003.49,21.23,2.44,208.4,0.0,normal
2025-09-24 22:30:00,26.45,73.03,1003.83,21.21,1.63,206.9,0.0,normal
2025-09-24 22:40:00,26.5,75.74,1003.85,21.86,1.93,194.3,0.0,normal
2025-09-24 22:50:00,25.9,72.77,1003.86,20.63,2.49,210.1,0.0,normal
2025-09-24 23:00:00,25.28,74.72,1003.96,20.46,1.36,186.3,0.0,normal
2025-09-24 23:10:00,25.48,75.87,1003.91,20.9,2.18,183.9,0.0,normal
2025-09-24 23:20:00,25.3,76.59,1004.38,20.88,2.15,209.0,0.0,normal
2025-09-24 23:30:00,25.66,76.76,1004.45,21.27,2.17,209.0,0.0,normal
2025-09-24 23:40:00,24.49,78.0,1005.04,20.4,1.47,209.4,0.0,normal
2025-09-24 23:50:00,25.03,76.99,1004.68,20.7,1.31,188.7,0.0,normal
2025-09-25 00:00:00,24.32,77.84,1004.96,20.2,1.22,199.4,0.0,normal
2025-09-25 00:10:00,24.96,78.35,1005.07,20.92,1.5,174.4,0.0,normal
2025-09-25 00:20:00,24.52,77.79,1005.6,20.38,0.52,169.8,0.0,normal
2025-09-25 00:30:00,24.68,79.0,1005.48,20.79,0.93,200.4,0.0,normal
2025-09-25 00:40:00,24.46,78.89,1005.39,20.55,0.5,171.7,0.0,normal
2025-09-25 00:50:00,24.0,80.37,1005.7,20.4,1.31,153.7,0.0,normal
2025-09-25 01:00:00,23.6,80.66,1006.06,20.08,0.82,165.6,0.0,normal
2025-09-25 01:10:00,24.65,80.6,1006.14,21.09,1.54,223.4,0.0,normal
2025-09-25 01:20:00,24.27,80.2,1006.23,20.63,1.18,188.2,0.0,normal
2025-09-25 01:30:00,24.0,80.07,1006.5,20.35,1.53,215.2,0.0,normal
2025-09-25 01:40:00,23.95,79.07,1006.22,20.09,1.4,173.9,0.0,normal
2025-09-25 01:50:00,24.31,79.93,1006.64,20.61,0.5,169.6,0.0,normal
2025-09-25 02:00:00,23.91,80.59,1006.65,20.36,0.75,185.6,0.0,normal
2025-09-25 02:10:00,23.72,80.66,1006.5,20.19,0.5,154.1,0.0,normal
2025-09-25 02:20:00,23.89,80.18,1006.69,20.25,0.79,176.3,0.0,normal
2025-09-25 02:30:00,24.12,80.64,1006.77,20.57,0.73,165.9,0.0,normal
2025-09-25 02:40:00,24.07,79.79,1006.95,20.35,1.37,184.0,0.0,normal
2025-09-25 02:50:00,23.95,80.09,1006.63,20.3,1.26,164.4,0.0,normal
2025-09-25 03:00:00,23.6,79.15,1006.84,19.77,1.12,189.7,0.0,normal
2025-09-25 03:10:00,24.38,80.26,1006.99,20.75,1.1,185.5,0.0,normal
2025-09-25 03:20:00,24.21,80.22,1006.95,20.58,0.82,207.1,0.0,normal
2025-09-25 03:30:00,23.81,78.9,1006.71,19.92,1.23,171.9,0.0,normal
2025-09-25 03:40:00,24.63,79.48,1006.77,20.83,1.18,178.1,0.0,normal
2025-09-25 03:50:00,24.61,77.26,1006.69,20.36,1.63,178.2,0.0,normal
2025-09-25 04:00:00,24.52,77.41,1006.59,20.3,1.79,169.4,0.0,normal
2025-09-25 04:10:00,24.57,77.8,1006.32,20.43,1.78,154.0,0.0,normal
2025-09-25 04:20:00,25.15,76.9,1006.1,20.81,1.63,154.2,0.0,normal
2025-09-25 04:30:00,25.78,76.31,1006.5,21.29,2.29,119.2,0.0,normal
2025-09-25 04:40:00,25.27,76.0,1006.28,20.72,1.67,157.6,0.0,normal
2025-09-25 04:50:00,25.13,75.05,1006.04,20.38,1.36,119.4,0.0,normal
2025-09-25 05:00:00,25.57,75.26,1006.09,20.86,1.57,145.9,0.0,normal
2025-09-25 05:10:00,26.11,73.62,1005.76,21.02,2.4,168.9,0.0,normal
2025-09-25 05:20:00,26.52,73.52,1005.73,21.39,2.13,144.2,0.0,normal
2025-09-25 05:30:00,26.68,73.16,1005.71,21.47,3.03,117.7,0.0,normal
2025-09-25 05:40:00,26.02,72.91,1005.15,20.77,1.57,156.6,0.0,normal
2025-09-25 05:50:00,26.39,71.41,1005.02,20.79,1.86,145.5,0.0,normal
2025-09-25 06:00:00,27.22,71.5,1004.99,21.61,0.58,133.2,16.8,normal
2025-09-25 06:10:00,27.31,71.45,1004.97,21.68,2.42,140.4,40.7,normal
2025-09-25 06:20:00,27.25,70.27,1004.36,21.36,0.9,123.2,99.9,normal
2025-09-25 06:30:00,27.95,69.57,1004.37,21.85,1.62,149.6,105.8,normal
2025-09-25 06:40:00,28.18,68.58,1004.52,21.84,3.06,123.4,146.9,normal
2025-09-25 06:50:00,27.95,67.33,1003.96,21.32,2.32,153.3,205.0,normal
2025-09-25 07:00:00,28.48,67.39,1004.24,21.84,1.79,154.4,202.1,normal
2025-09-25 07:10:00,28.84,65.09,1003.75,21.61,2.2,124.1,271.7,normal
2025-09-25 07:20:00,28.41,67.1,1003.64,21.7,3.05,137.3,284.5,normal
2025-09-25 07:30:00,29.56,65.52,1004.0,22.4,2.58,118.0,339.9,normal
2025-09-25 07:40:00,29.82,62.42,1003.51,21.85,3.01,121.7,323.4,normal
2025-09-25 07:50:00,29.54,63.46,1003.19,21.86,2.88,142.6,408.4,normal
2025-09-25 08:00:00,30.05,63.29,1003.3,22.3,2.73,120.9,398.8,normal
2025-09-25 08:10:00,30.1,60.7,1003.28,21.66,3.62,146.7,460.5,normal
2025-09-25 08:20:00,30.47,60.63,1003.28,21.98,3.45,112.8,488.8,normal
2025-09-25 08:30:00,31.1,61.67,1003.43,22.85,3.25,123.1,551.7,normal
2025-09-25 08:40:00,31.26,59.94,1003.06,22.54,3.43,137.3,510.2,normal
2025-09-25 08:50:00,31.26,58.4,1003.09,22.1,2.54,146.6,575.9,normal
2025-09-25 09:00:00,31.4,57.02,1003.13,21.84,3.68,122.7,603.9,normal
2025-09-25 09:10:00,31.86,57.41,1003.03,22.38,3.58,149.8,621.9,normal
2025-09-25 09:20:00,31.79,56.83,1003.29,22.15,4.3,169.3,628.8,normal
2025-09-25 09:30:00,32.0,55.05,1003.15,21.82,3.84,158.4,691.0,normal
2025-09-25 09:40:00,32.43,55.47,1003.38,22.35,4.72,153.2,703.5,normal
2025-09-25 09:50:00,33.05,54.58,1003.36,22.65,4.32,132.9,725.7,normal
2025-09-25 10:00:00,32.9,53.61,1003.53,22.22,3.95,139.8,721.5,normal
2025-09-25 10:10:00,32.8,54.08,1003.62,22.27,4.36,145.1,736.2,normal
2025-09-25 10:20:00,32.92,52.43,1003.67,21.87,4.72,138.2,761.7,normal
2025-09-25 10:30:00,33.45,51.45,1003.84,22.05,3.79,124.2,750.4,normal
2025-09-25 10:40:00,34.17,52.17,1003.72,22.94,4.09,138.5,807.2,normal
2025-09-25 10:50:00,34.18,50.61,1004.16,22.44,4.37,160.3,822.3,normal
2025-09-25 11:00:00,34.13,51.06,1004.4,22.54,4.47,140.6,812.3,normal
2025-09-25 11:10:00,34.32,50.97,1004.08,22.69,5.09,135.9,829.9,normal
2025-09-25 11:20:00,34.9,48.83,1004.48,22.51,4.19,128.4,870.8,normal
2025-09-25 11:30:00,34.12,49.45,1004.65,22.01,5.49,146.0,778.9,normal
2025-09-25 11:40:00,35.17,47.46,1004.52,22.29,4.71,163.2,848.5,normal
2025-09-25 11:50:00,34.78,48.08,1004.68,22.15,5.44,166.7,828.0,normal
2025-09-25 12:00:00,35.74,48.9,1004.83,23.31,4.14,187.5,848.1,normal
2025-09-25 12:10:00,35.86,46.05,1005.02,22.42,4.83,171.3,838.6,normal
2025-09-25 12:20:00,35.59,47.54,1005.27,22.7,5.28,177.5,821.8,normal
2025-09-25 12:30:00,35.05,46.75,1005.48,21.93,4.88,141.4,805.8,normal
2025-09-25 12:40:00,35.66,46.0,1005.65,22.22,4.39,163.6,837.0,normal
2025-09-25 12:50:00,35.53,45.36,1005.87,21.88,4.94,146.8,790.6,normal
2025-09-25 13:00:00,35.95,45.22,1005.82,22.2,5.36,187.7,833.8,normal
2025-09-25 13:10:00,35.72,45.01,1005.95,21.92,4.43,159.8,828.2,normal
2025-09-25 13:20:00,35.57,44.05,1006.21,21.43,5.33,192.3,818.7,normal
2025-09-25 13:30:00,35.75,45.28,1006.16,22.04,4.74,188.4,773.1,normal
2025-09-25 13:40:00,36.01,45.77,1006.07,22.45,4.71,189.8,740.5,normal
2025-09-25 13:50:00,36.63,45.43,1006.22,22.89,4.71,202.4,729.4,normal
2025-09-25 14:00:00,36.34,45.05,1006.32,22.49,4.5,180.9,740.1,normal
2025-09-25 14:10:00,36.2,45.97,1006.57,22.7,5.12,163.1,699.3,normal
2025-09-25 14:20:00,35.89,45.29,1006.77,22.18,5.62,178.4,714.4,normal
2025-09-25 14:30:00,35.94,43.36,1006.62,21.5,5.53,182.6,661.3,normal
2025-09-25 14:40:00,35.49,43.84,1006.96,21.28,4.98,174.6,582.6,normal
2025-09-25 14:50:00,35.55,43.59,1006.68,21.24,5.34,199.7,624.1,normal
2025-09-25 15:00:00,35.53,45.09,1006.98,21.78,4.6,197.4,588.3,normal
2025-09-25 15:10:00,35.25,47.29,1006.82,22.3,4.64,213.7,562.4,normal
2025-09-25 15:20:00,35.64,44.5,1006.69,21.65,4.77,186.6,538.3,normal
2025-09-25 15:30:00,35.66,46.32,1006.89,22.33,5.12,185.0,531.5,normal
2025-09-25 15:40:00,35.94,44.83,1006.51,22.05,4.39,195.6,538.5,normal
2025-09-25 15:50:00,35.55,47.95,1006.32,22.8,5.2,201.4,444.7,normal
2025-09-25 16:00:00,35.47,47.72,1006.54,22.66,4.06,195.3,420.9,normal
2025-09-25 16:10:00,34.8,47.27,1006.49,21.89,4.17,199.1,414.7,normal
2025-09-25 16:20:00,35.21,48.26,1006.52,22.6,4.22,197.6,315.7,normal
2025-09-25 16:30:00,34.68,48.4,1006.27,22.16,4.98,186.0,336.9,normal
2025-09-25 16:40:00,34.47,48.12,1006.14,21.88,5.04,215.2,303.4,normal
2025-09-25 16:50:00,34.1,49.59,1006.1,22.04,3.29,194.5,251.8,normal
2025-09-25 17:00:00,34.1,48.95,1005.95,21.83,3.94,206.5,201.2,normal
2025-09-25 17:10:00,34.6,51.25,1005.69,23.03,4.81,194.6,185.3,normal
2025-09-25 17:20:00,34.13,51.62,1005.58,22.72,4.24,215.9,145.7,normal
2025-09-25 17:30:00,33.65,52.58,1005.32,22.59,5.53,221.1,138.9,normal
2025-09-25 17:40:00,33.5,53.8,1005.18,22.83,4.67,182.2,66.5,normal
2025-09-25 17:50:00,33.27,53.1,1005.18,22.4,3.83,198.1,43.7,normal
2025-09-25 18:00:00,33.29,53.26,1004.98,22.47,3.15,246.9,0.0,normal
2025-09-25 18:10:00,32.51,54.94,1004.68,22.27,4.83,216.8,0.0,normal
2025-09-25 18:20:00,32.29,55.88,1004.74,22.34,4.6,211.6,0.0,normal
2025-09-25 18:30:00,32.78,56.75,1004.58,23.05,4.02,229.4,0.0,normal
2025-09-25 18:40:00,32.34,57.56,1004.37,22.88,3.74,230.4,0.0,normal
2025-09-25 18:50:00,31.76,56.78,1004.21,22.11,4.52,219.8,0.0,normal
2025-09-25 19:00:00,31.34,58.93,1004.07,22.33,3.19,213.2,0.0,normal
2025-09-25 19:10:00,31.45,58.39,1003.96,22.28,3.9,219.1,0.0,normal
2025-09-25 19:20:00,30.51,58.15,1003.83,21.34,3.89,220.1,0.0,normal
2025-09-25 19:30:00,31.04,60.36,1003.62,22.44,3.05,229.3,0.0,normal
2025-09-25 19:40:00,30.24,61.12,1003.82,21.9,3.05,198.9,0.0,normal
2025-09-25 19:50:00,30.03,61.98,1003.35,21.93,4.18,207.4,0.0,normal
2025-09-25 20:00:00,30.17,62.68,1003.38,22.25,3.17,230.5,0.0,normal
2025-09-25 20:10:00,29.68,62.91,1003.38,21.84,2.73,210.7,0.0,normal
2025-09-25 20:20:00,29.68,62.81,1003.44,21.82,3.48,231.5,0.0,normal
2025-09-25 20:30:00,29.12,64.82,1003.29,21.81,3.81,243.1,0.0,normal
2025-09-25 20:40:00,29.2,65.27,1003.29,22.0,3.07,243.1,0.0,normal
2025-09-25 20:50:00,28.89,65.31,1003.09,21.72,3.27,213.3,0.0,normal
2025-09-25 21:00:00,28.27,66.79,1003.09,21.5,2.41,217.2,0.0,normal
2025-09-25 21:10:00,28.18,68.29,1003.19,21.77,2.18,215.2,0.0,normal
2025-09-25 21:20:00,28.07,68.94,1003.06,21.82,2.45,187.9,0.0,normal
2025-09-25 21:30:00,27.31,69.39,1003.25,21.2,2.81,210.0,0.0,normal
2025-09-25 21:40:00,27.65,70.16,1003.2,21.71,1.66,210.8,0.0,normal
2025-09-25 21:50:00,27.4,70.49,1003.28,21.54,2.23,194.0,0.0,normal
2025-09-25 22:00:00,27.02,70.56,1003.33,21.2,2.42,232.0,0.0,normal
2025-09-25 22:10:00,26.37,72.55,1003.58,21.03,1.54,213.0,0.0,normal
2025-09-25 22:20:00,26.68,73.18,1003.87,21.47,2.35,220.1,0.0,normal
2025-09-25 22:30:00,26.43,71.74,1003.6,20.9,1.46,185.2,0.0,normal
2025-09-25 22:40:00,26.1,73.8,1003.92,21.05,2.08,213.7,0.0,normal
2025-09-25 22:50:00,25.24,74.46,1003.89,20.37,1.42,223.6,0.0,normal
2025-09-25 23:00:00,25.44,74.84,1004.21,20.64,1.95,218.7,0.0,normal
2025-09-25 23:10:00,25.28,75.17,1004.24,20.56,1.66,195.5,0.0,normal
2025-09-25 23:20:00,25.83,76.64,1004.05,21.41,2.05,195.9,0.0,normal
2025-09-25 23:30:00,25.23,76.0,1004.4,20.68,1.74,214.1,0.0,normal
2025-09-25 23:40:00,25.35,76.73,1004.56,20.96,1.53,203.6,0.0,normal
2025-09-25 23:50:00,25.51,79.36,1004.73,21.66,2.08,201.6,0.0,normal
2025-09-26 00:00:00,24.98,77.42,1005.08,20.75,1.43,194.9,0.0,normal
2025-09-26 00:10:00,24.54,79.19,1004.94,20.69,1.26,178.6,0.0,normal
2025-09-26 00:20:00,24.7,79.17,1005.17,20.84,1.41,206.9,0.0,normal
2025-09-26 00:30:00,24.33,77.82,1005.35,20.2,1.03,187.6,0.0,normal
2025-09-26 00:40:00,24.08,80.15,1005.43,20.44,1.02,184.7,0.0,normal
2025-09-26 00:50:00,24.62,79.53,1005.48,20.83,0.54,208.7,0.0,normal
2025-09-26 01:00:00,24.12,79.8,1005.83,20.4,0.98,171.1,0.0,normal
2025-09-26 01:10:00,24.15,80.06,1006.14,20.48,1.06,193.7,0.0,normal
2025-09-26 01:20:00,23.92,80.54,1005.83,20.36,0.76,180.9,0.0,normal
2025-09-26 01:30:00,23.93,80.14,1006.16,20.29,0.79,197.3,0.0,normal
2025-09-26 01:40:00,23.9,80.51,1006.07,20.33,1.49,183.0,0.0,normal
2025-09-26 01:50:00,23.44,78.16,1006.48,19.41,2.15,184.8,0.0,normal
2025-09-26 02:00:00,23.4,80.14,1006.43,19.78,1.1,172.5,0.0,normal
2025-09-26 02:10:00,23.99,81.17,1006.66,20.55,0.91,180.2,0.0,normal
2025-09-26 02:20:00,23.98,79.87,1006.47,20.28,1.73,188.5,0.0,normal
2025-09-26 02:30:00,24.15,79.95,1006.86,20.47,1.61,187.4,0.0,normal
2025-09-26 02:40:00,24.43,80.68,1006.76,20.89,0.78,167.2,0.0,normal
2025-09-26 02:50:00,24.34,79.7,1006.78,20.6,2.47,162.3,0.0,normal
2025-09-26 03:00:00,24.83,79.94,1006.96,21.13,1.87,150.4,0.0,normal
2025-09-26 03:10:00,24.83,79.48,1006.72,21.03,1.26,193.4,0.0,normal
2025-09-26 03:20:00,24.58,78.72,1006.81,20.63,0.93,162.7,0.0,normal
2025-09-26 03:30:00,24.71,77.0,1006.75,20.4,0.5,169.4,0.0,normal
2025-09-26 03:40:00,24.82,78.27,1006.68,20.77,1.81,174.0,0.0,normal
2025-09-26 03:50:00,24.58,78.85,1006.47,20.66,1.92,142.7,0.0,normal
2025-09-26 04:00:00,24.75,76.98,1006.45,20.43,1.19,148.8,0.0,normal
2025-09-26 04:10:00,24.9,76.09,1006.42,20.39,1.26,150.6,0.0,normal
2025-09-26 04:20:00,25.24,76.25,1006.32,20.75,1.7,181.6,0.0,normal
2025-09-26 04:30:00,25.11,76.72,1006.46,20.73,1.87,158.9,0.0,normal
2025-09-26 04:40:00,25.84,76.15,1006.22,21.31,0.5,143.4,0.0,normal
2025-09-26 04:50:00,25.45,76.38,1005.88,20.98,1.43,170.7,0.0,normal
2025-09-26 05:00:00,26.0,74.65,1006.04,21.13,1.81,129.4,0.0,normal
2025-09-26 05:10:00,25.77,75.03,1005.99,21.0,1.88,137.3,0.0,normal
2025-09-26 05:20:00,26.41,73.66,1005.58,21.31,1.5,120.0,0.0,normal
2025-09-26 05:30:00,26.42,74.12,1005.34,21.43,0.61,141.3,0.0,normal
2025-09-26 05:40:00,26.0,71.43,1005.36,20.42,1.51,137.5,0.0,normal
2025-09-26 05:50:00,26.63,72.62,1005.06,21.29,1.49,138.4,0.0,normal
2025-09-26 06:00:00,26.9,72.3,1004.97,21.48,1.92,151.4,1.2,normal
2025-09-26 06:10:00,27.21,71.13,1004.78,21.51,2.23,133.1,52.5,normal
2025-09-26 06:20:00,27.17,70.17,1004.49,21.25,1.8,144.7,90.8,normal
2025-09-26 06:30:00,28.2,70.05,1004.48,22.2,2.08,146.9,119.7,normal
2025-09-26 06:40:00,28.06,68.3,1004.37,21.65,1.88,165.7,134.0,normal
2025-09-26 06:50:00,27.9,67.35,1004.38,21.27,1.93,130.8,211.0,normal
2025-09-26 07:00:00,28.43,65.55,1003.96,21.34,2.62,144.6,216.0,normal
2025-09-26 07:10:00,28.56,66.31,1003.89,21.65,2.88,123.9,265.1,normal
2025-09-26 07:20:00,28.92,65.89,1003.74,21.88,3.13,146.7,281.4,normal
2025-09-26 07:30:00,29.53,64.99,1003.51,22.24,3.27,136.5,314.5,normal
2025-09-26 07:40:00,29.52,64.46,1003.7,22.09,1.85,122.7,345.7,normal
2025-09-26 07:50:00,29.98,63.13,1003.53,22.18,3.28,168.5,386.2,normal
2025-09-26 08:00:00,30.28,61.89,1003.37,22.14,2.95,154.1,429.0,normal
2025-09-26 08:10:00,29.76,61.66,1003.33,21.6,2.89,125.5,450.8,normal
2025-09-26 08:20:00,30.3,61.22,1003.46,21.98,3.52,118.3,490.2,normal
2025-09-26 08:30:00,30.56,61.09,1003.16,22.19,2.96,139.9,535.6,normal
2025-09-26 08:40:00,31.11,59.68,1002.92,22.32,3.66,139.3,582.6,normal
2025-09-26 08:50:00,31.55,59.51,1003.42,22.68,3.31,139.9,580.9,normal
2025-09-26 09:00:00,31.45,58.85,1003.26,22.41,3.58,162.1,617.2,normal
2025-09-26 09:10:00,32.19,56.59,1003.37,22.46,3.96,150.5,633.0,normal
2025-09-26 09:20:00,32.2,57.92,1003.32,22.84,3.48,157.2,654.1,normal
2025-09-26 09:30:00,32.54,57.66,1003.32,23.09,3.64,165.0,707.2,normal
2025-09-26 09:40:00,32.54,53.86,1003.24,21.96,2.94,127.1,728.7,normal
2025-09-26 09:50:00,33.2,55.12,1003.32,22.95,3.33,141.6,698.0,normal
2025-09-26 10:00:00,33.17,54.04,1003.25,22.6,4.19,129.2,706.8,normal
2025-09-26 10:10:00,33.02,51.72,1003.44,21.74,4.86,166.9,730.0,normal
2025-09-26 10:20:00,33.17,52.85,1003.82,22.23,3.65,142.8,736.8,normal
2025-09-26 10:30:00,34.09,51.68,1003.65,22.71,4.09,134.6,800.8,normal
2025-09-26 10:40:00,33.59,49.19,1003.75,21.44,3.69,135.8,795.9,normal
2025-09-26 10:50:00,34.27,50.57,1003.87,22.52,5.18,156.3,857.4,normal
2025-09-26 11:00:00,33.88,49.92,1004.21,21.94,4.72,177.4,807.6,normal
2025-09-26 11:10:00,34.8,49.29,1004.5,22.58,4.98,170.2,806.2,normal
2025-09-26 11:20:00,34.46,49.3,1004.19,22.27,5.37,189.8,852.9,normal
2025-09-26 11:30:00,34.91,48.97,1004.56,22.57,5.14,134.6,849.2,normal
2025-09-26 11:40:00,34.86,48.05,1004.73,22.21,5.11,149.8,881.9,normal
2025-09-26 11:50:00,35.08,46.14,1004.58,21.74,5.43,152.8,875.7,normal
2025-09-26 12:00:00,35.34,45.34,1004.91,21.69,4.66,191.3,826.1,normal
2025-09-26 12:10:00,35.12,46.66,1005.06,21.96,4.95,151.7,861.9,normal
2025-09-26 12:20:00,35.56,46.85,1005.5,22.43,5.33,187.0,849.2,normal
2025-09-26 12:30:00,34.95,46.73,1005.39,21.84,5.49,168.8,827.4,normal
2025-09-26 12:40:00,35.61,46.05,1005.65,22.19,5.53,157.2,853.0,normal
2025-09-26 12:50:00,35.78,45.25,1005.92,22.06,5.32,170.9,809.7,normal
2025-09-26 13:00:00,35.24,45.92,1005.97,21.81,4.86,179.6,824.2,normal
2025-09-26 13:10:00,35.38,45.97,1005.93,21.96,4.58,169.1,800.5,normal
2025-09-26 13:20:00,35.84,44.33,1006.1,21.77,4.61,171.7,778.1,normal
2025-09-26 13:30:00,36.01,45.65,1006.09,22.41,5.0,165.6,790.1,normal
2025-09-26 13:40:00,36.25,44.37,1006.45,22.16,4.94,184.7,744.7,normal
2025-09-26 13:50:00,35.57,43.48,1006.57,21.22,5.57,156.4,762.0,normal
2025-09-26 14:00:00,35.94,45.27,1006.32,22.21,3.89,203.8,752.2,normal
2025-09-26 14:10:00,36.57,45.13,1006.54,22.73,4.94,207.6,701.3,normal
2025-09-26 14:20:00,35.78,44.07,1006.5,21.62,5.26,165.4,698.2,normal
2025-09-26 14:30:00,35.82,45.4,1006.72,22.15,5.5,219.3,663.4,normal
2025-09-26 14:40:00,35.98,46.52,1006.83,22.69,4.56,190.7,683.8,normal
2025-09-26 14:50:00,35.69,45.1,1006.58,21.93,5.53,191.5,627.9,normal
2025-09-26 15:00:00,36.04,46.19,1006.57,22.63,4.52,194.5,592.4,normal
2025-09-26 15:10:00,34.95,45.43,1006.89,21.37,5.61,206.9,600.9,normal
2025-09-26 15:20:00,35.78,46.21,1006.8,22.4,5.87,202.7,529.2,normal
2025-09-26 15:30:00,35.08,45.94,1006.84,21.67,4.54,200.9,502.7,normal
2025-09-26 15:40:00,35.49,46.63,1006.83,22.29,4.53,202.6,525.2,normal
2025-09-26 15:50:00,35.74,48.69,1006.69,23.23,5.28,204.8,461.9,normal
2025-09-26 16:00:00,35.13,47.69,1006.81,22.34,4.41,197.5,396.9,normal
2025-09-26 16:10:00,35.02,47.23,1006.38,22.07,4.64,212.7,381.1,normal
2025-09-26 16:20:00,34.89,49.26,1006.37,22.65,4.31,194.3,309.6,normal
2025-09-26 16:30:00,34.73,48.26,1006.23,22.16,4.13,230.1,325.6,normal
2025-09-26 16:40:00,34.77,49.04,1006.2,22.47,4.18,227.0,290.8,normal
2025-09-26 16:50:00,34.79,49.95,1005.98,22.79,3.85,225.8,303.5,normal
2025-09-26 17:00:00,34.08,48.39,1005.79,21.62,4.45,215.6,215.0,normal
2025-09-26 17:10:00,34.2,50.6,1005.9,22.46,4.04,198.6,139.9,normal
2025-09-26 17:20:00,33.85,52.26,1005.62,22.68,4.2,186.4,159.3,normal
2025-09-26 17:30:00,33.35,50.49,1005.54,21.65,3.83,187.4,92.9,normal
2025-09-26 17:40:00,33.47,52.14,1005.33,22.29,3.49,202.6,84.2,normal
2025-09-26 17:50:00,33.24,53.58,1005.22,22.52,4.05,189.7,46.5,normal
2025-09-26 18:00:00,33.49,53.86,1005.08,22.84,4.37,213.9,6.9,normal
2025-09-26 18:10:00,32.59,54.5,1004.63,22.2,4.58,208.5,0.0,normal
2025-09-26 18:20:00,33.04,55.02,1004.61,22.78,4.01,204.6,0.0,normal
2025-09-26 18:30:00,32.58,56.65,1004.87,22.83,3.64,215.0,0.0,normal
2025-09-26 18:40:00,31.89,56.77,1004.15,22.22,4.24,202.4,0.0,normal
2025-09-26 18:50:00,32.04,57.13,1004.39,22.46,4.09,215.0,0.0,normal
2025-09-26 19:00:00,31.87,57.69,1004.14,22.47,3.4,226.3,0.0,normal
2025-09-26 19:10:00,31.39,58.85,1003.89,22.35,3.99,179.6,0.0,normal
2025-09-26 19:20:00,31.11,60.87,1003.8,22.65,3.48,227.6,0.0,normal
2025-09-26 19:30:00,30.43,59.92,1003.74,21.75,3.73,230.8,0.0,normal
2025-09-26 19:40:00,30.21,60.36,1003.62,21.67,2.64,237.4,0.0,normal
2025-09-26 19:50:00,30.05,62.8,1003.29,22.16,3.05,200.3,0.0,normal
2025-09-26 20:00:00,29.35,61.17,1003.68,21.08,3.18,209.1,0.0,normal
2025-09-26 20:10:00,29.62,63.99,1003.31,22.07,3.07,222.2,0.0,normal
2025-09-26 20:20:00,29.08,64.14,1003.59,21.6,2.69,208.5,0.0,normal
2025-09-26 20:30:00,29.28,64.24,1003.16,21.81,3.22,239.0,0.0,normal
2025-09-26 20:40:00,28.81,66.46,1003.07,21.92,3.22,228.0,0.0,normal
2025-09-26 20:50:00,29.1,66.06,1003.02,22.1,2.31,244.6,0.0,normal
2025-09-26 21:00:00,28.35,65.96,1003.17,21.36,2.33,228.2,0.0,normal
2025-09-26 21:10:00,28.48,67.09,1003.16,21.76,1.7,230.0,0.0,normal
2025-09-26 21:20:00,27.79,69.3,1003.04,21.64,2.23,236.2,0.0,normal
2025-09-26 21:30:00,27.58,70.42,1003.27,21.7,2.43,204.3,0.0,normal
2025-09-26 21:40:00,27.58,69.34,1003.43,21.45,1.65,209.2,0.0,normal
2025-09-26 21:50:00,27.14,71.0,1003.64,21.42,1.44,210.7,0.0,normal
2025-09-26 22:00:00,27.01,70.95,1003.62,21.28,2.42,216.8,0.0,normal
2025-09-26 22:10:00,27.29,72.41,1003.69,21.88,1.28,223.8,0.0,normal
2025-09-26 22:20:00,26.48,72.03,1003.64,21.01,1.87,216.6,0.0,normal
2025-09-26 22:30:00,26.65,70.96,1003.73,20.93,1.69,217.8,0.0,normal
2025-09-26 22:40:00,26.12,72.33,1003.86,20.74,2.24,201.1,0.0,normal
2025-09-26 22:50:00,25.84,73.0,1003.8,20.62,1.07,195.7,0.0,normal
2025-09-26 23:00:00,25.73,74.42,1004.27,20.83,1.26,210.7,0.0,normal
2025-09-26 23:10:00,25.92,75.53,1004.27,21.26,1.41,200.6,0.0,normal
2025-09-26 23:20:00,25.41,75.93,1004.41,20.84,1.86,207.4,0.0,normal
2025-09-26 23:30:00,25.48,76.75,1004.7,21.09,1.8,203.5,0.0,normal
2025-09-26 23:40:00,25.05,78.01,1004.67,20.94,2.29,194.8,0.0,normal
2025-09-26 23:50:00,24.84,78.06,1004.83,20.74,1.34,191.7,0.0,normal
2025-09-27 00:00:00,24.5,78.1,1004.79,20.42,2.06,227.8,0.0,normal
2025-09-27 00:10:00,25.11,77.51,1005.27,20.89,1.16,210.6,0.0,normal
2025-09-27 00:20:00,24.35,77.56,1005.59,20.17,1.55,188.1,0.0,normal
2025-09-27 00:30:00,24.59,77.85,1005.22,20.46,0.53,204.7,0.0,normal
2025-09-27 00:40:00,24.36,79.04,1005.6,20.48,1.48,216.7,0.0,normal
2025-09-27 00:50:00,24.3,79.84,1005.84,20.58,1.13,172.7,0.0,normal
2025-09-27 01:00:00,24.55,78.97,1005.88,20.65,1.68,159.9,0.0,normal
2025-09-27 01:10:00,24.37,79.33,1006.11,20.56,0.75,165.9,0.0,normal
2025-09-27 01:20:00,24.08,78.94,1005.99,20.19,0.85,188.6,0.0,normal
2025-09-27 01:30:00,24.4,79.39,1006.33,20.59,0.5,186.0,0.0,normal
2025-09-27 01:40:00,24.14,79.5,1006.3,20.36,0.5,162.7,0.0,normal
2025-09-27 01:50:00,24.51,79.72,1006.57,20.77,1.57,177.9,0.0,normal
2025-09-27 02:00:00,24.34,78.59,1006.8,20.37,1.28,188.9,0.0,normal
2025-09-27 02:10:00,23.92,79.52,1006.65,20.15,0.5,154.5,0.0,normal
2025-09-27 02:20:00,23.88,78.94,1006.85,20.0,0.99,162.9,0.0,normal
2025-09-27 02:30:00,24.67,80.26,1006.77,21.03,1.1,193.9,0.0,normal
2025-09-27 02:40:00,23.99,80.55,1006.68,20.43,1.4,164.8,0.0,normal
2025-09-27 02:50:00,24.38,79.08,1006.73,20.51,0.98,192.4,0.0,normal
2025-09-27 03:00:00,24.2,79.51,1006.81,20.42,0.5,167.9,0.0,normal
2025-09-27 03:10:00,23.91,78.56,1006.72,19.95,1.59,169.1,0.0,normal
2025-09-27 03:20:00,24.41,78.25,1007.0,20.37,1.78,170.9,0.0,normal
2025-09-27 03:30:00,24.08,78.12,1006.74,20.02,1.42,168.2,0.0,normal
2025-09-27 03:40:00,24.53,77.81,1006.65,20.39,1.58,163.1,0.0,normal
2025-09-27 03:50:00,25.03,78.15,1006.82,20.95,1.48,150.6,0.0,normal
2025-09-27 04:00:00,25.02,77.73,1006.53,20.85,0.85,136.6,0.0,normal
2025-09-27 04:10:00,24.75,78.63,1006.39,20.78,1.49,132.9,0.0,normal
2025-09-27 04:20:00,24.67,78.64,1006.33,20.71,1.34,164.9,0.0,normal
2025-09-27 04:30:00,24.72,75.77,1006.48,20.15,1.73,163.9,0.0,normal
2025-09-27 04:40:00,24.79,76.25,1006.08,20.32,0.87,164.6,0.0,normal
2025-09-27 04:50:00,25.72,75.19,1005.77,20.99,1.52,168.7,0.0,normal
2025-09-27 05:00:00,25.49,74.46,1005.99,20.6,2.4,144.4,0.0,normal
2025-09-27 05:10:00,26.25,74.59,1005.89,21.37,2.51,147.1,0.0,normal
2025-09-27 05:20:00,26.24,73.75,1005.63,21.18,1.77,189.5,0.0,normal
2025-09-27 05:30:00,26.63,71.83,1005.41,21.12,1.85,163.6,0.0,normal
2025-09-27 05:40:00,27.03,72.44,1005.21,21.64,1.44,176.8,0.0,normal
2025-09-27 05:50:00,26.67,71.68,1005.32,21.12,1.96,148.1,0.0,normal
2025-09-27 06:00:00,27.2,70.92,1004.99,21.45,2.9,159.8,0.0,normal
2025-09-27 06:10:00,27.15,70.61,1004.93,21.34,3.03,151.9,29.1,normal
2025-09-27 06:20:00,27.43,69.7,1004.87,21.39,2.23,130.5,77.6,normal
2025-09-27 06:30:00,28.19,70.41,1004.73,22.29,1.96,123.1,95.8,normal
2025-09-27 06:40:00,27.94,67.15,1004.22,21.27,2.11,117.2,126.2,normal
2025-09-27 06:50:00,28.04,67.81,1004.28,21.52,2.05,141.7,208.7,normal
2025-09-27 07:00:00,28.67,66.28,1003.97,21.74,2.71,143.1,236.4,normal
2025-09-27 07:10:00,28.37,66.04,1004.18,21.41,3.28,158.7,300.2,normal
2025-09-27 07:20:00,28.72,65.65,1003.71,21.64,2.86,131.4,314.9,normal
2025-09-27 07:30:00,28.99,65.19,1003.59,21.78,2.68,164.7,317.4,normal
2025-09-27 07:40:00,29.74,63.27,1003.59,21.99,2.27,149.5,385.2,normal
2025-09-27 07:50:00,30.32,64.06,1003.48,22.75,3.91,116.4,389.0,normal
2025-09-27 08:00:00,29.87,62.23,1003.34,21.84,2.68,148.6,412.5,normal
2025-09-27 08:10:00,29.59,62.0,1003.26,21.52,2.2,137.7,455.0,normal
2025-09-27 08:20:00,30.83,60.86,1003.26,22.39,2.93,125.7,514.4,normal
2025-09-27 08:30:00,31.02,60.24,1003.61,22.39,3.46,148.7,503.4,normal
2025-09-27 08:40:00,31.11,58.4,1003.23,21.97,2.08,118.9,559.1,normal
2025-09-27 08:50:00,31.09,58.46,1003.1,21.96,4.38,136.2,603.2,normal
2025-09-27 09:00:00,31.51,57.55,1003.29,22.09,2.82,154.8,622.3,normal
2025-09-27 09:10:00,31.79,57.55,1003.23,22.36,3.99,165.5,632.7,normal
2025-09-27 09:20:00,31.67,57.65,1003.31,22.27,3.42,164.2,644.1,normal
2025-09-27 09:30:00,32.52,55.37,1003.55,22.4,4.77,123.7,706.8,normal
2025-09-27 09:40:00,32.91,55.69,1003.35,22.86,3.88,125.0,705.0,normal
2025-09-27 09:50:00,32.6,55.4,1003.13,22.48,4.34,138.5,739.2,normal
2025-09-27 10:00:00,33.37,53.61,1003.48,22.65,4.48,153.4,749.8,normal
2025-09-27 10:10:00,33.33,51.93,1003.41,22.09,3.63,149.8,728.4,normal
2025-09-27 10:20:00,33.66,50.75,1003.63,22.01,3.13,147.5,791.0,normal
2025-09-27 10:30:00,33.92,50.26,1004.01,22.09,4.15,123.8,780.1,normal
2025-09-27 10:40:00,33.63,51.52,1003.79,22.24,3.91,141.2,821.9,normal
2025-09-27 10:50:00,33.97,51.54,1003.87,22.56,3.97,118.9,785.8,normal
2025-09-27 11:00:00,34.49,49.65,1004.13,22.41,4.48,140.7,870.0,normal
2025-09-27 11:10:00,34.6,50.28,1004.21,22.72,4.67,148.7,839.0,normal
2025-09-27 11:20:00,34.46,48.5,1004.07,22.0,3.99,157.3,868.8,normal
2025-09-27 11:30:00,34.74,48.87,1004.58,22.39,5.6,141.8,867.6,normal
2025-09-27 11:40:00,34.76,46.74,1004.68,21.66,4.28,163.4,842.7,normal
2025-09-27 11:50:00,35.12,47.66,1005.14,22.31,4.04,161.8,848.7,normal
2025-09-27 12:00:00,35.69,47.17,1004.99,22.66,4.5,165.6,860.8,normal
2025-09-27 12:10:00,35.09,46.4,1004.91,21.84,4.89,155.3,879.0,normal
2025-09-27 12:20:00,35.7,46.57,1005.51,22.46,4.36,157.0,825.0,normal
2025-09-27 12:30:00,35.41,46.11,1005.54,22.03,4.54,136.4,838.6,normal
2025-09-27 12:40:00,35.35,45.34,1005.48,21.7,4.38,157.7,830.5,normal
2025-09-27 12:50:00,35.54,45.65,1006.05,21.98,5.15,157.2,848.5,normal
2025-09-27 13:00:00,35.88,46.62,1006.05,22.64,5.53,167.7,826.3,normal
2025-09-27 13:10:00,35.95,46.61,1005.92,22.7,5.53,181.8,804.6,normal
2025-09-27 13:20:00,35.44,45.2,1006.33,21.73,4.88,177.7,811.4,normal
2025-09-27 13:30:00,35.97,44.84,1006.34,22.08,4.29,183.1,804.5,normal
2025-09-27 13:40:00,35.68,44.85,1006.35,21.82,5.04,168.7,763.1,normal
2025-09-27 13:50:00,36.2,44.11,1006.6,22.02,4.68,190.5,744.6,normal
2025-09-27 14:00:00,36.08,45.14,1006.44,22.28,4.78,189.9,732.8,normal
2025-09-27 14:10:00,36.4,44.52,1006.56,22.35,5.4,169.8,679.9,normal
2025-09-27 14:20:00,36.63,44.83,1007.12,22.67,4.14,192.1,740.5,normal
2025-09-27 14:30:00,35.5,43.25,1006.91,21.07,4.61,195.9,669.5,normal
2025-09-27 14:40:00,35.57,46.52,1006.73,22.32,5.28,188.7,593.4,normal
2025-09-27 14:50:00,35.78,45.07,1006.61,21.99,5.58,196.2,626.6,normal
2025-09-27 15:00:00,35.96,45.69,1007.17,22.38,5.11,189.8,592.6,normal
2025-09-27 15:10:00,36.43,45.22,1006.71,22.63,5.01,209.0,557.7,normal
2025-09-27 15:20:00,35.46,45.7,1006.99,21.93,4.1,203.7,549.0,normal
2025-09-27 15:30:00,34.77,45.52,1006.61,21.25,4.82,177.4,498.2,normal
2025-09-27 15:40:00,35.38,46.5,1006.76,22.14,6.01,187.6,488.3,normal
2025-09-27 15:50:00,35.36,47.31,1006.46,22.41,4.91,210.2,482.3,normal
2025-09-27 16:00:00,35.36,47.87,1006.46,22.61,5.48,216.9,395.4,normal
2025-09-27 16:10:00,35.11,47.67,1006.28,22.31,3.77,194.1,383.7,normal
2025-09-27 16:20:00,34.67,48.2,1006.36,22.09,4.86,200.7,340.3,normal
2025-09-27 16:30:00,34.21,48.55,1006.14,21.79,4.19,207.6,377.2,normal
2025-09-27 16:40:00,34.47,48.83,1006.37,22.13,4.7,216.7,279.6,normal
2025-09-27 16:50:00,34.63,49.15,1006.06,22.38,5.02,206.9,275.2,normal
2025-09-27 17:00:00,33.92,51.54,1005.92,22.51,4.32,217.4,259.1,normal
2025-09-27 17:10:00,34.08,49.77,1005.66,22.08,4.39,216.7,203.4,normal
2025-09-27 17:20:00,33.63,50.58,1005.71,21.93,4.75,197.0,159.3,normal
2025-09-27 17:30:00,33.15,52.05,1005.31,21.96,4.05,210.5,107.0,normal
2025-09-27 17:40:00,34.38,51.9,1005.26,23.05,3.26,213.8,70.2,normal
2025-09-27 17:50:00,33.59,52.96,1005.26,22.65,4.25,193.2,30.7,normal
2025-09-27 18:00:00,32.51,53.57,1005.03,21.85,3.81,220.6,20.7,normal
2025-09-27 18:10:00,32.77,55.57,1005.02,22.69,3.4,209.0,0.0,normal
2025-09-27 18:20:00,32.49,56.86,1004.6,22.8,4.18,194.3,0.0,normal
2025-09-27 18:30:00,32.77,56.17,1004.6,22.87,3.27,215.7,0.0,normal
2025-09-27 18:40:00,32.39,56.51,1004.42,22.61,3.53,215.6,0.0,normal
2025-09-27 18:50:00,32.01,57.76,1004.33,22.62,3.09,229.2,0.0,normal
2025-09-27 19:00:00,31.92,57.68,1004.25,22.51,3.99,237.6,0.0,normal
2025-09-27 19:10:00,31.08,58.43,1003.98,21.95,3.53,231.7,0.0,normal
2025-09-27 19:20:00,30.74,58.12,1003.61,21.54,3.25,218.8,0.0,normal
2025-09-27 19:30:00,30.73,61.93,1003.88,22.58,3.43,207.3,0.0,normal
2025-09-27 19:40:00,30.62,60.26,1003.41,22.03,3.61,228.8,0.0,normal
2025-09-27 19:50:00,30.11,62.63,1003.32,22.17,2.97,216.0,0.0,normal
2025-09-27 20:00:00,30.25,62.12,1003.48,22.17,2.44,222.8,0.0,normal
2025-09-27 20:10:00,29.51,62.42,1003.37,21.56,3.65,215.2,0.0,normal
2025-09-27 20:20:00,29.32,64.03,1003.19,21.79,3.06,240.2,0.0,normal
2025-09-27 20:30:00,28.89,64.11,1003.66,21.41,3.2,217.1,0.0,normal
2025-09-27 20:40:00,28.61,65.73,1003.23,21.56,3.0,216.0,0.0,normal
2025-09-27 20:50:00,28.65,67.27,1002.98,21.97,3.59,230.7,0.0,normal
2025-09-27 21:00:00,28.47,66.52,1003.05,21.62,2.1,215.2,0.0,normal
2025-09-27 21:10:00,28.2,67.12,1003.23,21.51,2.4,199.4,0.0,normal
2025-09-27 21:20:00,27.96,69.12,1003.24,21.76,1.67,221.6,0.0,normal
2025-09-27 21:30:00,27.58,68.97,1003.11,21.36,1.71,211.2,0.0,normal
2025-09-27 21:40:00,27.34,70.97,1003.59,21.6,2.26,228.0,0.0,normal
2025-09-27 21:50:00,27.04,71.56,1003.38,21.45,1.96,215.7,0.0,normal
2025-09-27 22:00:00,26.84,71.32,1003.29,21.2,2.65,206.5,0.0,normal
2025-09-27 22:10:00,26.31,71.81,1003.58,20.81,1.73,193.0,0.0,normal
2025-09-27 22:20:00,26.73,72.0,1003.61,21.25,2.42,217.8,0.0,normal
2025-09-27 22:30:00,26.38,72.7,1003.74,21.07,1.63,208.7,0.0,normal
2025-09-27 22:40:00,26.35,73.44,1003.65,21.21,2.96,195.5,0.0,normal
2025-09-27 22:50:00,25.82,74.6,1003.95,20.95,0.98,229.5,0.0,normal
2025-09-27 23:00:00,25.83,74.47,1004.39,20.94,1.81,205.4,0.0,normal
2025-09-27 23:10:00,25.63,75.94,1004.41,21.06,1.7,227.7,0.0,normal
2025-09-27 23:20:00,25.48,74.98,1004.53,20.71,1.81,217.2,0.0,normal
2025-09-27 23:30:00,25.71,76.93,1004.63,21.35,1.54,195.4,0.0,normal
2025-09-27 23:40:00,24.55,76.91,1004.64,20.22,1.69,201.5,0.0,normal
2025-09-27 23:50:00,24.97,77.32,1004.8,20.72,0.56,207.5,0.0,normal
2025-09-28 00:00:00,24.43,77.33,1005.07,20.19,2.0,198.0,0.0,normal
2025-09-28 00:10:00,24.9,79.43,1005.09,21.09,1.52,200.3,0.0,normal
2025-09-28 00:20:00,23.92,77.43,1005.36,19.73,1.1,177.2,0.0,normal
2025-09-28 00:30:00,24.33,77.96,1005.38,20.23,1.47,165.3,0.0,normal
2025-09-28 00:40:00,24.96,76.9,1005.56,20.62,0.53,214.7,0.0,normal
2025-09-28 00:50:00,24.93,79.3,1005.66,21.09,1.79,176.7,0.0,normal
2025-09-28 01:00:00,24.24,78.41,1005.78,20.24,1.35,203.9,0.0,normal
2025-09-28 01:10:00,24.16,79.53,1005.97,20.39,1.85,191.7,0.0,normal
2025-09-28 01:20:00,23.66,79.54,1006.11,19.9,0.65,198.6,0.0,normal
2025-09-28 01:30:00,24.45,80.2,1006.1,20.81,1.42,199.0,0.0,normal
2025-09-28 01:40:00,23.63,80.77,1006.4,20.13,0.93,143.8,0.0,normal
2025-09-28 01:50:00,23.82,79.45,1006.48,20.04,1.43,189.3,0.0,normal
2025-09-28 02:00:00,24.25,79.88,1006.69,20.55,1.26,188.6,0.0,normal
2025-09-28 02:10:00,23.83,79.4,1006.52,20.04,0.63,160.7,0.0,normal
2025-09-28 02:20:00,24.35,78.52,1006.5,20.37,1.34,205.8,0.0,normal
2025-09-28 02:30:00,24.31,80.02,1006.75,20.63,1.41,177.2,0.0,normal
2025-09-28 02:40:00,24.38,78.87,1006.76,20.47,1.05,175.0,0.0,normal
2025-09-28 02:50:00,23.73,79.4,1006.87,19.95,1.79,152.8,0.0,normal
2025-09-28 03:00:00,23.99,79.71,1006.59,20.26,1.65,182.7,0.0,normal
2025-09-28 03:10:00,24.55,80.04,1007.03,20.87,1.6,172.4,0.0,normal
2025-09-28 03:20:00,24.02,78.96,1006.88,20.14,2.13,164.6,0.0,normal
2025-09-28 03:30:00,24.19,77.39,1006.79,19.98,0.92,177.6,0.0,normal
2025-09-28 03:40:00,24.63,79.23,1006.81,20.79,0.98,196.3,0.0,normal
2025-09-28 03:50:00,24.93,78.7,1006.46,20.96,1.56,154.9,0.0,normal
2025-09-28 04:00:00,24.6,77.89,1006.69,20.48,1.14,159.5,0.0,normal
2025-09-28 04:10:00,24.88,78.0,1006.31,20.77,0.56,164.5,0.0,normal
2025-09-28 04:20:00,25.22,77.24,1006.44,20.94,1.47,134.5,0.0,normal
2025-09-28 04:30:00,25.52,77.15,1006.34,21.21,1.21,150.0,0.0,normal
2025-09-28 04:40:00,25.46,76.17,1006.27,20.95,1.24,156.1,0.0,normal
2025-09-28 04:50:00,25.38,75.19,1006.02,20.66,1.57,138.0,0.0,normal
2025-09-28 05:00:00,25.66,74.78,1006.15,20.84,2.35,159.4,0.0,normal
2025-09-28 05:10:00,26.07,74.88,1006.05,21.26,0.66,161.2,0.0,normal
2025-09-28 05:20:00,26.42,74.94,1005.64,21.61,1.6,130.6,0.0,normal
2025-09-28 05:30:00,27.27,72.07,1005.59,21.79,1.79,152.4,0.0,normal
2025-09-28 05:40:00,26.96,71.94,1005.27,21.46,1.47,146.6,0.0,normal
2025-09-28 05:50:00,26.48,71.38,1005.18,20.87,2.09,147.9,0.0,normal
2025-09-28 06:00:00,27.17,71.65,1005.13,21.59,0.9,147.3,4.4,normal
2025-09-28 06:10:00,27.45,71.64,1004.91,21.86,2.85,150.4,35.4,normal
2025-09-28 06:20:00,27.9,70.25,1004.54,21.97,2.07,129.5,27.4,normal
2025-09-28 06:30:00,27.57,68.76,1004.52,21.3,2.59,135.3,109.0,normal
2025-09-28 06:40:00,28.01,68.22,1004.21,21.59,2.04,136.3,150.6,normal
2025-09-28 06:50:00,28.53,68.17,1004.38,22.07,2.1,162.3,193.9,normal
2025-09-28 07:00:00,28.51,66.46,1004.1,21.64,2.98,160.0,199.8,normal
2025-09-28 07:10:00,29.03,65.71,1003.99,21.94,3.37,164.7,234.0,normal
2025-09-28 07:20:00,28.95,64.25,1004.02,21.5,3.0,138.3,321.4,normal
2025-09-28 07:30:00,29.71,65.36,1003.5,22.5,2.54,160.0,329.3,normal
2025-09-28 07:40:00,29.03,63.8,1003.56,21.46,2.35,125.7,370.0,normal
2025-09-28 07:50:00,29.91,62.41,1003.62,21.93,1.91,138.2,410.5,normal
2025-09-28 08:00:00,30.09,63.11,1003.48,22.28,2.94,162.0,425.4,normal
2025-09-28 08:10:00,30.14,61.18,1003.2,21.82,2.93,164.3,451.5,normal
2025-09-28 08:20:00,30.95,60.53,1003.52,22.41,3.05,159.9,503.0,normal
2025-09-28 08:30:00,30.81,60.23,1003.19,22.19,3.4,145.5,533.2,normal
2025-09-28 08:40:00,30.33,58.07,1003.15,21.14,3.71,138.2,520.0,normal
2025-09-28 08:50:00,31.78,58.7,1003.28,22.67,4.37,145.9,586.8,normal
2025-09-28 09:00:00,31.58,56.7,1003.06,21.92,3.93,131.5,611.1,normal
2025-09-28 09:10:00,31.7,58.02,1003.26,22.41,3.74,158.1,649.2,normal
2025-09-28 09:20:00,32.16,57.53,1003.33,22.7,4.18,154.9,617.9,normal
2025-09-28 09:30:00,32.51,54.5,1003.21,22.13,3.68,149.1,684.0,normal
2025-09-28 09:40:00,32.82,55.07,1003.39,22.59,3.82,172.0,684.4,normal
2025-09-28 09:50:00,32.39,54.52,1003.27,22.03,3.38,159.0,678.7,normal
2025-09-28 10:00:00,32.59,54.41,1003.33,22.17,3.73,155.0,736.0,normal
2025-09-28 10:10:00,33.19,52.7,1003.44,22.21,4.04,124.1,758.5,normal
2025-09-28 10:20:00,33.51,52.84,1003.98,22.54,4.28,140.2,754.0,normal
2025-09-28 10:30:00,33.44,51.49,1003.67,22.05,4.24,129.8,760.6,normal
2025-09-28 10:40:00,33.59,52.44,1003.7,22.49,4.67,153.8,813.7,normal
2025-09-28 10:50:00,33.82,50.78,1003.97,22.17,3.8,160.6,820.5,normal
2025-09-28 11:00:00,34.27,51.62,1004.12,22.85,5.35,132.6,832.6,normal
2025-09-28 11:10:00,34.64,49.84,1004.05,22.62,4.5,138.5,852.0,normal
2025-09-28 11:20:00,34.51,48.86,1004.31,22.17,4.44,149.3,838.6,normal
2025-09-28 11:30:00,35.51,49.27,1004.79,23.22,5.14,175.1,835.5,normal
2025-09-28 11:40:00,35.12,48.31,1004.45,22.54,4.87,177.7,887.2,normal
2025-09-28 11:50:00,35.0,47.31,1004.78,22.09,4.17,169.1,823.9,normal
2025-09-28 12:00:00,35.29,49.48,1005.04,23.08,4.65,144.6,880.7,normal
2025-09-28 12:10:00,35.02,46.99,1005.0,21.99,4.21,165.1,846.4,normal
2025-09-28 12:20:00,35.34,46.51,1005.59,22.11,3.95,171.0,844.6,normal
2025-09-28 12:30:00,35.92,45.69,1005.32,22.34,4.48,171.3,830.0,normal
2025-09-28 12:40:00,36.03,47.61,1005.57,23.12,4.97,160.9,837.5,normal
2025-09-28 12:50:00,36.04,44.49,1005.7,22.01,5.37,165.2,815.6,normal
2025-09-28 13:00:00,36.26,45.34,1006.07,22.52,5.41,159.4,828.6,normal
2025-09-28 13:10:00,36.06,45.4,1005.84,22.37,4.96,177.7,844.4,normal
2025-09-28 13:20:00,35.54,45.75,1006.01,22.03,4.43,191.1,775.5,normal
2025-09-28 13:30:00,36.29,44.5,1006.4,22.24,4.87,167.1,748.8,normal
2025-09-28 13:40:00,35.49,43.77,1006.41,21.25,5.15,149.1,759.0,normal
2025-09-28 13:50:00,36.41,46.5,1006.3,23.07,5.28,180.9,754.1,normal
2025-09-28 14:00:00,36.07,44.88,1006.73,22.18,6.32,171.7,716.9,normal
2025-09-28 14:10:00,35.55,44.93,1006.57,21.74,4.83,199.4,707.9,normal
2025-09-28 14:20:00,36.37,45.44,1006.52,22.66,5.43,203.1,655.7,normal
2025-09-28 14:30:00,35.71,44.21,1006.68,21.61,5.33,180.3,629.4,normal
2025-09-28 14:40:00,35.93,44.74,1007.06,22.01,5.15,189.5,660.7,normal
2025-09-28 14:50:00,36.3,45.1,1006.71,22.47,5.24,180.9,630.4,normal
2025-09-28 15:00:00,35.75,46.14,1006.71,22.35,5.31,192.4,614.3,normal
2025-09-28 15:10:00,35.88,43.54,1006.5,21.52,5.18,195.8,554.8,normal
2025-09-28 15:20:00,35.43,47.27,1006.65,22.46,4.96,195.0,552.6,normal
2025-09-28 15:30:00,35.54,46.15,1007.03,22.16,4.93,234.9,529.2,normal
2025-09-28 15:40:00,35.02,47.17,1006.58,22.05,4.48,196.9,457.6,normal
2025-09-28 15:50:00,34.92,47.37,1006.51,22.03,4.5,175.8,457.8,normal
2025-09-28 16:00:00,35.02,46.41,1006.67,21.78,5.09,202.8,424.7,normal
2025-09-28 16:10:00,35.24,48.31,1006.59,22.65,4.94,228.2,380.7,normal
2025-09-28 16:20:00,34.7,48.34,1006.38,22.16,4.94,209.8,357.4,normal
2025-09-28 16:30:00,35.25,49.51,1006.31,23.06,5.1,185.7,335.3,normal
2025-09-28 16:40:00,34.69,49.28,1005.76,22.47,4.87,202.0,313.0,normal
2025-09-28 16:50:00,34.04,50.03,1006.21,22.13,4.33,228.2,259.8,normal
2025-09-28 17:00:00,34.27,50.66,1005.7,22.55,3.99,192.1,245.2,normal
2025-09-28 17:10:00,34.58,49.27,1005.98,22.37,5.12,226.8,187.5,normal
2025-09-28 17:20:00,33.8,50.88,1005.54,22.19,4.96,225.7,180.9,normal
2025-09-28 17:30:00,33.73,51.73,1005.83,22.39,4.16,224.2,123.7,normal
2025-09-28 17:40:00,33.6,51.75,1005.28,22.28,3.62,228.5,13.8,normal
2025-09-28 17:50:00,33.23,53.4,1005.15,22.46,4.14,217.0,45.6,normal
2025-09-28 18:00:00,33.1,55.82,1005.03,23.07,3.82,216.1,0.8,normal
2025-09-28 18:10:00,32.33,53.66,1005.0,21.71,3.96,232.4,0.0,normal
2025-09-28 18:20:00,32.1,55.52,1004.35,22.06,3.64,206.9,0.0,normal
2025-09-28 18:30:00,32.6,55.05,1004.59,22.38,4.31,234.4,0.0,normal
2025-09-28 18:40:00,31.54,57.49,1004.18,22.11,3.37,205.9,0.0,normal
2025-09-28 18:50:00,32.29,57.3,1004.43,22.75,3.91,227.9,0.0,normal
2025-09-28 19:00:00,31.67,58.96,1003.99,22.65,3.43,221.8,0.0,normal
2025-09-28 19:10:00,31.35,58.51,1003.71,22.22,3.78,183.1,0.0,normal
2025-09-28 19:20:00,31.36,59.73,1003.85,22.57,3.65,206.5,0.0,normal
2025-09-28 19:30:00,30.8,60.03,1003.67,22.13,3.81,191.0,0.0,normal
2025-09-28 19:40:00,30.78,60.43,1003.48,22.22,3.18,230.6,0.0,normal
2025-09-28 19:50:00,30.53,62.65,1003.63,22.58,2.99,229.6,0.0,normal
2025-09-28 20:00:00,30.39,62.21,1003.62,22.33,1.71,229.9,0.0,normal
2025-09-28 20:10:00,29.88,64.11,1003.53,22.35,2.87,222.4,0.0,normal
2025-09-28 20:20:00,29.7,64.15,1003.25,22.18,3.01,249.2,0.0,normal
2025-09-28 20:30:00,29.72,65.2,1003.23,22.47,2.63,231.3,0.0,normal
2025-09-28 20:40:00,28.74,66.38,1003.12,21.84,3.39,220.9,0.0,normal
2025-09-28 20:50:00,29.14,65.21,1003.15,21.93,2.4,242.9,0.0,normal
2025-09-28 21:00:00,28.39,66.06,1003.31,21.42,1.82,215.0,0.0,normal
2025-09-28 21:10:00,28.38,68.48,1003.17,22.0,3.52,213.0,0.0,normal
2025-09-28 21:20:00,28.06,68.41,1003.21,21.68,2.4,226.1,0.0,normal
2025-09-28 21:30:00,27.9,69.35,1003.18,21.76,1.47,223.2,0.0,normal
2025-09-28 21:40:00,27.72,72.17,1003.23,22.24,2.76,229.7,0.0,normal
2025-09-28 21:50:00,27.28,70.6,1003.4,21.45,2.23,224.4,0.0,normal
2025-09-28 22:00:00,26.86,71.37,1003.41,21.23,2.03,203.8,0.0,normal
2025-09-28 22:10:00,26.72,73.46,1003.67,21.57,0.82,224.3,0.0,normal
2025-09-28 22:20:00,26.57,73.23,1003.74,21.37,1.24,193.6,0.0,normal
2025-09-28 22:30:00,26.45,71.92,1003.49,20.96,1.34,223.3,0.0,normal
2025-09-28 22:40:00,25.77,73.63,1003.67,20.7,2.57,195.0,0.0,normal
2025-09-28 22:50:00,26.38,74.12,1004.01,21.39,0.83,215.4,0.0,normal
2025-09-28 23:00:00,25.71,74.04,1003.99,20.73,1.13,211.5,0.0,normal
2025-09-28 23:10:00,25.84,76.91,1004.5,21.48,0.5,232.4,0.0,normal
2025-09-28 23:20:00,25.26,74.85,1004.32,20.47,0.81,199.4,0.0,normal
2025-09-28 23:30:00,25.25,76.07,1004.61,20.72,1.04,195.0,0.0,normal
2025-09-28 23:40:00,25.12,76.1,1004.66,20.61,2.02,202.7,0.0,normal
2025-09-28 23:50:00,24.71,76.05,1004.97,20.2,1.06,202.9,0.0,normal
2025-09-29 00:00:00,24.88,76.65,1005.0,20.49,1.64,205.7,0.0,normal
2025-09-29 00:10:00,25.25,76.76,1005.16,20.87,1.59,225.8,0.0,normal
2025-09-29 00:20:00,24.99,77.13,1005.22,20.7,0.8,208.8,0.0,normal
2025-09-29 00:30:00,24.42,78.03,1005.62,20.33,0.73,208.4,0.0,normal
2025-09-29 00:40:00,24.58,76.81,1005.46,20.23,0.79,186.1,0.0,normal
2025-09-29 00:50:00,24.22,77.97,1005.51,20.13,1.51,204.2,0.0,normal
2025-09-29 01:00:00,23.87,79.86,1005.78,20.18,0.5,207.3,0.0,normal
2025-09-29 01:10:00,24.59,78.85,1005.8,20.67,2.09,191.7,0.0,normal
2025-09-29 01:20:00,24.57,79.21,1006.1,20.72,0.73,186.5,0.0,normal
2025-09-29 01:30:00,24.35,80.4,1005.98,20.75,1.07,169.4,0.0,normal
2025-09-29 01:40:00,24.01,80.69,1006.39,20.48,1.39,176.6,0.0,normal
2025-09-29 01:50:00,24.49,81.44,1006.08,21.09,1.34,175.3,0.0,normal
2025-09-29 02:00:00,24.25,81.44,1006.73,20.86,1.42,193.2,0.0,normal
2025-09-29 02:10:00,23.64,80.63,1006.38,20.1,1.53,200.0,0.0,normal
2025-09-29 02:20:00,23.99,80.58,1006.87,20.44,0.78,178.6,0.0,normal
2025-09-29 02:30:00,24.22,80.45,1006.97,20.63,1.45,192.9,0.0,normal
2025-09-29 02:40:00,22.98,79.58,1006.81,19.25,0.5,154.6,0.0,normal
2025-09-29 02:50:00,24.49,80.1,1006.87,20.83,0.5,166.6,0.0,normal
2025-09-29 03:00:00,24.45,80.13,1006.71,20.79,0.5,158.7,0.0,normal
2025-09-29 03:10:00,24.56,78.58,1006.52,20.58,1.62,165.0,0.0,normal
2025-09-29 03:20:00,23.51,80.56,1006.68,19.97,0.5,172.4,0.0,normal
2025-09-29 03:30:00,24.26,79.37,1006.8,20.46,0.5,164.8,0.0,normal
2025-09-29 03:40:00,24.24,78.81,1007.03,20.32,1.5,188.0,0.0,normal
2025-09-29 03:50:00,24.67,78.49,1006.6,20.67,1.39,155.1,0.0,normal
2025-09-29 04:00:00,24.6,77.95,1006.5,20.49,1.56,181.3,0.0,normal
2025-09-29 04:10:00,24.57,77.27,1006.43,20.32,1.75,171.4,0.0,normal
2025-09-29 04:20:00,25.18,74.66,1006.52,20.35,1.85,150.8,0.0,normal
2025-09-29 04:30:00,25.71,75.98,1006.35,21.15,1.94,128.4,0.0,normal
2025-09-29 04:40:00,25.52,75.76,1006.29,20.92,2.2,162.8,0.0,normal
2025-09-29 04:50:00,25.67,76.01,1006.08,21.12,1.98,145.0,0.0,normal
2025-09-29 05:00:00,25.44,75.59,1006.03,20.8,1.11,140.6,0.0,normal
2025-09-29 05:10:00,25.99,73.35,1005.73,20.84,1.46,161.3,0.0,normal
2025-09-29 05:20:00,26.04,74.58,1005.68,21.16,1.46,148.7,0.0,normal
2025-09-29 05:30:00,26.56,72.95,1005.53,21.3,1.71,143.1,0.0,normal
2025-09-29 05:40:00,25.89,72.56,1005.22,20.57,2.27,154.1,0.0,normal
2025-09-29 05:50:00,27.05,73.28,1005.24,21.84,2.14,150.9,0.0,normal
2025-09-29 06:00:00,26.88,70.18,1005.15,20.98,1.17,116.9,1.2,normal
2025-09-29 06:10:00,27.12,71.43,1004.74,21.49,1.44,145.4,44.2,normal
2025-09-29 06:20:00,27.69,69.5,1004.69,21.59,2.27,142.4,86.7,normal
2025-09-29 06:30:00,27.88,69.18,1004.76,21.7,1.99,159.4,119.0,normal
2025-09-29 06:40:00,27.93,68.4,1004.47,21.56,1.76,177.8,172.8,normal
2025-09-29 06:50:00,27.79,68.51,1004.0,21.45,1.59,125.8,189.2,normal
2025-09-29 07:00:00,28.83,66.38,1004.07,21.92,2.5,152.4,238.8,normal
2025-09-29 07:10:00,28.77,67.27,1003.86,22.08,3.03,140.5,251.1,normal
2025-09-29 07:20:00,28.93,65.27,1003.79,21.74,2.41,130.9,274.4,normal
2025-09-29 07:30:00,29.4,64.24,1003.87,21.92,3.31,143.4,330.7,normal
2025-09-29 07:40:00,29.51,63.0,1003.63,21.71,3.82,122.7,366.7,normal
2025-09-29 07:50:00,29.7,62.6,1003.48,21.78,3.16,138.4,436.4,normal
2025-09-29 08:00:00,29.65,64.07,1003.54,22.11,4.01,126.4,417.6,normal
2025-09-29 08:10:00,30.92,61.38,1003.28,22.6,3.02,146.2,461.6,normal
2025-09-29 08:20:00,30.44,60.53,1003.4,21.93,2.92,175.0,487.6,normal
2025-09-29 08:30:00,30.76,58.92,1003.18,21.78,2.61,148.1,524.5,normal
2025-09-29 08:40:00,31.51,60.78,1003.16,23.0,3.46,146.6,515.1,normal
2025-09-29 08:50:00,31.31,57.77,1003.39,21.97,3.58,149.2,556.2,normal
2025-09-29 09:00:00,32.23,58.28,1003.08,22.97,2.89,154.1,592.3,normal
2025-09-29 09:10:00,32.03,57.26,1003.21,22.5,3.1,144.1,602.6,normal
2025-09-29 09:20:00,31.98,55.16,1002.96,21.84,3.68,130.9,641.3,normal
2025-09-29 09:30:00,32.11,55.36,1002.95,22.01,3.97,131.9,709.8,normal
2025-09-29 09:40:00,32.33,55.97,1003.06,22.4,3.39,157.8,691.7,normal
2025-09-29 09:50:00,33.35,55.52,1003.42,23.21,3.81,137.2,725.9,normal
2025-09-29 10:00:00,33.57,54.69,1003.47,23.17,4.13,140.1,747.7,normal
2025-09-29 10:10:00,32.65,54.88,1003.45,22.38,4.09,182.1,729.8,normal
2025-09-29 10:20:00,32.96,50.88,1003.69,21.42,4.4,157.8,745.0,normal
2025-09-29 10:30:00,33.88,52.67,1003.8,22.82,4.08,143.9,795.2,normal
2025-09-29 10:40:00,33.96,50.9,1003.84,22.34,4.53,129.8,788.3,normal
2025-09-29 10:50:00,33.83,50.99,1003.57,22.24,3.72,168.1,798.2,normal
2025-09-29 11:00:00,33.99,49.83,1004.23,22.02,4.86,153.6,833.0,normal
2025-09-29 11:10:00,34.55,48.68,1004.39,22.15,4.64,117.1,829.3,normal
2025-09-29 11:20:00,34.81,48.2,1004.26,22.22,4.58,146.4,846.3,normal
2025-09-29 11:30:00,34.4,48.57,1004.46,21.98,3.53,133.2,835.1,normal
2025-09-29 11:40:00,34.26,49.34,1004.75,22.11,5.85,142.5,842.2,normal
2025-09-29 11:50:00,35.76,45.26,1005.12,22.04,3.65,151.8,865.7,normal
2025-09-29 12:00:00,35.28,46.79,1004.9,22.15,3.97,160.2,867.5,normal
2025-09-29 12:10:00,35.14,46.32,1005.48,21.86,4.71,205.6,839.0,normal
2025-09-29 12:20:00,35.09,46.56,1005.11,21.91,4.4,158.4,884.8,normal
2025-09-29 12:30:00,35.85,46.12,1005.33,22.43,5.07,159.0,811.7,normal
2025-09-29 12:40:00,35.66,46.57,1005.9,22.42,5.68,151.0,849.3,normal
2025-09-29 12:50:00,35.78,46.55,1005.75,22.53,4.8,168.2,871.6,normal
2025-09-29 13:00:00,35.6,45.6,1005.9,22.02,4.64,144.9,812.3,normal
2025-09-29 13:10:00,35.96,45.36,1006.05,22.26,4.39,169.9,788.7,normal
2025-09-29 13:20:00,35.96,44.72,1006.32,22.03,4.89,191.6,825.3,normal
2025-09-29 13:30:00,35.31,44.95,1006.4,21.53,4.74,193.9,789.4,normal
2025-09-29 13:40:00,36.27,44.14,1006.25,22.09,3.82,183.8,788.0,normal
2025-09-29 13:50:00,36.18,44.25,1006.46,22.06,5.08,164.6,751.8,normal
2025-09-29 14:00:00,35.51,44.11,1006.34,21.4,4.37,219.4,719.7,normal
2025-09-29 14:10:00,36.03,46.14,1006.67,22.6,5.9,197.5,726.5,normal
2025-09-29 14:20:00,36.26,45.65,1006.7,22.64,4.99,204.6,699.6,normal
2025-09-29 14:30:00,35.93,45.87,1006.66,22.41,5.38,175.9,636.1,normal
2025-09-29 14:40:00,35.53,45.11,1006.83,21.78,4.26,154.9,674.0,normal
2025-09-29 14:50:00,35.71,45.44,1007.14,22.07,5.97,177.9,644.8,normal
2025-09-29 15:00:00,35.57,45.35,1006.77,21.91,4.96,211.7,579.6,normal
2025-09-29 15:10:00,35.89,46.71,1006.85,22.68,5.1,193.2,538.0,normal
2025-09-29 15:20:00,35.95,46.35,1006.58,22.6,4.65,161.9,517.5,normal
2025-09-29 15:30:00,35.73,45.86,1006.54,22.23,5.32,205.9,501.3,normal
2025-09-29 15:40:00,35.63,46.31,1006.75,22.3,5.68,171.6,495.6,normal
2025-09-29 15:50:00,35.64,46.82,1006.56,22.5,4.68,212.2,434.7,normal
2025-09-29 16:00:00,35.51,46.48,1006.36,22.26,5.03,183.7,397.4,normal
2025-09-29 16:10:00,34.97,47.5,1006.21,22.12,5.39,173.0,354.8,normal
2025-09-29 16:20:00,34.97,49.39,1006.49,22.77,3.99,215.9,363.8,normal
2025-09-29 16:30:00,34.91,47.18,1006.37,21.95,5.15,217.1,328.1,normal
2025-09-29 16:40:00,34.91,49.74,1006.1,22.83,4.79,214.5,298.9,normal
2025-09-29 16:50:00,34.98,50.18,1005.92,23.04,4.57,215.4,260.3,normal
2025-09-29 17:00:00,34.06,50.55,1005.78,22.31,4.23,199.4,218.4,normal
2025-09-29 17:10:00,34.0,50.17,1005.77,22.14,3.72,197.3,144.6,normal
2025-09-29 17:20:00,33.98,50.38,1005.83,22.18,4.56,169.8,175.8,normal
2025-09-29 17:30:00,33.22,51.92,1005.46,21.99,4.24,217.3,107.7,normal
2025-09-29 17:40:00,33.62,50.97,1005.52,22.05,4.45,197.2,87.1,normal
2025-09-29 17:50:00,33.45,53.79,1005.1,22.78,3.67,224.1,25.1,normal
2025-09-29 18:00:00,33.05,55.11,1005.04,22.81,3.16,204.9,0.0,normal
2025-09-29 18:10:00,33.04,55.21,1004.67,22.83,3.91,214.3,0.0,normal
2025-09-29 18:20:00,32.63,54.62,1004.7,22.28,3.91,212.1,0.0,normal
2025-09-29 18:30:00,31.74,55.73,1004.54,21.79,3.61,224.4,0.0,normal
2025-09-29 18:40:00,31.86,57.16,1004.7,22.31,4.25,216.0,0.0,normal
2025-09-29 18:50:00,32.11,56.4,1004.45,22.33,3.5,223.6,0.0,normal
2025-09-29 19:00:00,31.38,57.92,1004.21,22.08,3.78,217.6,0.0,normal
2025-09-29 19:10:00,31.54,57.81,1004.02,22.2,3.65,230.6,0.0,normal
2025-09-29 19:20:00,30.84,58.96,1003.54,21.87,3.41,205.8,0.0,normal
2025-09-29 19:30:00,30.36,59.84,1003.75,21.66,3.19,226.8,0.0,normal
2025-09-29 19:40:00,30.66,60.15,1003.9,22.03,3.37,216.5,0.0,normal
2025-09-29 19:50:00,30.55,60.87,1003.55,22.12,3.36,222.5,0.0,normal
2025-09-29 20:00:00,29.57,62.87,1003.56,21.73,3.33,225.0,0.0,normal
2025-09-29 20:10:00,29.94,63.17,1003.25,22.15,3.2,203.3,0.0,normal
2025-09-29 20:20:00,29.29,64.64,1003.36,21.92,3.07,214.0,0.0,normal
2025-09-29 20:30:00,29.35,64.2,1003.3,21.87,3.1,215.5,0.0,normal
2025-09-29 20:40:00,29.0,65.16,1003.36,21.78,2.27,210.4,0.0,normal
2025-09-29 20:50:00,28.49,66.31,1003.22,21.59,1.36,245.7,0.0,normal
2025-09-29 21:00:00,28.82,66.96,1003.4,22.06,2.2,219.4,0.0,normal
2025-09-29 21:10:00,28.28,68.52,1003.17,21.92,2.11,216.3,0.0,normal
2025-09-29 21:20:00,28.08,68.02,1003.37,21.61,1.52,222.2,0.0,normal
2025-09-29 21:30:00,27.87,69.39,1003.44,21.73,1.56,211.3,0.0,normal
2025-09-29 21:40:00,27.43,70.64,1003.37,21.61,3.19,194.6,0.0,normal
2025-09-29 21:50:00,26.9,70.67,1003.49,21.11,2.36,210.2,0.0,normal
2025-09-29 22:00:00,27.19,70.5,1003.46,21.35,1.24,206.1,0.0,normal
2025-09-29 22:10:00,26.76,71.85,1003.64,21.25,1.34,188.5,0.0,normal
2025-09-29 22:20:00,26.69,71.68,1003.56,21.14,1.83,201.5,0.0,normal
2025-09-29 22:30:00,26.28,73.61,1003.69,21.18,2.08,206.5,0.0,normal
2025-09-29 22:40:00,26.0,74.45,1003.8,21.1,1.82,229.3,0.0,normal
2025-09-29 22:50:00,26.1,73.75,1004.0,21.03,1.9,201.1,0.0,normal
2025-09-29 23:00:00,25.64,74.32,1004.07,20.72,0.69,211.2,0.0,normal
2025-09-29 23:10:00,25.72,76.96,1004.11,21.37,1.42,218.9,0.0,normal
2025-09-29 23:20:00,25.85,76.88,1004.67,21.47,1.43,200.3,0.0,normal
2025-09-29 23:30:00,25.15,76.26,1004.71,20.67,0.93,224.4,0.0,normal
2025-09-29 23:40:00,24.76,77.54,1004.84,20.56,1.53,201.5,0.0,normal
2025-09-29 23:50:00,25.46,77.6,1004.81,21.25,1.93,220.4,0.0,normal
2025-09-30 00:00:00,24.45,77.78,1005.04,20.31,1.29,213.9,0.0,normal
2025-09-30 00:10:00,24.22,78.43,1005.57,20.23,1.35,213.5,0.0,normal
2025-09-30 00:20:00,24.49,77.46,1005.19,20.28,1.18,210.2,0.0,normal
2025-09-30 00:30:00,24.55,80.01,1005.28,20.86,0.99,175.0,0.0,normal
2025-09-30 00:40:00,24.26,78.36,1005.61,20.25,1.13,193.3,0.0,normal
2025-09-30 00:50:00,24.35,77.96,1005.85,20.25,0.52,181.8,0.0,normal
2025-09-30 01:00:00,24.44,78.83,1006.02,20.52,0.86,209.8,0.0,normal
2025-09-30 01:10:00,23.77,80.48,1006.36,20.21,1.64,192.0,0.0,normal
2025-09-30 01:20:00,24.29,79.36,1006.14,20.48,1.1,169.7,0.0,normal
2025-09-30 01:30:00,23.8,80.74,1006.52,20.28,2.04,176.9,0.0,normal
2025-09-30 01:40:00,24.0,80.0,1006.44,20.33,1.62,190.4,0.0,normal
2025-09-30 01:50:00,23.97,81.5,1006.1,20.6,0.93,172.5,0.0,normal
2025-09-30 02:00:00,24.45,77.28,1006.47,20.2,0.86,202.7,0.0,normal
2025-09-30 02:10:00,24.01,79.59,1006.45,20.26,1.87,177.3,0.0,normal
2025-09-30 02:20:00,23.92,79.52,1006.63,20.15,1.3,168.6,0.0,normal
2025-09-30 02:30:00,24.32,79.84,1006.93,20.61,0.5,149.3,0.0,normal
2025-09-30 02:40:00,23.94,78.64,1006.77,20.0,0.97,174.7,0.0,normal
2025-09-30 02:50:00,24.19,80.03,1007.12,20.52,1.3,171.9,0.0,normal
2025-09-30 03:00:00,24.51,81.25,1006.71,21.08,1.34,168.7,0.0,normal
2025-09-30 03:10:00,23.67,79.25,1006.52,19.85,1.6,187.8,0.0,normal
2025-09-30 03:20:00,24.71,79.52,1006.55,20.92,0.5,168.7,0.0,normal
2025-09-30 03:30:00,24.47,78.05,1006.7,20.39,1.9,155.8,0.0,normal
2025-09-30 03:40:00,24.6,77.23,1006.67,20.34,1.06,184.0,0.0,normal
2025-09-30 03:50:00,24.63,77.17,1006.58,20.35,0.74,142.1,0.0,normal
2025-09-30 04:00:00,24.09,77.93,1006.25,19.99,1.09,161.5,0.0,normal
2025-09-30 04:10:00,24.44,75.93,1006.67,19.91,1.27,141.7,0.0,normal
2025-09-30 04:20:00,25.03,76.42,1006.68,20.58,1.81,176.3,0.0,normal
2025-09-30 04:30:00,25.34,76.42,1006.24,20.89,1.6,134.8,0.0,normal
2025-09-30 04:40:00,25.19,75.93,1006.19,20.64,1.26,150.8,0.0,normal
2025-09-30 04:50:00,25.4,74.63,1006.13,20.55,1.91,143.6,0.0,normal
2025-09-30 05:00:00,26.08,75.54,1005.8,21.41,1.62,150.9,0.0,normal
2025-09-30 05:10:00,26.21,75.07,1005.85,21.43,2.11,173.7,0.0,normal
2025-09-30 05:20:00,26.18,72.97,1005.24,20.94,1.41,137.4,0.0,normal
2025-09-30 05:30:00,26.01,72.95,1005.33,20.77,2.12,146.8,0.0,normal
2025-09-30 05:40:00,26.92,73.21,1005.44,21.7,2.12,151.7,0.0,normal
2025-09-30 05:50:00,27.05,72.97,1005.09,21.78,2.21,152.2,0.0,normal
2025-09-30 06:00:00,27.12,71.55,1005.02,21.52,1.04,150.4,26.6,normal
2025-09-30 06:10:00,27.09,72.34,1004.83,21.67,1.51,161.5,70.9,normal
2025-09-30 06:20:00,27.7,70.69,1004.84,21.88,1.56,138.0,70.8,normal
2025-09-30 06:30:00,27.46,69.82,1004.43,21.44,1.84,130.2,124.1,normal
2025-09-30 06:40:00,28.04,67.17,1004.52,21.37,2.7,166.5,172.4,normal
2025-09-30 06:50:00,28.24,68.41,1004.11,21.86,2.13,146.5,158.1,normal
2025-09-30 07:00:00,29.13,67.04,1004.26,22.37,2.45,144.0,189.8,normal
2025-09-30 07:10:00,28.54,67.48,1003.91,21.91,2.68,148.9,246.7,normal
2025-09-30 07:20:00,29.02,65.59,1003.92,21.91,2.93,123.9,297.8,normal
2025-09-30 07:30:00,29.36,62.96,1003.75,21.56,2.59,121.0,294.8,normal
2025-09-30 07:40:00,29.78,65.42,1003.59,22.58,3.66,149.6,335.6,normal
2025-09-30 07:50:00,30.04,64.52,1003.45,22.6,2.31,114.4,376.0,normal
2025-09-30 08:00:00,29.71,61.48,1003.45,21.5,3.21,138.1,415.0,normal
2025-09-30 08:10:00,30.28,61.11,1003.37,21.93,2.79,153.3,452.4,normal
2025-09-30 08:20:00,30.47,61.14,1003.13,22.12,2.06,125.3,489.3,normal
2025-09-30 08:30:00,30.65,60.12,1003.44,22.01,3.81,136.9,554.3,normal
2025-09-30 08:40:00,31.09,59.31,1003.29,22.2,3.91,125.6,541.5,normal
2025-09-30 08:50:00,31.34,58.92,1003.34,22.33,3.22,167.1,567.9,normal
2025-09-30 09:00:00,31.81,57.21,1003.21,22.28,3.11,155.6,628.4,normal
2025-09-30 09:10:00,31.67,57.25,1003.43,22.16,3.37,145.3,615.2,normal
2025-09-30 09:20:00,31.88,56.18,1003.4,22.04,3.34,150.8,678.3,normal
2025-09-30 09:30:00,32.1,54.72,1003.27,21.81,4.14,103.8,621.2,normal
2025-09-30 09:40:00,33.08,55.32,1003.33,22.9,4.52,149.7,718.8,normal
2025-09-30 09:50:00,32.21,53.23,1003.07,21.47,4.61,138.6,715.0,normal
2025-09-30 10:00:00,32.8,55.36,1003.68,22.66,4.44,147.3,732.8,normal
2025-09-30 10:10:00,33.68,52.87,1003.58,22.71,3.42,140.9,741.0,normal
2025-09-30 10:20:00,33.22,51.84,1003.79,21.96,3.9,175.0,767.7,normal
2025-09-30 10:30:00,33.93,51.26,1003.72,22.43,4.9,159.4,770.0,normal
2025-09-30 10:40:00,33.87,50.84,1003.93,22.24,3.51,180.9,790.7,normal
2025-09-30 10:50:00,34.28,49.78,1003.91,22.26,3.93,155.2,844.5,normal
2025-09-30 11:00:00,34.18,49.93,1004.01,22.23,4.81,157.9,800.0,normal
2025-09-30 11:10:00,34.36,49.17,1004.23,22.14,3.99,144.7,811.2,normal
2025-09-30 11:20:00,34.91,48.62,1004.17,22.45,5.41,158.6,874.9,normal
2025-09-30 11:30:00,35.26,47.96,1004.48,22.54,5.47,167.7,833.6,normal
2025-09-30 11:40:00,34.81,49.22,1004.74,22.56,4.75,181.6,839.0,normal
2025-09-30 11:50:00,35.41,47.59,1004.84,22.55,4.52,172.2,842.3,normal
2025-09-30 12:00:00,35.11,47.66,1004.77,22.3,4.76,161.6,843.1,normal
2025-09-30 12:10:00,35.7,47.01,1005.25,22.61,4.73,153.6,873.1,normal
2025-09-30 12:20:00,35.55,46.96,1005.58,22.46,6.07,172.0,836.0,normal
2025-09-30 12:30:00,35.43,46.75,1005.52,22.28,4.4,157.2,832.8,normal
2025-09-30 12:40:00,35.41,46.64,1005.73,22.22,5.07,166.9,850.6,normal
2025-09-30 12:50:00,35.63,45.35,1005.72,21.96,4.71,181.5,836.7,normal
2025-09-30 13:00:00,36.1,45.24,1005.92,22.34,4.65,175.7,812.0,normal
2025-09-30 13:10:00,35.63,46.64,1006.09,22.42,4.93,155.5,790.8,normal
2025-09-30 13:20:00,36.31,44.74,1005.85,22.35,4.49,159.1,789.8,normal
2025-09-30 13:30:00,36.43,44.69,1006.39,22.44,4.63,158.5,806.2,normal
2025-09-30 13:40:00,35.95,47.09,1006.38,22.87,4.21,174.6,773.0,normal
2025-09-30 13:50:00,36.19,45.39,1006.68,22.48,5.3,169.7,749.5,normal
2025-09-30 14:00:00,35.76,45.54,1006.69,22.15,5.59,151.8,687.3,normal
2025-09-30 14:10:00,36.43,44.46,1006.75,22.35,5.74,176.0,729.4,normal
2025-09-30 14:20:00,36.34,45.47,1006.84,22.64,5.14,173.7,689.9,normal
2025-09-30 14:30:00,35.67,45.81,1006.98,22.16,4.56,212.0,691.4,normal
2025-09-30 14:40:00,36.06,44.79,1006.79,22.14,4.67,170.3,664.4,normal
2025-09-30 14:50:00,35.72,43.77,1006.85,21.46,5.88,181.4,641.2,normal
2025-09-30 15:00:00,35.83,44.88,1006.97,21.97,4.92,182.2,582.8,normal
2025-09-30 15:10:00,35.54,46.64,1006.69,22.33,4.29,194.4,606.5,normal
2025-09-30 15:20:00,35.52,46.95,1006.64,22.42,4.49,196.7,563.5,normal
2025-09-30 15:30:00,35.15,46.53,1006.41,21.94,4.21,192.3,519.2,normal
2025-09-30 15:40:00,35.27,46.59,1006.71,22.07,3.97,197.7,513.7,normal
2025-09-30 15:50:00,35.11,46.73,1006.65,21.98,5.25,181.9,470.0,normal
2025-09-30 16:00:00,35.64,47.6,1006.59,22.77,4.74,209.4,472.6,normal
2025-09-30 16:10:00,35.04,48.03,1006.35,22.37,3.84,191.5,389.6,normal
2025-09-30 16:20:00,34.92,49.47,1006.36,22.74,4.25,194.3,359.2,normal
2025-09-30 16:30:00,35.24,48.21,1006.16,22.62,4.72,205.6,324.7,normal
2025-09-30 16:40:00,34.63,50.2,1006.15,22.73,4.66,208.2,285.3,normal
2025-09-30 16:50:00,34.64,50.79,1006.22,22.93,4.34,206.6,254.7,normal
2025-09-30 17:00:00,34.16,49.63,1006.13,22.11,4.13,207.0,211.2,normal
2025-09-30 17:10:00,33.9,51.68,1005.69,22.53,4.56,193.9,181.9,normal
2025-09-30 17:20:00,34.1,53.66,1005.78,23.34,4.28,202.5,180.2,normal
2025-09-30 17:30:00,34.13,51.98,1005.26,22.84,5.67,215.4,107.5,normal
2025-09-30 17:40:00,33.46,52.07,1005.22,22.26,4.48,205.4,61.3,normal
2025-09-30 17:50:00,33.69,53.92,1005.11,23.04,3.89,220.5,5.4,normal
2025-09-30 18:00:00,32.72,54.47,1005.23,22.32,4.83,193.1,36.1,normal
2025-09-30 18:10:00,32.77,53.82,1004.79,22.16,3.7,234.0,0.0,normal
2025-09-30 18:20:00,32.04,55.21,1004.6,21.91,4.4,209.7,0.0,normal
2025-09-30 18:30:00,32.58,54.39,1004.62,22.16,3.11,208.7,0.0,normal
2025-09-30 18:40:00,32.31,56.08,1004.4,22.41,3.38,245.0,0.0,normal
2025-09-30 18:50:00,32.01,58.01,1004.35,22.69,3.1,207.6,0.0,normal
2025-09-30 19:00:00,31.4,59.04,1003.83,22.42,4.23,226.5,0.0,normal
2025-09-30 19:10:00,31.32,58.66,1003.98,22.23,3.69,204.2,0.0,normal
2025-09-30 19:20:00,31.09,60.09,1003.8,22.41,2.68,237.7,0.0,normal
2025-09-30 19:30:00,30.92,59.49,1003.68,22.09,3.92,214.3,0.0,normal
2025-09-30 19:40:00,30.45,60.98,1003.58,22.06,2.94,228.1,0.0,normal
2025-09-30 19:50:00,30.3,60.32,1003.67,21.73,3.19,229.2,0.0,normal
2025-09-30 20:00:00,29.65,61.44,1003.53,21.43,3.0,230.5,0.0,normal
2025-09-30 20:10:00,29.84,63.46,1003.32,22.14,2.99,181.5,0.0,normal
2025-09-30 20:20:00,29.3,64.5,1003.46,21.89,2.25,220.6,0.0,normal
2025-09-30 20:30:00,29.07,63.56,1003.07,21.43,2.53,238.1,0.0,normal
2025-09-30 20:40:00,28.92,65.87,1003.43,21.88,2.39,212.9,0.0,normal
2025-09-30 20:50:00,28.62,65.88,1002.96,21.6,1.85,196.2,0.0,normal
2025-09-30 21:00:00,29.01,66.43,1003.56,22.1,2.42,196.8,0.0,normal
2025-09-30 21:10:00,28.02,68.14,1003.19,21.58,2.79,221.0,0.0,normal
2025-09-30 21:20:00,27.5,68.34,1003.61,21.14,2.79,219.3,0.0,normal
2025-09-30 21:30:00,27.87,69.29,1003.43,21.71,2.14,211.1,0.0,normal
2025-09-30 21:40:00,28.32,71.08,1003.27,22.57,2.04,222.8,0.0,normal
2025-09-30 21:50:00,27.02,71.24,1003.2,21.36,1.48,197.5,0.0,normal
2025-09-30 22:00:00,27.63,70.95,1003.52,21.87,1.68,206.9,0.0,normal
2025-09-30 22:10:00,27.03,72.09,1003.86,21.56,1.39,184.7,0.0,normal
2025-09-30 22:20:00,26.86,71.71,1003.4,21.31,1.42,207.6,0.0,normal
2025-09-30 22:30:00,26.79,72.83,1003.65,21.5,0.83,224.6,0.0,normal
2025-09-30 22:40:00,26.38,75.17,1003.8,21.62,1.9,197.7,0.0,normal
2025-09-30 22:50:00,26.05,74.9,1003.96,21.24,2.33,223.8,0.0,normal
2025-09-30 23:00:00,26.23,75.62,1004.04,21.57,1.2,204.4,0.0,normal
2025-09-30 23:10:00,25.86,76.56,1004.23,21.42,1.06,223.3,0.0,normal
2025-09-30 23:20:00,25.56,74.94,1004.49,20.78,0.78,233.0,0.0,normal
2025-09-30 23:30:00,25.53,76.33,1004.38,21.05,1.04,217.7,0.0,normal
2025-09-30 23:40:00,24.76,77.56,1004.51,20.56,2.26,202.6,0.0,normal
2025-09-30 23:50:00,25.65,76.38,1004.51,21.17,1.14,194.0,0.0,normal
2025-10-01 00:00:00,24.76,79.33,1004.91,20.94,1.67,176.7,0.0,normal
2025-10-01 00:10:00,24.44,79.28,1005.09,20.61,0.71,202.7,0.0,normal
2025-10-01 00:20:00,24.34,77.36,1005.31,20.12,1.15,201.6,0.0,normal
2025-10-01 00:30:00,24.17,78.31,1005.66,20.14,1.32,208.9,0.0,normal
2025-10-01 00:40:00,24.48,79.15,1005.61,20.62,0.51,184.1,0.0,normal
2025-10-01 00:50:00,24.7,78.95,1005.68,20.79,1.07,200.1,0.0,normal
2025-10-01 01:00:00,24.39,79.64,1005.68,20.63,1.38,193.2,0.0,normal
2025-10-01 01:10:00,23.71,80.42,1005.96,20.14,0.55,194.0,0.0,normal
2025-10-01 01:20:00,24.24,79.11,1006.2,20.38,1.0,200.3,0.0,normal
2025-10-01 01:30:00,23.92,78.79,1006.45,20.01,1.1,196.9,0.0,normal
2025-10-01 01:40:00,24.66,79.59,1006.07,20.89,1.39,199.2,0.0,normal
2025-10-01 01:50:00,24.01,80.28,1006.48,20.4,1.13,171.9,0.0,normal
2025-10-01 02:00:00,23.8,80.63,1006.62,20.26,0.66,200.1,0.0,normal
2025-10-01 02:10:00,23.87,78.89,1006.52,19.97,1.06,187.1,0.0,normal
2025-10-01 02:20:00,23.74,80.01,1006.78,20.08,1.88,173.6,0.0,normal
2025-10-01 02:30:00,24.14,79.82,1006.75,20.43,1.43,187.7,0.0,normal
2025-10-01 02:40:00,23.66,78.84,1006.69,19.76,0.5,151.2,0.0,normal
2025-10-01 02:50:00,24.64,79.54,1006.72,20.86,1.02,187.3,0.0,normal
2025-10-01 03:00:00,24.15,80.35,1006.95,20.55,1.82,151.7,0.0,normal
2025-10-01 03:10:00,24.58,78.69,1006.52,20.63,0.81,166.0,0.0,normal
2025-10-01 03:20:00,24.2,78.13,1006.69,20.14,1.83,154.1,0.0,normal
2025-10-01 03:30:00,24.78,76.64,1006.63,20.39,1.84,168.0,0.0,normal
2025-10-01 03:40:00,24.61,78.81,1006.57,20.68,2.24,160.8,0.0,normal
2025-10-01 03:50:00,24.4,77.97,1006.64,20.31,1.43,177.9,0.0,normal
2025-10-01 04:00:00,24.63,77.27,1006.43,20.37,1.63,164.9,0.0,normal
2025-10-01 04:10:00,25.01,75.75,1006.51,20.42,0.73,156.8,0.0,normal
2025-10-01 04:20:00,24.76,76.83,1006.28,20.41,1.83,169.0,0.0,normal
2025-10-01 04:30:00,25.24,76.53,1006.37,20.81,2.21,167.0,0.0,normal
2025-10-01 04:40:00,25.11,76.11,1006.01,20.6,2.36,131.4,0.0,normal
2025-10-01 04:50:00,26.12,73.79,1006.09,21.07,1.71,151.1,0.0,normal
2025-10-01 05:00:00,25.93,74.19,1005.7,20.97,1.9,149.5,0.0,normal
2025-10-01 05:10:00,25.82,74.18,1005.93,20.86,0.87,142.3,0.0,normal
2025-10-01 05:20:00,26.37,73.48,1005.68,21.24,1.14,156.8,0.0,normal
2025-10-01 05:30:00,26.96,72.85,1005.21,21.67,1.21,133.1,0.0,normal
2025-10-01 05:40:00,26.41,72.11,1005.64,20.96,2.19,134.8,0.0,normal
2025-10-01 05:50:00,27.04,72.3,1005.25,21.62,2.13,137.8,0.0,normal
2025-10-01 06:00:00,26.44,70.56,1005.04,20.64,1.47,126.2,36.8,normal
2025-10-01 06:10:00,27.51,69.99,1004.87,21.53,1.41,131.8,19.7,normal
2025-10-01 06:20:00,27.81,68.52,1004.89,21.47,2.27,138.8,63.4,normal
2025-10-01 06:30:00,27.57,69.36,1004.65,21.45,2.23,136.3,89.7,normal
2025-10-01 06:40:00,27.96,67.13,1004.43,21.28,1.69,93.9,177.4,normal
2025-10-01 06:50:00,27.77,68.36,1004.24,21.39,1.96,143.3,219.2,normal
2025-10-01 07:00:00,28.35,67.26,1004.09,21.68,3.04,155.7,209.7,normal
2025-10-01 07:10:00,28.71,66.72,1004.05,21.9,2.61,161.9,245.7,normal
2025-10-01 07:20:00,29.17,64.17,1003.91,21.69,3.03,160.3,299.2,normal
2025-10-01 07:30:00,29.28,64.27,1003.92,21.82,2.6,140.1,327.6,normal
2025-10-01 07:40:00,30.01,63.61,1003.45,22.33,2.38,147.7,373.2,normal
2025-10-01 07:50:00,29.55,62.55,1003.58,21.63,2.77,136.6,395.9,normal
2025-10-01 08:00:00,30.65,62.6,1003.44,22.68,2.66,144.0,432.7,normal
2025-10-01 08:10:00,30.67,61.88,1003.5,22.51,3.51,132.2,461.5,normal
2025-10-01 08:20:00,30.77,61.08,1003.54,22.38,3.06,141.6,505.4,normal
2025-10-01 08:30:00,30.73,58.72,1003.07,21.7,2.74,126.3,503.9,normal
2025-10-01 08:40:00,31.27,59.68,1003.07,22.47,4.28,136.9,496.6,normal
2025-10-01 08:50:00,31.63,58.97,1003.06,22.61,3.33,151.2,555.1,normal
2025-10-01 09:00:00,31.37,57.46,1003.35,21.94,3.84,147.8,583.6,normal
2025-10-01 09:10:00,32.49,56.76,1003.19,22.78,4.2,132.2,617.8,normal
2025-10-01 09:20:00,32.27,56.48,1003.42,22.49,3.18,138.4,635.8,normal
2025-10-01 09:30:00,32.25,55.56,1003.2,22.21,3.46,144.6,670.3,normal
2025-10-01 09:40:00,32.11,56.49,1003.29,22.34,4.51,118.5,686.7,normal
2025-10-01 09:50:00,32.74,54.54,1003.49,22.35,4.4,143.7,725.1,normal
2025-10-01 10:00:00,33.38,53.02,1003.65,22.48,4.68,138.2,717.3,normal
2025-10-01 10:10:00,33.42,52.1,1003.49,22.23,3.87,153.4,750.8,normal
2025-10-01 10:20:00,32.99,52.39,1003.75,21.93,4.31,154.9,758.6,normal
2025-10-01 10:30:00,33.63,52.66,1003.7,22.6,4.56,143.4,794.2,normal
2025-10-01 10:40:00,34.33,51.73,1003.84,22.95,4.04,147.8,801.4,normal
2025-10-01 10:50:00,33.8,49.55,1003.84,21.75,4.93,142.2,856.1,normal
2025-10-01 11:00:00,34.73,50.17,1004.2,22.8,4.74,140.0,816.1,normal
2025-10-01 11:10:00,34.59,48.8,1004.33,22.22,3.92,161.2,834.7,normal
2025-10-01 11:20:00,34.7,49.83,1004.36,22.67,4.63,148.9,830.2,normal
2025-10-01 11:30:00,34.74,49.51,1004.66,22.6,4.17,142.1,839.8,normal
2025-10-01 11:40:00,35.06,48.16,1004.83,22.43,4.55,189.7,863.7,normal
2025-10-01 11:50:00,35.22,47.87,1004.83,22.48,5.84,154.0,813.4,normal
2025-10-01 12:00:00,35.21,46.08,1005.06,21.84,4.63,176.4,860.2,normal
2025-10-01 12:10:00,35.35,48.37,1005.3,22.76,4.35,154.4,832.6,normal
2025-10-01 12:20:00,35.44,46.26,1005.33,22.11,5.09,156.4,791.8,normal
2025-10-01 12:30:00,35.3,46.26,1005.69,21.98,4.72,123.6,861.5,normal
2025-10-01 12:40:00,36.02,46.95,1005.62,22.88,4.95,148.9,868.1,normal
2025-10-01 12:50:00,35.87,46.51,1005.92,22.59,4.64,173.2,839.7,normal
2025-10-01 13:00:00,36.09,45.87,1005.81,22.56,3.79,194.4,804.6,normal
2025-10-01 13:10:00,35.92,46.07,1006.05,22.47,6.52,164.1,822.4,normal
2025-10-01 13:20:00,35.72,46.45,1006.25,22.44,5.09,181.5,782.6,normal
2025-10-01 13:30:00,36.75,44.63,1006.59,22.71,5.32,169.1,775.0,normal
2025-10-01 13:40:00,35.72,45.37,1006.18,22.05,5.07,194.0,760.2,normal
2025-10-01 13:50:00,36.18,44.78,1006.47,22.24,5.94,167.0,741.7,normal
2025-10-01 14:00:00,36.56,45.27,1006.73,22.77,5.71,180.2,749.1,normal
2025-10-01 14:10:00,36.0,44.29,1006.52,21.9,5.53,182.3,682.5,normal
2025-10-01 14:20:00,36.2,45.2,1006.52,22.42,5.41,193.7,663.5,normal
2025-10-01 14:30:00,36.1,46.37,1006.62,22.75,5.68,189.6,696.9,normal
2025-10-01 14:40:00,35.97,44.7,1006.83,22.03,5.0,202.2,648.2,normal
2025-10-01 14:50:00,36.4,45.41,1006.59,22.68,4.85,182.6,608.7,normal
2025-10-01 15:00:00,35.53,44.61,1006.77,21.6,4.85,205.9,558.9,normal
2025-10-01 15:10:00,36.18,45.7,1006.9,22.58,5.18,180.6,544.1,normal
2025-10-01 15:20:00,35.54,46.99,1006.74,22.46,4.89,195.8,565.1,normal
2025-10-01 15:30:00,35.67,47.61,1006.97,22.79,5.02,198.6,545.5,normal
2025-10-01 15:40:00,35.51,46.84,1006.67,22.38,4.54,202.2,490.6,normal
2025-10-01 15:50:00,35.06,45.46,1006.63,21.49,5.2,183.2,444.3,normal
2025-10-01 16:00:00,35.3,46.52,1006.51,22.08,5.32,212.6,435.2,normal
2025-10-01 16:10:00,35.52,47.04,1006.63,22.46,4.0,218.2,367.0,normal
2025-10-01 16:20:00,34.54,49.11,1006.28,22.28,4.57,228.2,349.8,normal
2025-10-01 16:30:00,34.64,48.49,1006.18,22.16,4.62,200.9,352.7,normal
2025-10-01 16:40:00,34.74,48.04,1006.08,22.09,5.66,232.3,290.9,normal
2025-10-01 16:50:00,34.34,47.01,1006.17,21.39,4.56,207.9,267.0,normal
2025-10-01 17:00:00,33.82,49.45,1005.91,21.74,4.31,228.2,222.0,normal
2025-10-01 17:10:00,33.64,49.68,1005.68,21.65,4.58,227.6,180.9,normal
2025-10-01 17:20:00,33.77,52.13,1005.58,22.56,4.67,231.7,151.3,normal
2025-10-01 17:30:00,33.94,51.68,1005.32,22.57,4.08,222.2,129.2,normal
2025-10-01 17:40:00,33.04,51.92,1005.18,21.82,4.09,204.8,108.2,normal
2025-10-01 17:50:00,33.23,53.57,1005.2,22.51,4.81,217.7,30.4,normal
2025-10-01 18:00:00,32.95,53.03,1005.18,22.09,4.63,223.2,37.3,normal
2025-10-01 18:10:00,32.69,53.25,1004.82,21.92,2.83,229.6,0.0,normal
2025-10-01 18:20:00,32.59,55.99,1004.72,22.65,3.32,220.8,0.0,normal
2025-10-01 18:30:00,32.15,55.92,1004.78,22.21,3.21,216.9,0.0,normal
2025-10-01 18:40:00,31.82,56.5,1004.12,22.09,3.61,194.5,0.0,normal
2025-10-01 18:50:00,31.39,56.85,1004.21,21.79,3.46,215.3,0.0,normal
2025-10-01 19:00:00,31.19,57.59,1004.02,21.81,4.15,221.6,0.0,normal
2025-10-01 19:10:00,31.31,58.88,1004.06,22.29,2.58,209.6,0.0,normal
2025-10-01 19:20:00,30.51,58.15,1003.74,21.34,3.51,204.6,0.0,normal
2025-10-01 19:30:00,30.67,59.57,1003.95,21.88,3.69,232.5,0.0,normal
2025-10-01 19:40:00,30.59,60.9,1003.67,22.17,3.7,233.1,0.0,normal
2025-10-01 19:50:00,30.66,62.37,1003.49,22.62,3.68,209.9,0.0,normal
2025-10-01 20:00:00,29.97,63.06,1003.33,22.15,2.18,219.3,0.0,normal
2025-10-01 20:10:00,30.1,62.74,1003.32,22.19,2.52,218.2,0.0,normal
2025-10-01 20:20:00,29.78,63.68,1003.32,22.14,3.29,238.2,0.0,normal
2025-10-01 20:30:00,28.98,64.96,1003.28,21.71,1.88,234.1,0.0,normal
2025-10-01 20:40:00,28.85,66.52,1003.24,21.97,3.38,194.3,0.0,normal
2025-10-01 20:50:00,28.59,65.64,1003.41,21.51,2.55,204.5,0.0,normal
2025-10-01 21:00:00,28.5,67.79,1003.08,21.95,2.45,229.5,0.0,normal
2025-10-01 21:10:00,28.08,67.2,1003.38,21.41,2.14,212.3,0.0,normal
2025-10-01 21:20:00,27.77,70.01,1003.58,21.78,2.3,211.6,0.0,normal
2025-10-01 21:30:00,28.07,67.15,1003.18,21.39,1.76,205.5,0.0,normal
2025-10-01 21:40:00,26.79,69.38,1003.32,20.71,1.53,231.8,0.0,normal
2025-10-01 21:50:00,27.2,70.53,1003.33,21.37,2.61,223.7,0.0,normal
2025-10-01 22:00:00,26.88,71.51,1003.66,21.29,1.36,213.7,0.0,normal
2025-10-01 22:10:00,26.2,72.11,1003.39,20.77,2.46,208.5,0.0,normal
2025-10-01 22:20:00,26.82,72.31,1003.46,21.41,0.5,224.8,0.0,normal
2025-10-01 22:30:00,26.22,73.93,1003.62,21.19,1.76,217.8,0.0,normal
2025-10-01 22:40:00,25.97,73.4,1003.67,20.83,1.77,204.6,0.0,normal
2025-10-01 22:50:00,25.49,73.58,1003.86,20.41,1.4,216.2,0.0,normal
2025-10-01 23:00:00,26.04,75.81,1004.24,21.43,1.5,200.1,0.0,normal
2025-10-01 23:10:00,25.61,75.04,1004.36,20.85,1.46,200.7,0.0,normal
2025-10-01 23:20:00,25.39,75.99,1004.5,20.84,1.43,197.3,0.0,normal
2025-10-01 23:30:00,25.27,75.67,1004.64,20.65,1.2,184.3,0.0,normal
2025-10-01 23:40:00,24.79,76.76,1004.56,20.43,1.07,214.7,0.0,normal
2025-10-01 23:50:00,24.48,77.56,1004.91,20.3,1.32,213.1,0.0,normal
2025-10-02 00:00:00,25.31,75.85,1005.03,20.73,1.17,195.1,0.0,normal
2025-10-02 00:10:00,24.16,77.13,1005.12,19.89,0.53,168.4,0.0,normal
2025-10-02 00:20:00,24.47,78.75,1005.35,20.53,2.06,190.9,0.0,normal
2025-10-02 00:30:00,25.05,78.88,1005.33,21.12,1.12,197.3,0.0,normal
2025-10-02 00:40:00,24.19,78.81,1005.54,20.27,1.02,187.9,0.0,normal
2025-10-02 00:50:00,24.24,79.28,1005.78,20.42,0.5,190.5,0.0,normal
2025-10-02 01:00:00,24.22,79.57,1005.89,20.46,1.97,192.1,0.0,normal
2025-10-02 01:10:00,24.08,79.12,1005.91,20.22,1.01,187.4,0.0,normal
2025-10-02 01:20:00,23.46,79.4,1006.23,19.68,1.89,191.0,0.0,normal
2025-10-02 01:30:00,23.97,80.45,1006.41,20.39,0.5,190.1,0.0,normal
2025-10-02 01:40:00,24.45,78.51,1006.51,20.46,1.4,187.7,0.0,normal
2025-10-02 01:50:00,24.08,80.67,1006.5,20.55,0.84,143.8,0.0,normal
2025-10-02 02:00:00,23.91,79.97,1006.57,20.23,0.61,176.6,0.0,normal
2025-10-02 02:10:00,23.78,79.87,1006.6,20.08,0.82,186.7,0.0,normal
2025-10-02 02:20:00,23.83,80.54,1006.69,20.27,0.69,172.0,0.0,normal
2025-10-02 02:30:00,24.07,79.94,1007.12,20.39,1.15,165.2,0.0,normal
2025-10-02 02:40:00,23.41,78.99,1006.4,19.55,1.6,165.1,0.0,normal
2025-10-02 02:50:00,23.69,80.27,1006.89,20.09,0.79,170.5,0.0,normal
2025-10-02 03:00:00,24.38,80.0,1006.57,20.7,2.38,169.2,0.0,normal
2025-10-02 03:10:00,24.6,79.95,1006.72,20.9,0.67,193.7,0.0,normal
2025-10-02 03:20:00,23.81,78.18,1006.83,19.78,0.93,164.8,0.0,normal
2025-10-02 03:30:00,24.58,79.66,1006.92,20.82,0.81,175.8,0.0,normal
2025-10-02 03:40:00,24.37,78.23,1006.59,20.33,0.51,159.5,0.0,normal
2025-10-02 03:50:00,24.55,77.95,1006.84,20.44,1.91,158.6,0.0,normal
2025-10-02 04:00:00,24.57,78.18,1006.58,20.5,0.8,160.0,0.0,normal
2025-10-02 04:10:00,25.12,77.58,1006.48,20.91,1.6,146.9,0.0,normal
2025-10-02 04:20:00,25.11,76.08,1006.24,20.59,2.4,159.1,0.0,normal
2025-10-02 04:30:00,24.67,76.02,1006.2,20.15,1.83,143.4,0.0,normal
2025-10-02 04:40:00,25.31,75.19,1006.21,20.59,0.7,159.4,0.0,normal
2025-10-02 04:50:00,25.4,75.25,1005.85,20.7,1.88,164.1,0.0,normal
2025-10-02 05:00:00,25.31,74.82,1006.11,20.51,1.29,139.6,0.0,normal
2025-10-02 05:10:00,25.74,74.94,1005.96,20.96,1.53,159.8,0.0,normal
2025-10-02 05:20:00,26.6,73.41,1005.43,21.44,1.79,148.1,0.0,normal
2025-10-02 05:30:00,26.28,73.0,1005.51,21.05,1.58,129.8,0.0,normal
2025-10-02 05:40:00,26.97,72.24,1005.28,21.53,2.16,145.9,0.0,normal
2025-10-02 05:50:00,26.5,71.58,1004.87,20.93,2.25,127.5,0.0,normal
2025-10-02 06:00:00,26.75,72.03,1004.94,21.28,1.9,171.6,7.2,normal
2025-10-02 06:10:00,27.07,71.48,1005.12,21.45,1.65,148.3,49.1,normal
2025-10-02 06:20:00,27.79,69.0,1004.61,21.57,1.96,153.0,77.9,normal
2025-10-02 06:30:00,27.61,70.22,1004.62,21.69,1.81,137.3,75.2,normal
2025-10-02 06:40:00,28.3,68.6,1004.57,21.96,2.55,129.1,138.6,normal
2025-10-02 06:50:00,28.29,67.54,1004.06,21.7,2.88,154.6,183.4,normal
2025-10-02 07:00:00,28.1,67.58,1003.89,21.52,3.26,140.7,219.3,normal
2025-10-02 07:10:00,28.97,66.46,1004.02,22.07,2.67,155.0,241.8,normal
2025-10-02 07:20:00,29.15,64.64,1003.76,21.79,2.82,126.4,291.8,normal
2025-10-02 07:30:00,29.05,66.67,1003.68,22.2,2.14,159.3,308.9,normal
2025-10-02 07:40:00,29.33,63.85,1003.36,21.76,2.78,155.0,362.0,normal
2025-10-02 07:50:00,29.94,63.67,1003.56,22.29,3.7,112.2,397.5,normal
2025-10-02 08:00:00,29.86,62.48,1003.37,21.9,2.16,149.6,411.1,normal
2025-10-02 08:10:00,30.38,61.67,1003.32,22.18,3.76,125.8,472.7,normal
2025-10-02 08:20:00,30.79,62.6,1003.06,22.81,2.2,157.1,505.9,normal
2025-10-02 08:30:00,31.03,59.88,1003.44,22.3,3.03,146.7,497.3,normal
2025-10-02 08:40:00,30.82,60.19,1003.12,22.18,3.43,161.3,559.0,normal
2025-10-02 08:50:00,31.0,57.8,1003.33,21.69,3.43,156.2,610.7,normal
2025-10-02 09:00:00,31.51,58.37,1003.32,22.33,2.95,173.1,570.5,normal
2025-10-02 09:10:00,31.97,56.91,1003.29,22.34,3.99,152.8,633.5,normal
2025-10-02 09:20:00,32.77,56.38,1003.27,22.93,2.91,134.5,622.0,normal
2025-10-02 09:30:00,32.51,56.45,1003.1,22.71,3.09,132.7,669.3,normal
2025-10-02 09:40:00,32.59,54.47,1003.36,22.19,4.1,158.8,697.5,normal
2025-10-02 09:50:00,33.1,56.16,1003.33,23.17,4.6,153.7,752.1,normal
2025-10-02 10:00:00,32.89,53.75,1003.49,22.26,3.85,150.9,734.8,normal
2025-10-02 10:10:00,33.38,53.52,1003.42,22.63,5.08,161.5,722.3,normal
2025-10-02 10:20:00,33.6,53.03,1003.74,22.69,4.41,151.2,737.9,normal
2025-10-02 10:30:00,33.57,52.45,1003.87,22.47,4.31,159.1,783.7,normal
2025-10-02 10:40:00,33.59,51.06,1003.77,22.05,3.89,161.2,791.3,normal
2025-10-02 10:50:00,34.29,50.81,1003.85,22.61,4.62,140.3,854.8,normal
2025-10-02 11:00:00,34.15,49.3,1004.21,21.99,4.55,155.0,836.9,normal
2025-10-02 11:10:00,34.26,49.18,1004.12,22.05,4.39,163.5,802.2,normal
2025-10-02 11:20:00,34.38,48.02,1004.39,21.77,5.19,162.2,873.9,normal
2025-10-02 11:30:00,34.88,48.36,1004.52,22.33,4.54,168.1,863.2,normal
2025-10-02 11:40:00,35.1,49.11,1004.62,22.79,4.64,173.8,839.2,normal
2025-10-02 11:50:00,35.07,48.25,1004.85,22.47,4.13,167.8,809.9,normal
2025-10-02 12:00:00,34.99,47.61,1005.0,22.18,3.71,150.9,852.9,normal
2025-10-02 12:10:00,35.12,47.63,1005.21,22.31,4.31,181.3,842.1,normal
2025-10-02 12:20:00,35.33,47.67,1005.47,22.51,5.58,155.3,825.4,normal
2025-10-02 12:30:00,35.68,45.94,1005.28,22.22,6.47,144.1,852.2,normal
2025-10-02 12:40:00,35.86,46.35,1005.32,22.52,5.47,170.6,812.9,normal
2025-10-02 12:50:00,35.86,45.91,1005.8,22.36,5.25,154.0,842.7,normal
2025-10-02 13:00:00,35.4,45.13,1006.03,21.67,4.79,148.8,807.6,normal
2025-10-02 13:10:00,35.31,45.05,1006.16,21.56,5.18,151.7,811.4,normal
2025-10-02 13:20:00,36.22,45.93,1006.16,22.7,4.65,161.8,784.0,normal
2025-10-02 13:30:00,35.47,44.89,1006.3,21.65,4.32,177.7,773.4,normal
2025-10-02 13:40:00,35.73,45.64,1006.21,22.15,5.45,177.9,782.7,normal
2025-10-02 13:50:00,35.73,44.92,1006.26,21.89,4.95,197.0,733.6,normal
2025-10-02 14:00:00,36.27,45.03,1006.59,22.42,4.96,189.5,746.9,normal
2025-10-02 14:10:00,36.25,45.78,1006.92,22.68,4.48,184.1,732.2,normal
2025-10-02 14:20:00,36.4,44.76,1006.91,22.44,5.27,205.1,677.7,normal
2025-10-02 14:30:00,36.38,45.1,1006.4,22.54,4.34,222.3,676.3,normal
2025-10-02 14:40:00,34.92,46.71,1006.81,21.81,5.03,199.2,641.0,normal
2025-10-02 14:50:00,36.18,44.96,1006.68,22.31,5.43,168.0,613.3,normal
2025-10-02 15:00:00,35.65,45.48,1007.14,22.02,4.87,205.0,600.4,normal
2025-10-02 15:10:00,35.97,44.73,1006.52,22.04,4.92,198.8,600.6,normal
2025-10-02 15:20:00,35.92,46.34,1006.81,22.57,4.86,216.6,536.9,normal
2025-10-02 15:30:00,35.48,46.69,1006.85,22.3,5.16,206.0,475.2,normal
2025-10-02 15:40:00,35.4,46.66,1006.87,22.22,4.95,211.2,492.8,normal
2025-10-02 15:50:00,35.31,45.89,1006.69,21.86,4.46,193.5,486.2,normal
2025-10-02 16:00:00,35.27,46.83,1006.64,22.16,5.82,227.2,414.8,normal
2025-10-02 16:10:00,35.87,48.86,1006.26,23.41,4.4,229.8,404.4,normal
2025-10-02 16:20:00,34.34,48.75,1006.65,21.97,3.81,193.1,353.4,normal
2025-10-02 16:30:00,35.37,48.44,1006.42,22.81,4.42,189.9,323.4,normal
2025-10-02 16:40:00,34.68,49.11,1005.97,22.4,4.98,216.8,316.5,normal
2025-10-02 16:50:00,33.79,49.62,1005.8,21.77,4.91,211.3,239.8,normal
2025-10-02 17:00:00,34.46,51.06,1006.03,22.85,4.1,210.9,220.1,normal
2025-10-02 17:10:00,33.88,50.78,1005.83,22.23,3.98,212.7,172.9,normal
2025-10-02 17:20:00,33.3,49.16,1005.49,21.16,3.51,217.2,145.1,normal
2025-10-02 17:30:00,33.13,51.98,1005.52,21.92,3.31,212.7,117.2,normal
2025-10-02 17:40:00,33.65,52.09,1005.13,22.43,4.7,219.9,51.8,normal
2025-10-02 17:50:00,33.28,52.23,1005.13,22.14,3.91,217.2,61.2,normal
2025-10-02 18:00:00,33.08,53.22,1005.0,22.27,3.77,239.6,16.9,normal
2025-10-02 18:10:00,32.97,54.7,1004.78,22.62,3.34,223.4,0.0,normal
2025-10-02 18:20:00,31.9,56.09,1004.75,22.04,3.65,219.1,0.0,normal
2025-10-02 18:30:00,31.87,55.59,1004.44,21.86,3.61,215.0,0.0,normal
2025-10-02 18:40:00,31.69,56.15,1004.2,21.86,4.32,186.0,0.0,normal
2025-10-02 18:50:00,31.8,58.49,1004.23,22.63,3.57,232.4,0.0,normal
2025-10-02 19:00:00,31.31,58.31,1003.97,22.13,3.51,229.8,0.0,normal
2025-10-02 19:10:00,31.36,58.29,1003.7,22.17,3.51,198.1,0.0,normal
2025-10-02 19:20:00,30.84,59.52,1003.65,22.03,3.17,201.3,0.0,normal
2025-10-02 19:30:00,30.88,60.59,1003.6,22.36,3.43,217.0,0.0,normal
2025-10-02 19:40:00,30.26,60.5,1003.7,21.75,2.51,223.0,0.0,normal
2025-10-02 19:50:00,30.25,61.78,1003.53,22.09,2.99,230.7,0.0,normal
2025-10-02 20:00:00,30.13,62.1,1003.48,22.05,2.56,215.9,0.0,normal
2025-10-02 20:10:00,29.84,63.75,1003.14,22.22,2.99,271.8,0.0,normal
2025-10-02 20:20:00,29.59,64.19,1003.36,22.09,2.96,236.8,0.0,normal
2025-10-02 20:30:00,29.27,64.56,1003.42,21.88,3.05,233.7,0.0,normal
2025-10-02 20:40:00,29.32,67.09,1003.2,22.56,3.09,225.2,0.0,normal
2025-10-02 20:50:00,28.9,65.91,1003.13,21.88,1.93,201.2,0.0,normal
2025-10-02 21:00:00,28.54,66.43,1003.41,21.66,2.27,212.5,0.0,normal
2025-10-02 21:10:00,28.17,68.86,1003.3,21.9,2.46,181.4,0.0,normal
2025-10-02 21:20:00,28.43,68.48,1003.07,22.06,1.77,202.5,0.0,normal
2025-10-02 21:30:00,28.17,68.74,1002.79,21.87,1.54,237.8,0.0,normal
2025-10-02 21:40:00,27.43,69.55,1003.36,21.36,1.82,212.8,0.0,normal
2025-10-02 21:50:00,27.24,71.08,1003.42,21.53,1.95,193.1,0.0,normal
2025-10-02 22:00:00,27.24,70.42,1003.39,21.38,2.5,211.7,0.0,normal
2025-10-02 22:10:00,26.29,70.3,1003.53,20.44,1.07,197.2,0.0,normal
2025-10-02 22:20:00,26.55,71.81,1003.64,21.03,0.76,221.3,0.0,normal
2025-10-02 22:30:00,26.1,72.4,1004.0,20.74,1.12,177.3,0.0,normal
2025-10-02 22:40:00,26.13,74.13,1003.93,21.15,2.25,212.9,0.0,normal
2025-10-02 22:50:00,26.28,74.32,1004.26,21.34,1.15,205.5,0.0,normal
2025-10-02 23:00:00,26.06,74.25,1003.92,21.11,2.24,211.4,0.0,normal
2025-10-02 23:10:00,25.35,76.53,1004.26,20.92,1.11,191.2,0.0,normal
2025-10-02 23:20:00,25.21,75.94,1004.44,20.66,1.46,216.3,0.0,normal
2025-10-02 23:30:00,25.93,75.82,1004.46,21.32,1.56,198.0,0.0,normal
2025-10-02 23:40:00,25.45,77.09,1004.85,21.14,0.69,183.5,0.0,normal
2025-10-02 23:50:00,25.41,78.3,1004.81,21.35,2.21,206.3,0.0,normal
2025-10-03 00:00:00,24.67,77.1,1004.91,20.38,1.25,183.6,0.0,normal
2025-10-03 00:10:00,24.72,79.27,1005.26,20.88,1.84,190.3,0.0,normal
2025-10-03 00:20:00,24.5,78.74,1005.42,20.55,0.76,214.5,0.0,normal
2025-10-03 00:30:00,24.69,77.1,1005.37,20.4,0.54,166.8,0.0,normal
2025-10-03 00:40:00,23.82,80.64,1005.71,20.28,1.73,197.5,0.0,normal
2025-10-03 00:50:00,24.65,79.17,1005.56,20.79,1.02,195.1,0.0,normal
2025-10-03 01:00:00,24.31,81.08,1006.17,20.85,1.32,182.9,0.0,normal
2025-10-03 01:10:00,24.2,79.93,1005.96,20.51,1.37,190.2,0.0,normal
2025-10-03 01:20:00,23.8,80.92,1006.32,20.33,0.5,184.6,0.0,normal
2025-10-03 01:30:00,23.57,79.73,1006.41,19.86,1.58,170.5,0.0,normal
2025-10-03 01:40:00,23.61,80.91,1006.45,20.14,1.29,190.9,0.0,normal
2025-10-03 01:50:00,24.17,79.79,1006.51,20.45,1.45,156.7,0.0,normal
2025-10-03 02:00:00,23.37,80.17,1006.57,19.75,0.85,189.2,0.0,normal
2025-10-03 02:10:00,23.69,80.26,1006.47,20.08,0.66,203.4,0.0,normal
2025-10-03 02:20:00,24.01,80.31,1006.73,20.4,1.22,153.8,0.0,normal
2025-10-03 02:30:00,24.01,80.03,1006.81,20.35,1.65,151.3,0.0,normal
2025-10-03 02:40:00,23.74,81.49,1006.82,20.37,1.27,158.6,0.0,normal
2025-10-03 02:50:00,24.31,78.08,1006.94,20.24,1.0,171.2,0.0,normal
2025-10-03 03:00:00,24.4,79.63,1006.58,20.64,1.78,149.0,0.0,normal
2025-10-03 03:10:00,24.7,80.6,1006.96,21.13,2.11,173.2,0.0,normal
2025-10-03 03:20:00,23.9,79.16,1006.73,20.06,0.55,159.0,0.0,normal
2025-10-03 03:30:00,24.45,77.37,1006.78,20.22,0.98,150.1,0.0,normal
2025-10-03 03:40:00,24.59,78.94,1006.6,20.69,1.05,147.5,0.0,normal
2025-10-03 03:50:00,25.05,76.32,1006.96,20.58,0.81,173.8,0.0,normal
2025-10-03 04:00:00,25.21,77.03,1006.67,20.89,1.37,126.8,0.0,normal
2025-10-03 04:10:00,24.86,77.19,1006.47,20.58,1.72,194.9,0.0,normal
2025-10-03 04:20:00,24.88,77.28,1006.29,20.62,1.41,182.6,0.0,normal
2025-10-03 04:30:00,25.19,76.36,1006.35,20.72,1.63,107.0,0.0,normal
2025-10-03 04:40:00,25.37,75.01,1006.07,20.61,1.24,153.8,0.0,normal
2025-10-03 04:50:00,25.15,75.05,1006.01,20.4,1.25,114.6,0.0,normal
2025-10-03 05:00:00,25.49,75.84,1006.07,20.91,1.35,118.3,0.0,normal
2025-10-03 05:10:00,25.56,75.11,1005.7,20.82,1.89,152.2,0.0,normal
2025-10-03 05:20:00,25.71,74.31,1005.51,20.79,1.83,170.8,0.0,normal
2025-10-03 05:30:00,26.62,74.24,1005.51,21.65,1.63,158.4,0.0,normal
2025-10-03 05:40:00,26.21,71.86,1005.34,20.72,3.09,135.8,0.0,normal
2025-10-03 05:50:00,26.85,72.04,1005.09,21.38,2.52,171.4,0.0,normal
2025-10-03 06:00:00,27.14,72.63,1004.87,21.78,1.98,158.1,8.0,normal
2025-10-03 06:10:00,27.79,69.63,1005.01,21.72,2.3,140.3,26.5,normal
2025-10-03 06:20:00,27.14,67.98,1004.74,20.71,2.39,152.4,74.7,normal
2025-10-03 06:30:00,27.8,69.3,1004.53,21.65,3.49,142.4,107.2,normal
2025-10-03 06:40:00,27.87,69.72,1004.22,21.81,2.85,179.2,136.4,normal
2025-10-03 06:50:00,27.6,68.4,1004.17,21.24,2.3,143.3,198.6,normal
2025-10-03 07:00:00,28.25,65.34,1004.35,21.12,2.76,135.8,193.5,normal
2025-10-03 07:10:00,29.23,64.68,1003.88,21.88,2.77,158.1,254.3,normal
2025-10-03 07:20:00,29.47,65.37,1003.7,22.27,2.58,151.8,297.1,normal
2025-10-03 07:30:00,29.68,65.71,1003.65,22.56,2.83,114.3,342.3,normal
2025-10-03 07:40:00,29.13,63.82,1003.77,21.56,2.5,118.2,345.5,normal
2025-10-03 07:50:00,29.86,62.02,1003.68,21.78,4.05,130.0,387.0,normal
2025-10-03 08:00:00,29.5,61.13,1003.54,21.21,2.58,125.7,389.2,normal
2025-10-03 08:10:00,30.52,61.22,1003.24,22.18,2.98,162.5,455.5,normal
2025-10-03 08:20:00,30.57,61.73,1003.1,22.37,3.58,134.2,456.6,normal
2025-10-03 08:30:00,30.87,60.36,1003.29,22.28,3.48,120.8,523.3,normal
2025-10-03 08:40:00,30.65,59.9,1003.01,21.95,3.4,130.3,555.3,normal
2025-10-03 08:50:00,31.06,58.75,1003.09,22.02,4.09,125.5,563.4,normal
2025-10-03 09:00:00,31.65,57.39,1003.28,22.18,3.95,161.5,597.6,normal
2025-10-03 09:10:00,30.96,56.31,1003.1,21.23,3.34,156.1,570.1,normal
2025-10-03 09:20:00,32.49,56.36,1003.15,22.66,3.52,142.7,663.2,normal
2025-10-03 09:30:00,31.83,55.97,1003.5,21.94,3.63,140.0,696.3,normal
2025-10-03 09:40:00,32.54,54.4,1003.48,22.13,3.45,144.5,710.2,normal
2025-10-03 09:50:00,32.03,54.48,1003.37,21.68,4.2,154.7,693.8,normal
2025-10-03 10:00:00,32.68,54.95,1003.21,22.42,4.0,145.2,706.2,normal
2025-10-03 10:10:00,32.88,53.88,1003.54,22.28,4.58,160.1,779.2,normal
2025-10-03 10:20:00,33.39,52.22,1003.57,22.23,4.45,135.2,753.8,normal
2025-10-03 10:30:00,33.51,52.06,1003.78,22.3,4.14,146.0,765.8,normal
2025-10-03 10:40:00,34.05,51.87,1003.69,22.74,4.35,159.9,811.7,normal
2025-10-03 10:50:00,33.89,50.67,1003.73,22.2,4.36,142.1,816.9,normal
2025-10-03 11:00:00,34.53,50.95,1003.79,22.88,4.05,160.4,832.2,normal
2025-10-03 11:10:00,34.41,49.3,1004.31,22.23,4.3,150.4,857.5,normal
2025-10-03 11:20:00,34.49,47.84,1004.25,21.81,5.24,185.6,802.9,normal
2025-10-03 11:30:00,35.02,48.5,1004.76,22.51,4.53,178.4,846.5,normal
2025-10-03 11:40:00,35.84,49.04,1004.6,23.45,4.03,157.0,840.5,normal
2025-10-03 11:50:00,35.07,47.91,1004.9,22.35,4.54,139.2,863.0,normal
2025-10-03 12:00:00,35.11,47.33,1005.09,22.19,5.23,176.0,818.6,normal
2025-10-03 12:10:00,35.11,48.47,1005.3,22.58,5.66,158.8,859.0,normal
2025-10-03 12:20:00,35.24,47.91,1005.3,22.51,5.34,162.1,843.2,normal
2025-10-03 12:30:00,35.39,45.6,1005.22,21.83,4.26,152.1,845.1,normal
2025-10-03 12:40:00,35.5,45.78,1005.58,22.0,5.12,179.2,825.7,normal
2025-10-03 12:50:00,35.77,45.54,1005.81,22.16,4.84,168.8,835.7,normal
2025-10-03 13:00:00,35.98,46.34,1005.94,22.63,5.62,161.7,796.3,normal
2025-10-03 13:10:00,35.29,45.38,1005.93,21.66,4.81,168.2,821.8,normal
2025-10-03 13:20:00,35.67,44.49,1006.18,21.68,4.72,173.6,789.6,normal
2025-10-03 13:30:00,36.09,44.06,1006.22,21.9,4.41,151.8,758.1,normal
2025-10-03 13:40:00,35.81,44.43,1006.53,21.79,4.65,168.5,776.1,normal
2025-10-03 13:50:00,35.74,44.06,1006.5,21.59,4.5,180.6,738.9,normal
2025-10-03 14:00:00,36.08,46.02,1006.86,22.61,4.87,184.4,704.9,normal
2025-10-03 14:10:00,35.63,44.5,1006.56,21.65,4.54,187.0,704.2,normal
2025-10-03 14:20:00,35.79,45.55,1006.67,22.17,5.11,188.3,709.9,normal
2025-10-03 14:30:00,36.25,45.99,1006.86,22.75,4.51,168.4,693.8,normal
2025-10-03 14:40:00,35.96,44.5,1006.76,21.95,5.03,177.4,658.4,normal
2025-10-03 14:50:00,35.75,45.31,1006.63,22.05,4.47,189.7,615.0,normal
2025-10-03 15:00:00,35.67,44.29,1006.89,21.6,5.3,186.7,605.6,normal
2025-10-03 15:10:00,36.12,45.25,1006.6,22.36,4.97,153.3,565.4,normal
2025-10-03 15:20:00,35.72,45.35,1006.87,22.04,4.83,222.7,570.4,normal
2025-10-03 15:30:00,35.79,48.04,1006.58,23.06,4.93,197.4,532.9,normal
2025-10-03 15:40:00,35.39,48.05,1006.7,22.69,4.68,182.2,477.0,normal
2025-10-03 15:50:00,36.3,47.65,1006.39,23.39,4.01,206.2,492.2,normal
2025-10-03 16:00:00,35.77,47.41,1006.32,22.81,5.74,205.2,446.5,normal
2025-10-03 16:10:00,34.87,48.39,1006.33,22.34,4.35,202.7,403.9,normal
2025-10-03 16:20:00,35.08,47.97,1006.54,22.39,4.84,211.6,327.7,normal
2025-10-03 16:30:00,35.0,48.04,1006.37,22.33,4.0,200.7,326.3,normal
2025-10-03 16:40:00,34.1,48.76,1006.19,21.76,4.08,187.8,297.1,normal
2025-10-03 16:50:00,34.02,49.66,1006.25,21.99,4.44,198.6,293.0,normal
2025-10-03 17:00:00,34.21,48.96,1005.96,21.93,4.36,232.7,260.0,normal
2025-10-03 17:10:00,34.46,50.62,1005.73,22.71,4.61,220.4,161.3,normal
2025-10-03 17:20:00,33.29,51.11,1005.69,21.8,3.85,216.1,150.3,normal
2025-10-03 17:30:00,33.65,52.92,1005.63,22.7,3.79,212.9,114.0,normal
2025-10-03 17:40:00,33.64,52.46,1005.13,22.54,4.44,197.8,48.7,normal
2025-10-03 17:50:00,33.47,52.38,1005.0,22.36,4.33,226.9,28.1,normal
2025-10-03 18:00:00,33.08,54.73,1005.2,22.73,4.03,199.6,0.0,normal
2025-10-03 18:10:00,32.59,54.63,1005.14,22.24,4.08,184.7,0.0,normal
2025-10-03 18:20:00,33.27,55.28,1004.5,23.06,3.48,201.8,0.0,normal
2025-10-03 18:30:00,32.07,56.25,1004.23,22.25,2.92,217.0,0.0,normal
2025-10-03 18:40:00,32.18,55.93,1004.35,22.25,3.69,216.8,0.0,normal
2025-10-03 18:50:00,31.58,57.93,1004.53,22.27,3.66,224.3,0.0,normal
2025-10-03 19:00:00,31.55,58.16,1004.14,22.31,3.82,226.0,0.0,normal
2025-10-03 19:10:00,31.27,59.26,1003.93,22.36,3.39,223.3,0.0,normal
2025-10-03 19:20:00,31.5,59.64,1004.0,22.67,2.67,224.1,0.0,normal
2025-10-03 19:30:00,30.97,60.95,1003.75,22.54,3.14,239.6,0.0,normal
2025-10-03 19:40:00,30.43,62.64,1003.27,22.48,3.94,204.6,0.0,normal
2025-10-03 19:50:00,30.41,61.44,1003.58,22.15,2.56,204.0,0.0,normal
2025-10-03 20:00:00,30.02,62.33,1003.56,22.01,2.68,233.5,0.0,normal
2025-10-03 20:10:00,29.45,63.89,1003.39,21.88,2.68,216.0,0.0,normal
2025-10-03 20:20:00,29.1,64.72,1003.16,21.77,2.81,225.8,0.0,normal
2025-10-03 20:30:00,28.97,64.72,1003.18,21.64,2.27,222.9,0.0,normal
2025-10-03 20:40:00,29.04,65.85,1003.36,21.99,1.86,220.5,0.0,normal
2025-10-03 20:50:00,28.46,65.95,1003.3,21.46,3.15,214.1,0.0,normal
2025-10-03 21:00:00,27.39,66.01,1003.13,20.47,2.4,241.2,0.0,normal
2025-10-03 21:10:00,28.59,69.15,1003.09,22.37,2.52,196.9,0.0,normal
2025-10-03 21:20:00,28.19,68.23,1002.83,21.77,2.39,186.2,0.0,normal
2025-10-03 21:30:00,27.43,69.25,1003.27,21.28,2.2,208.8,0.0,normal
2025-10-03 21:40:00,27.51,68.96,1003.17,21.29,1.96,204.4,0.0,normal
2025-10-03 21:50:00,27.55,70.29,1003.53,21.64,2.15,214.0,0.0,normal
2025-10-03 22:00:00,26.85,72.69,1003.41,21.53,2.67,220.7,0.0,normal
2025-10-03 22:10:00,26.66,72.92,1003.41,21.4,1.08,219.2,0.0,normal
2025-10-03 22:20:00,26.73,72.51,1003.31,21.36,2.12,225.9,0.0,normal
2025-10-03 22:30:00,26.41,71.59,1003.65,20.85,2.46,191.7,0.0,normal
2025-10-03 22:40:00,25.98,73.72,1003.98,20.92,2.57,212.0,0.0,normal
2025-10-03 22:50:00,26.08,73.47,1003.89,20.95,1.47,206.8,0.0,normal
2025-10-03 23:00:00,25.56,76.47,1004.01,21.11,1.72,195.0,0.0,normal
2025-10-03 23:10:00,25.38,76.0,1004.28,20.83,1.77,208.1,0.0,normal
2025-10-03 23:20:00,25.27,75.7,1004.7,20.66,1.52,189.3,0.0,normal
2025-10-03 23:30:00,25.41,76.65,1004.76,21.0,1.01,221.8,0.0,normal
2025-10-03 23:40:00,24.74,76.55,1004.34,20.33,1.57,182.8,0.0,normal
2025-10-03 23:50:00,25.76,77.51,1004.73,21.52,1.64,174.1,0.0,normal
2025-10-04 00:00:00,24.63,79.28,1005.05,20.8,0.96,209.2,0.0,normal
2025-10-04 00:10:00,24.9,76.53,1005.18,20.48,1.77,185.3,0.0,normal
2025-10-04 00:20:00,24.16,78.11,1005.35,20.1,0.96,236.4,0.0,normal
2025-10-04 00:30:00,24.26,79.45,1005.33,20.47,0.9,200.9,0.0,normal
2025-10-04 00:40:00,23.76,80.2,1005.53,20.14,1.95,185.7,0.0,normal
2025-10-04 00:50:00,24.05,78.24,1005.64,20.02,0.5,181.2,0.0,normal
2025-10-04 01:00:00,24.28,79.54,1005.89,20.51,1.87,195.4,0.0,normal
2025-10-04 01:10:00,24.08,78.91,1006.07,20.19,0.63,194.4,0.0,normal
2025-10-04 01:20:00,23.68,80.21,1006.37,20.06,0.54,185.4,0.0,normal
2025-10-04 01:30:00,24.15,78.78,1006.35,20.23,0.5,171.7,0.0,normal
2025-10-04 01:40:00,23.92,77.54,1006.34,19.74,1.34,206.9,0.0,normal
2025-10-04 01:50:00,23.63,78.69,1006.29,19.7,1.83,170.3,0.0,normal
2025-10-04 02:00:00,24.26,80.81,1006.61,20.75,0.5,174.0,0.0,normal
2025-10-04 02:10:00,23.85,80.22,1006.63,20.23,0.5,179.1,0.0,normal
2025-10-04 02:20:00,24.13,80.67,1006.69,20.59,1.08,170.9,0.0,normal
2025-10-04 02:30:00,24.38,78.63,1006.61,20.42,1.31,219.9,0.0,normal
2025-10-04 02:40:00,24.08,81.26,1006.61,20.66,0.97,186.8,0.0,normal
2025-10-04 02:50:00,23.57,79.43,1006.59,19.8,0.65,154.0,0.0,normal
2025-10-04 03:00:00,23.94,78.35,1006.62,19.93,0.64,179.1,0.0,normal
2025-10-04 03:10:00,23.89,79.03,1006.87,20.03,1.4,148.2,0.0,normal
2025-10-04 03:20:00,24.43,78.43,1006.84,20.43,1.06,162.8,0.0,normal
2025-10-04 03:30:00,24.33,78.73,1006.89,20.39,0.67,169.5,0.0,normal
2025-10-04 03:40:00,24.79,79.3,1006.75,20.95,1.03,154.5,0.0,normal
2025-10-04 03:50:00,24.69,77.23,1006.74,20.43,0.9,165.1,0.0,normal
2025-10-04 04:00:00,25.37,79.13,1006.51,21.48,0.5,159.9,0.0,normal
2025-10-04 04:10:00,25.1,77.06,1006.55,20.79,1.47,181.8,0.0,normal
2025-10-04 04:20:00,24.94,76.14,1006.5,20.43,2.11,149.6,0.0,normal
2025-10-04 04:30:00,24.96,76.07,1006.07,20.45,1.49,141.0,0.0,normal
2025-10-04 04:40:00,24.87,77.35,1006.21,20.62,0.68,180.0,0.0,normal
2025-10-04 04:50:00,25.63,75.38,1005.93,20.94,1.33,161.6,0.0,normal
2025-10-04 05:00:00,25.75,75.09,1005.97,20.99,0.85,143.8,0.0,normal
2025-10-04 05:10:00,25.81,74.64,1005.59,20.96,1.6,145.1,0.0,normal
2025-10-04 05:20:00,26.14,73.78,1005.8,21.08,1.77,160.6,0.0,normal
2025-10-04 05:30:00,26.46,73.7,1005.43,21.37,2.16,148.6,0.0,normal
2025-10-04 05:40:00,26.95,72.62,1005.31,21.6,1.29,115.0,0.0,normal
2025-10-04 05:50:00,27.15,72.16,1005.24,21.69,1.86,143.3,0.0,normal
2025-10-04 06:00:00,27.24,71.39,1005.09,21.6,2.41,120.6,12.5,normal
2025-10-04 06:10:00,27.0,71.12,1005.08,21.31,2.47,161.3,22.9,normal
2025-10-04 06:20:00,27.06,69.36,1004.54,20.96,1.92,137.8,75.6,normal
2025-10-04 06:30:00,27.51,69.28,1004.42,21.37,2.9,138.2,153.5,normal
2025-10-04 06:40:00,28.12,67.71,1004.49,21.57,3.01,159.1,147.3,normal
2025-10-04 06:50:00,28.2,69.77,1004.05,22.14,3.26,149.3,176.3,normal
2025-10-04 07:00:00,28.39,65.89,1004.03,21.38,2.24,129.5,248.0,normal
2025-10-04 07:10:00,28.71,65.98,1004.02,21.71,2.45,166.6,265.7,normal
2025-10-04 07:20:00,29.05,66.11,1003.61,22.06,2.44,129.7,308.7,normal
2025-10-04 07:30:00,30.05,65.03,1003.76,22.74,2.69,136.0,325.8,normal
2025-10-04 07:40:00,29.27,64.92,1003.66,21.97,2.5,147.8,336.3,normal
2025-10-04 07:50:00,30.45,63.05,1003.47,22.61,3.49,132.1,373.8,normal
2025-10-04 08:00:00,29.66,62.71,1003.35,21.78,2.77,132.1,421.9,normal
2025-10-04 08:10:00,29.85,62.21,1003.42,21.82,1.82,134.1,481.7,normal
2025-10-04 08:20:00,30.59,60.41,1003.04,22.04,4.27,130.2,474.4,normal
2025-10-04 08:30:00,30.57,61.02,1003.22,22.18,2.86,177.8,514.0,normal
2025-10-04 08:40:00,30.85,59.07,1002.96,21.91,2.97,117.9,543.5,normal
2025-10-04 08:50:00,30.92,59.95,1003.38,22.22,4.13,140.1,595.8,normal
2025-10-04 09:00:00,31.71,59.17,1003.0,22.74,3.26,141.3,588.4,normal
2025-10-04 09:10:00,32.15,55.92,1003.04,22.22,2.72,137.6,629.0,normal
2025-10-04 09:20:00,31.76,56.91,1003.16,22.15,3.94,138.6,658.4,normal
2025-10-04 09:30:00,32.62,56.45,1003.18,22.81,3.36,141.6,697.9,normal
2025-10-04 09:40:00,32.59,53.51,1003.28,21.9,3.77,164.3,669.5,normal
2025-10-04 09:50:00,33.11,53.57,1003.25,22.4,3.77,140.1,738.6,normal
2025-10-04 10:00:00,33.3,53.72,1003.17,22.63,3.4,143.6,732.5,normal
2025-10-04 10:10:00,33.18,52.06,1003.35,21.99,3.75,159.2,736.2,normal
2025-10-04 10:20:00,33.25,53.48,1003.55,22.5,4.63,165.0,736.1,normal
2025-10-04 10:30:00,33.98,52.23,1003.68,22.79,4.35,154.6,800.5,normal
2025-10-04 10:40:00,34.28,52.63,1004.17,23.19,4.57,167.4,794.8,normal
2025-10-04 10:50:00,33.92,50.73,1003.94,22.25,4.76,178.8,837.5,normal
2025-10-04 11:00:00,34.18,50.68,1004.0,22.47,4.87,154.7,854.0,normal
2025-10-04 11:10:00,34.28,50.24,1003.95,22.42,4.61,152.5,791.7,normal
2025-10-04 11:20:00,34.53,51.33,1004.42,23.0,3.88,166.3,828.4,normal
2025-10-04 11:30:00,34.83,49.63,1004.67,22.72,4.77,138.3,841.4,normal
2025-10-04 11:40:00,35.01,47.82,1004.97,22.27,4.81,152.7,883.7,normal
2025-10-04 11:50:00,35.21,48.94,1004.72,22.84,4.8,154.9,825.1,normal
2025-10-04 12:00:00,35.03,48.34,1005.0,22.47,4.61,181.3,839.1,normal
2025-10-04 12:10:00,35.05,45.69,1004.98,21.56,5.51,189.1,859.2,normal
2025-10-04 12:20:00,35.45,46.88,1005.37,22.34,3.88,181.8,825.3,normal
2025-10-04 12:30:00,34.99,46.59,1005.07,21.82,4.94,187.3,858.1,normal
2025-10-04 12:40:00,35.72,46.38,1005.51,22.41,4.55,149.5,838.7,normal
2025-10-04 12:50:00,34.97,45.99,1005.61,21.6,4.91,143.2,833.4,normal
2025-10-04 13:00:00,35.99,46.04,1005.63,22.53,5.44,161.9,861.7,normal
2025-10-04 13:10:00,35.76,44.99,1005.79,21.95,4.58,182.3,821.7,normal
2025-10-04 13:20:00,36.33,45.92,1006.23,22.8,4.51,162.1,779.7,normal
2025-10-04 13:30:00,35.85,45.33,1006.46,22.15,5.38,163.7,800.3,normal
2025-10-04 13:40:00,36.21,45.24,1006.32,22.44,4.61,153.6,752.4,normal
2025-10-04 13:50:00,35.89,45.55,1006.48,22.26,4.88,201.2,734.4,normal
2025-10-04 14:00:00,36.13,44.63,1006.49,22.15,5.14,182.9,732.9,normal
2025-10-04 14:10:00,36.19,44.42,1006.62,22.12,5.44,203.9,715.7,normal
2025-10-04 14:20:00,36.1,44.57,1006.91,22.09,5.18,161.3,692.7,normal
2025-10-04 14:30:00,35.82,44.67,1006.82,21.88,5.18,202.1,679.4,normal
2025-10-04 14:40:00,35.84,45.71,1006.96,22.28,4.13,192.8,675.6,normal
2025-10-04 14:50:00,35.87,46.8,1006.55,22.69,5.11,196.9,603.8,normal
2025-10-04 15:00:00,35.78,46.6,1006.97,22.54,4.72,200.3,637.4,normal
2025-10-04 15:10:00,35.31,47.0,1006.7,22.26,4.85,211.1,571.5,normal
2025-10-04 15:20:00,35.61,45.48,1006.76,21.99,4.42,169.9,563.0,normal
2025-10-04 15:30:00,35.83,45.02,1006.54,22.02,4.29,208.7,519.6,normal
2025-10-04 15:40:00,35.66,46.71,1006.55,22.47,4.73,186.9,502.3,normal
2025-10-04 15:50:00,35.68,47.66,1006.84,22.82,4.52,192.6,456.3,normal
2025-10-04 16:00:00,35.24,48.09,1006.67,22.57,4.81,208.4,433.8,normal
2025-10-04 16:10:00,34.83,48.2,1006.51,22.24,4.53,220.9,360.5,normal
2025-10-04 16:20:00,35.17,48.32,1006.35,22.58,5.12,209.4,329.5,normal
2025-10-04 16:30:00,35.3,48.15,1006.63,22.65,3.82,232.6,340.2,normal
2025-10-04 16:40:00,34.36,49.35,1006.41,22.19,5.12,207.0,258.2,normal
2025-10-04 16:50:00,34.34,50.69,1005.98,22.62,3.74,172.9,262.8,normal
2025-10-04 17:00:00,33.75,49.42,1005.97,21.66,3.97,212.5,213.2,normal
2025-10-04 17:10:00,34.02,50.59,1005.49,22.29,3.85,187.5,186.2,normal
2025-10-04 17:20:00,33.87,51.32,1005.89,22.39,4.52,191.1,128.3,normal
2025-10-04 17:30:00,34.18,51.74,1005.62,22.81,3.99,227.7,119.6,normal
2025-10-04 17:40:00,33.82,53.12,1005.59,22.92,4.29,217.9,64.9,normal
2025-10-04 17:50:00,33.29,53.28,1005.23,22.47,3.91,235.2,55.7,normal
2025-10-04 18:00:00,33.23,54.05,1004.85,22.66,4.32,223.7,15.3,normal
2025-10-04 18:10:00,33.21,54.22,1004.95,22.7,4.28,211.1,0.0,normal
2025-10-04 18:20:00,33.44,55.85,1004.7,23.39,3.62,208.9,0.0,normal
2025-10-04 18:30:00,32.39,55.77,1004.4,22.39,3.79,241.9,0.0,normal
2025-10-04 18:40:00,32.27,56.0,1004.54,22.35,3.48,239.8,0.0,normal
2025-10-04 18:50:00,31.29,55.78,1004.54,21.38,3.37,215.6,0.0,normal
2025-10-04 19:00:00,31.62,56.83,1003.92,21.99,3.51,245.4,0.0,normal
2025-10-04 19:10:00,31.18,57.68,1003.89,21.83,3.38,192.6,0.0,normal
2025-10-04 19:20:00,31.34,59.89,1003.82,22.59,4.08,231.3,0.0,normal
2025-10-04 19:30:00,30.55,60.89,1003.59,22.12,3.38,227.3,0.0,normal
2025-10-04 19:40:00,31.07,61.53,1003.68,22.79,2.06,250.2,0.0,normal
2025-10-04 19:50:00,30.18,62.53,1003.37,22.21,2.9,218.0,0.0,normal
2025-10-04 20:00:00,30.3,61.27,1003.6,21.99,2.77,235.2,0.0,normal
2025-10-04 20:10:00,30.23,63.1,1003.09,22.41,2.58,253.0,0.0,normal
2025-10-04 20:20:00,29.55,64.44,1003.5,22.12,2.43,222.9,0.0,normal
2025-10-04 20:30:00,28.99,63.4,1003.06,21.32,2.76,190.7,0.0,normal
2025-10-04 20:40:00,28.79,64.4,1003.25,21.39,3.2,208.7,0.0,normal
2025-10-04 20:50:00,28.6,65.91,1003.24,21.59,3.14,240.4,0.0,normal
2025-10-04 21:00:00,28.52,65.72,1002.93,21.46,2.63,231.9,0.0,normal
2025-10-04 21:10:00,28.63,67.86,1003.19,22.09,2.63,205.5,0.0,normal
2025-10-04 21:20:00,28.09,68.75,1003.43,21.8,2.1,217.4,0.0,normal
2025-10-04 21:30:00,27.62,69.17,1003.37,21.44,3.16,188.6,0.0,normal
2025-10-04 21:40:00,27.26,69.24,1003.01,21.12,1.68,208.4,0.0,normal
2025-10-04 21:50:00,27.29,69.78,1003.32,21.27,1.84,229.8,0.0,normal
2025-10-04 22:00:00,26.83,70.77,1003.48,21.07,0.99,238.7,0.0,normal
2025-10-04 22:10:00,27.51,71.19,1003.43,21.81,2.25,214.7,0.0,normal
2025-10-04 22:20:00,26.72,71.92,1003.37,21.22,1.76,200.4,0.0,normal
2025-10-04 22:30:00,25.93,72.46,1003.91,20.58,1.72,216.8,0.0,normal
2025-10-04 22:40:00,25.71,73.22,1003.87,20.54,1.23,223.4,0.0,normal
2025-10-04 22:50:00,26.1,74.78,1004.16,21.27,1.83,200.1,0.0,normal
2025-10-04 23:00:00,25.83,75.16,1004.13,21.08,2.95,208.7,0.0,normal
2025-10-04 23:10:00,25.93,73.92,1004.35,20.91,1.13,240.0,0.0,normal
2025-10-04 23:20:00,25.07,75.79,1004.19,20.49,0.81,204.8,0.0,normal
2025-10-04 23:30:00,24.96,76.85,1004.55,20.6,1.83,205.3,0.0,normal
2025-10-04 23:40:00,25.41,76.99,1004.91,21.08,0.78,200.4,0.0,normal
2025-10-04 23:50:00,25.07,78.12,1004.66,20.98,0.85,221.0,0.0,normal
2025-10-05 00:00:00,25.28,78.26,1004.86,21.22,1.86,187.9,0.0,normal
2025-10-05 00:10:00,24.79,79.09,1005.39,20.92,1.38,195.8,0.0,normal
2025-10-05 00:20:00,24.32,78.76,1005.66,20.39,0.5,202.9,0.0,normal
2025-10-05 00:30:00,24.24,79.27,1005.57,20.41,0.94,210.3,0.0,normal
2025-10-05 00:40:00,24.5,79.41,1005.58,20.7,1.18,205.7,0.0,normal
2025-10-05 00:50:00,24.24,78.43,1005.89,20.24,1.24,199.8,0.0,normal
2025-10-05 01:00:00,24.22,79.73,1006.02,20.49,1.03,189.5,0.0,normal
2025-10-05 01:10:00,24.12,79.07,1006.27,20.25,1.06,182.5,0.0,normal
2025-10-05 01:20:00,23.68,79.01,1005.98,19.81,0.5,200.8,0.0,normal
2025-10-05 01:30:00,23.67,78.93,1006.19,19.79,0.74,195.2,0.0,normal
2025-10-05 01:40:00,24.04,81.26,1006.24,20.63,0.5,213.4,0.0,normal
2025-10-05 01:50:00,23.93,80.45,1006.42,20.35,1.5,185.2,0.0,normal
2025-10-05 02:00:00,23.57,80.36,1006.63,19.98,0.72,184.2,0.0,normal
2025-10-05 02:10:00,23.93,78.45,1006.75,19.95,1.63,181.2,0.0,normal
2025-10-05 02:20:00,24.08,80.61,1006.6,20.54,1.08,173.5,0.0,normal
2025-10-05 02:30:00,24.72,79.51,1007.07,20.93,1.31,185.4,0.0,normal
2025-10-05 02:40:00,24.0,80.48,1006.83,20.43,0.78,171.3,0.0,normal
2025-10-05 02:50:00,24.02,80.76,1006.84,20.5,1.07,167.5,0.0,normal
2025-10-05 03:00:00,24.43,78.81,1006.81,20.51,1.46,156.9,0.0,normal
2025-10-05 03:10:00,24.23,79.01,1006.59,20.35,0.95,154.3,0.0,normal
2025-10-05 03:20:00,24.62,79.23,1006.88,20.77,1.14,162.9,0.0,normal
2025-10-05 03:30:00,24.68,78.21,1006.46,20.62,1.21,137.5,0.0,normal
2025-10-05 03:40:00,24.13,79.09,1006.82,20.27,0.5,154.7,0.0,normal
2025-10-05 03:50:00,24.86,79.55,1006.62,21.07,1.22,129.2,0.0,normal
2025-10-05 04:00:00,24.7,77.89,1006.43,20.58,1.93,138.2,0.0,normal
2025-10-05 04:10:00,25.1,78.21,1006.47,21.03,1.6,145.2,0.0,normal
2025-10-05 04:20:00,25.1,76.68,1006.36,20.71,1.55,167.2,0.0,normal
2025-10-05 04:30:00,24.68,75.77,1006.54,20.11,1.97,171.4,0.0,normal
2025-10-05 04:40:00,25.43,75.17,1006.05,20.7,2.01,143.6,0.0,normal
2025-10-05 04:50:00,25.1,75.3,1006.04,20.42,2.07,135.1,0.0,normal
2025-10-05 05:00:00,25.51,74.27,1006.0,20.59,2.09,150.7,0.0,normal
2025-10-05 05:10:00,25.66,74.78,1005.75,20.84,2.29,158.5,0.0,normal
2025-10-05 05:20:00,26.15,74.94,1005.71,21.35,1.76,159.2,0.0,normal
2025-10-05 05:30:00,26.46,72.06,1005.5,21.01,2.22,160.3,0.0,normal
2025-10-05 05:40:00,26.98,71.34,1005.44,21.34,2.15,148.4,0.0,normal
2025-10-05 05:50:00,27.08,70.3,1005.33,21.19,1.43,155.7,0.0,normal
2025-10-05 06:00:00,26.9,72.04,1005.18,21.43,1.96,139.9,0.0,normal
2025-10-05 06:10:00,27.12,70.28,1005.17,21.23,2.19,134.3,44.6,normal
2025-10-05 06:20:00,27.4,69.59,1004.73,21.33,1.96,174.9,60.7,normal
2025-10-05 06:30:00,27.82,66.84,1004.59,21.08,2.59,130.7,119.5,normal
2025-10-05 06:40:00,27.59,69.41,1004.32,21.48,1.79,152.7,184.5,normal
2025-10-05 06:50:00,28.56,66.27,1004.27,21.64,1.86,159.0,197.2,normal
2025-10-05 07:00:00,28.27,67.79,1003.88,21.73,3.94,159.7,211.0,normal
2025-10-05 07:10:00,28.42,67.51,1004.16,21.81,2.5,155.7,278.6,normal
2025-10-05 07:20:00,28.96,65.15,1003.69,21.74,2.45,134.5,281.2,normal
2025-10-05 07:30:00,29.02,64.74,1003.51,21.69,3.22,101.1,342.1,normal
2025-10-05 07:40:00,29.63,62.68,1003.51,21.73,3.34,136.9,355.6,normal
2025-10-05 07:50:00,29.87,62.64,1003.6,21.96,2.85,142.4,392.1,normal
2025-10-05 08:00:00,30.2,63.11,1003.33,22.38,3.44,157.5,456.9,normal
2025-10-05 08:10:00,30.21,62.58,1003.24,22.26,2.04,128.9,457.2,normal
2025-10-05 08:20:00,30.39,61.23,1003.47,22.07,2.95,162.8,497.8,normal
2025-10-05 08:30:00,30.48,60.49,1003.4,21.95,3.34,156.5,501.3,normal
2025-10-05 08:40:00,31.31,60.16,1003.39,22.64,3.19,137.3,571.2,normal
2025-10-05 08:50:00,31.1,57.27,1003.36,21.63,2.28,148.7,578.4,normal
2025-10-05 09:00:00,31.09,57.7,1003.34,21.75,3.0,141.1,586.9,normal
2025-10-05 09:10:00,31.66,57.67,1003.43,22.27,3.34,136.8,645.9,normal
2025-10-05 09:20:00,31.99,56.33,1003.21,22.19,3.27,147.3,671.4,normal
2025-10-05 09:30:00,32.16,56.17,1003.29,22.3,3.65,136.8,694.5,normal
2025-10-05 09:40:00,32.68,53.52,1003.34,21.98,3.86,169.5,733.0,normal
2025-10-05 09:50:00,32.3,54.84,1003.43,22.04,3.38,116.5,718.9,normal
2025-10-05 10:00:00,32.97,53.9,1003.39,22.37,3.73,128.2,766.6,normal
2025-10-05 10:10:00,33.08,53.29,1003.67,22.29,4.3,159.9,753.6,normal
2025-10-05 10:20:00,33.12,54.24,1003.66,22.61,4.61,139.8,770.0,normal
2025-10-05 10:30:00,33.63,51.55,1003.61,22.25,3.79,148.4,806.6,normal
2025-10-05 10:40:00,33.88,51.53,1003.85,22.47,3.83,131.0,769.9,normal
2025-10-05 10:50:00,33.94,51.29,1003.8,22.44,4.39,148.8,796.3,normal
2025-10-05 11:00:00,33.87,50.44,1004.41,22.11,3.44,135.2,820.7,normal
2025-10-05 11:10:00,34.35,49.03,1004.32,22.08,4.07,147.2,816.1,normal
2025-10-05 11:20:00,34.71,49.04,1004.26,22.41,4.6,164.4,844.3,normal
2025-10-05 11:30:00,35.11,48.83,1004.56,22.7,4.04,130.7,881.9,normal
2025-10-05 11:40:00,34.66,47.66,1004.57,21.9,4.01,135.6,877.4,normal
2025-10-05 11:50:00,35.0,48.58,1004.51,22.52,5.46,144.4,856.0,normal
2025-10-05 12:00:00,35.15,45.98,1005.05,21.75,5.27,166.8,878.0,normal
2025-10-05 12:10:00,35.32,46.29,1005.25,22.01,4.52,174.5,840.9,normal
2025-10-05 12:20:00,35.58,46.3,1005.33,22.25,4.77,156.1,842.9,normal
2025-10-05 12:30:00,35.62,45.28,1005.41,21.92,4.82,153.6,817.2,normal
2025-10-05 12:40:00,35.71,47.47,1005.77,22.78,6.13,178.7,841.3,normal
2025-10-05 12:50:00,35.88,44.24,1005.51,21.78,5.75,190.0,774.8,normal
2025-10-05 13:00:00,35.72,45.91,1005.95,22.24,4.49,173.9,879.5,normal
2025-10-05 13:10:00,35.81,45.64,1005.8,22.23,4.28,158.1,780.0,normal
2025-10-05 13:20:00,35.93,44.95,1006.14,22.08,4.98,168.7,825.6,normal
2025-10-05 13:30:00,36.4,46.0,1006.38,22.89,3.93,170.3,770.0,normal
2025-10-05 13:40:00,36.36,46.11,1006.63,22.89,5.24,167.3,758.5,normal
2025-10-05 13:50:00,35.66,45.06,1006.23,21.88,5.99,193.4,763.9,normal
2025-10-05 14:00:00,36.12,44.6,1006.33,22.12,4.82,189.7,754.4,normal
2025-10-05 14:10:00,35.88,45.42,1006.46,22.21,5.16,205.5,740.4,normal
2025-10-05 14:20:00,35.8,44.81,1006.74,21.91,5.23,184.5,693.9,normal
2025-10-05 14:30:00,35.91,46.23,1006.8,22.52,5.12,152.9,658.0,normal
2025-10-05 14:40:00,35.44,45.93,1006.73,21.99,5.42,214.5,643.5,normal
2025-10-05 14:50:00,36.29,44.55,1006.78,22.27,5.41,219.2,636.8,normal
2025-10-05 15:00:00,36.06,45.67,1006.86,22.46,4.9,182.1,642.6,normal
2025-10-05 15:10:00,35.61,46.31,1006.68,22.29,5.14,190.1,573.1,normal
2025-10-05 15:20:00,35.61,45.27,1006.88,21.91,5.74,200.7,543.2,normal
2025-10-05 15:30:00,35.59,47.19,1006.74,22.58,4.51,176.4,495.4,normal
2025-10-05 15:40:00,35.52,46.67,1006.35,22.33,4.89,192.6,499.6,normal
2025-10-05 15:50:00,35.18,46.11,1006.7,21.83,4.83,200.5,485.7,normal
2025-10-05 16:00:00,35.42,48.3,1006.31,22.81,4.72,198.6,432.8,normal
2025-10-05 16:10:00,34.84,48.97,1006.41,22.51,5.49,201.9,381.5,normal
2025-10-05 16:20:00,35.1,47.87,1006.46,22.37,4.84,192.2,314.4,normal
2025-10-05 16:30:00,34.74,48.91,1006.05,22.4,5.2,214.0,296.9,normal
2025-10-05 16:40:00,34.82,49.68,1006.06,22.73,5.44,213.6,272.5,normal
2025-10-05 16:50:00,34.53,48.7,1005.97,22.14,4.86,174.1,291.4,normal
2025-10-05 17:00:00,34.24,49.6,1005.97,22.17,4.57,214.5,202.7,normal
2025-10-05 17:10:00,34.03,48.97,1005.92,21.77,4.54,191.1,175.5,normal
2025-10-05 17:20:00,33.62,52.51,1005.77,22.54,4.13,232.8,165.4,normal
2025-10-05 17:30:00,33.66,52.59,1005.62,22.6,4.88,220.9,91.8,normal
2025-10-05 17:40:00,33.28,52.03,1005.17,22.08,3.8,212.9,54.5,normal
2025-10-05 17:50:00,32.81,53.84,1004.96,22.21,3.78,222.3,18.8,normal
2025-10-05 18:00:00,32.39,53.79,1004.61,21.81,3.97,188.7,8.1,normal
2025-10-05 18:10:00,32.33,54.82,1004.7,22.06,4.65,201.3,0.0,normal
2025-10-05 18:20:00,33.3,53.91,1004.61,22.68,4.17,195.6,0.0,normal
2025-10-05 18:30:00,32.14,56.56,1004.56,22.4,3.68,198.7,0.0,normal
2025-10-05 18:40:00,32.33,56.16,1004.45,22.46,3.44,199.6,0.0,normal
2025-10-05 18:50:00,32.24,57.11,1004.4,22.65,2.86,225.1,0.0,normal
2025-10-05 19:00:00,31.2,58.82,1003.83,22.16,3.49,192.8,0.0,normal
2025-10-05 19:10:00,30.7,57.68,1004.15,21.38,3.86,221.0,0.0,normal
2025-10-05 19:20:00,30.77,59.29,1003.7,21.89,4.3,223.9,0.0,normal
2025-10-05 19:30:00,30.48,60.62,1003.94,21.98,3.01,218.9,0.0,normal
2025-10-05 19:40:00,30.67,61.1,1003.64,22.3,3.15,203.8,0.0,normal
2025-10-05 19:50:00,30.55,62.61,1003.55,22.58,3.0,255.5,0.0,normal
2025-10-05 20:00:00,29.6,61.66,1003.61,21.44,3.06,220.3,0.0,normal
2025-10-05 20:10:00,29.26,64.34,1003.26,21.82,2.29,247.1,0.0,normal
2025-10-05 20:20:00,29.6,63.67,1003.26,21.97,2.75,222.8,0.0,normal
2025-10-05 20:30:00,29.35,64.9,1003.11,22.05,1.82,189.8,0.0,normal
2025-10-05 20:40:00,29.03,65.64,1003.66,21.93,2.4,189.1,0.0,normal
2025-10-05 20:50:00,28.37,64.81,1003.01,21.1,2.25,216.9,0.0,normal
2025-10-05 21:00:00,28.15,66.23,1003.1,21.24,2.33,194.6,0.0,normal
2025-10-05 21:10:00,28.11,67.46,1003.47,21.51,2.65,201.0,0.0,normal
2025-10-05 21:20:00,27.83,66.78,1003.58,21.07,2.56,185.4,0.0,normal
2025-10-05 21:30:00,27.93,69.88,1002.87,21.91,2.25,221.4,0.0,normal
2025-10-05 21:40:00,28.13,69.76,1003.55,22.07,3.49,221.1,0.0,normal
2025-10-05 21:50:00,27.77,70.24,1003.39,21.84,2.13,187.8,0.0,normal
2025-10-05 22:00:00,26.94,70.96,1003.46,21.22,2.15,212.9,0.0,normal
2025-10-05 22:10:00,26.78,71.87,1003.49,21.27,1.94,216.2,0.0,normal
2025-10-05 22:20:00,26.38,71.86,1003.26,20.88,2.38,219.7,0.0,normal
2025-10-05 22:30:00,26.26,71.92,1003.66,20.78,1.43,207.7,0.0,normal
2025-10-05 22:40:00,26.62,72.34,1003.73,21.22,0.69,206.7,0.0,normal
2025-10-05 22:50:00,26.02,74.79,1003.89,21.19,1.57,207.8,0.0,normal
2025-10-05 23:00:00,25.88,75.41,1004.13,21.19,1.47,216.5,0.0,normal
2025-10-05 23:10:00,25.7,76.3,1004.2,21.21,2.92,202.2,0.0,normal
2025-10-05 23:20:00,25.12,75.1,1004.29,20.39,1.22,233.0,0.0,normal
2025-10-05 23:30:00,25.38,76.17,1004.5,20.87,1.58,223.8,0.0,normal
2025-10-05 23:40:00,24.14,77.63,1004.77,19.98,2.07,200.0,0.0,normal
2025-10-05 23:50:00,24.98,76.69,1004.75,20.6,0.84,199.0,0.0,normal
2025-10-06 00:00:00,24.94,77.37,1004.92,20.7,0.52,190.4,0.0,normal
2025-10-06 00:10:00,24.33,77.76,1005.11,20.19,1.01,163.1,0.0,normal
2025-10-06 00:20:00,24.44,78.11,1005.32,20.37,1.47,188.1,0.0,normal
2025-10-06 00:30:00,24.02,78.29,1005.5,20.0,0.95,202.7,0.0,normal
2025-10-06 00:40:00,24.05,79.58,1005.52,20.3,0.59,180.5,0.0,normal
2025-10-06 00:50:00,24.11,80.24,1005.55,20.48,1.2,177.3,0.0,normal
2025-10-06 01:00:00,24.21,79.96,1005.77,20.52,1.14,175.3,0.0,normal
2025-10-06 01:10:00,24.41,79.73,1005.94,20.67,1.29,188.1,0.0,normal
2025-10-06 01:20:00,24.18,79.94,1006.21,20.49,1.63,165.7,0.0,normal
2025-10-06 01:30:00,24.69,79.45,1006.33,20.89,0.71,192.7,0.0,normal
2025-10-06 01:40:00,24.29,81.3,1006.45,20.87,0.75,202.5,0.0,normal
2025-10-06 01:50:00,24.11,79.23,1006.26,20.28,1.27,183.1,0.0,normal
2025-10-06 02:00:00,24.04,79.74,1006.58,20.32,1.74,180.3,0.0,normal
2025-10-06 02:10:00,23.65,80.46,1006.71,20.08,0.5,184.1,0.0,normal
2025-10-06 02:20:00,23.83,80.11,1006.49,20.19,0.85,172.3,0.0,normal
2025-10-06 02:30:00,24.62,78.17,1006.83,20.56,0.5,174.6,0.0,normal
2025-10-06 02:40:00,23.68,78.29,1006.75,19.67,0.5,169.8,0.0,normal
2025-10-06 02:50:00,24.36,79.81,1006.97,20.64,0.5,155.8,0.0,normal
2025-10-06 03:00:00,23.87,79.63,1006.63,20.13,0.5,184.9,0.0,normal
2025-10-06 03:10:00,24.35,80.99,1006.65,20.87,0.83,192.9,0.0,normal
2025-10-06 03:20:00,24.57,79.94,1006.47,20.87,1.41,164.8,0.0,normal
2025-10-06 03:30:00,24.78,76.89,1006.63,20.44,1.07,150.5,0.0,normal
2025-10-06 03:40:00,25.02,79.59,1006.53,21.23,0.62,161.7,0.0,normal
2025-10-06 03:50:00,24.7,78.76,1006.59,20.75,1.13,178.4,0.0,normal
2025-10-06 04:00:00,25.32,78.32,1006.62,21.27,0.5,176.6,0.0,normal
2025-10-06 04:10:00,25.33,76.85,1006.87,20.97,1.63,121.5,0.0,normal
2025-10-06 04:20:00,25.1,78.18,1006.36,21.03,1.91,147.8,0.0,normal
2025-10-06 04:30:00,24.9,76.07,1006.15,20.39,2.18,168.4,0.0,normal
2025-10-06 04:40:00,25.81,75.34,1005.85,21.11,1.21,154.5,0.0,normal
2025-10-06 04:50:00,25.78,76.16,1006.02,21.25,0.91,161.1,0.0,normal
2025-10-06 05:00:00,25.78,75.64,1005.75,21.14,1.4,131.3,0.0,normal
2025-10-06 05:10:00,26.04,74.75,1005.87,21.2,2.47,142.3,0.0,normal
2025-10-06 05:20:00,25.74,73.0,1005.39,20.52,1.64,174.3,0.0,normal
2025-10-06 05:30:00,26.04,74.11,1005.49,21.06,2.16,142.3,0.0,normal
2025-10-06 05:40:00,26.47,71.92,1005.29,20.99,1.75,158.5,0.0,normal
2025-10-06 05:50:00,26.97,71.8,1005.09,21.43,0.91,194.1,0.0,normal
2025-10-06 06:00:00,27.2,70.61,1005.01,21.38,1.81,173.5,0.0,normal
2025-10-06 06:10:00,27.63,70.26,1004.96,21.71,2.31,146.8,21.5,normal
2025-10-06 06:20:00,27.89,70.25,1004.73,21.96,1.79,166.1,69.7,normal
2025-10-06 06:30:00,27.87,68.41,1004.36,21.51,2.01,126.8,119.9,normal
2025-10-06 06:40:00,27.88,68.38,1004.44,21.51,2.8,131.2,150.8,normal
2025-10-06 06:50:00,27.92,67.94,1004.22,21.44,2.91,104.1,144.0,normal
2025-10-06 07:00:00,28.22,67.68,1004.3,21.66,1.99,127.0,210.8,normal
2025-10-06 07:10:00,28.18,66.32,1003.79,21.29,2.6,130.3,249.5,normal
2025-10-06 07:20:00,28.95,66.58,1003.62,22.08,2.0,140.0,275.6,normal
2025-10-06 07:30:00,29.18,65.4,1003.94,22.0,3.04,142.5,355.5,normal
2025-10-06 07:40:00,29.94,63.08,1003.69,22.13,2.74,153.5,342.6,normal
2025-10-06 07:50:00,29.27,63.51,1003.68,21.61,2.74,153.9,389.7,normal
2025-10-06 08:00:00,30.05,63.1,1003.55,22.24,2.64,133.9,453.5,normal
2025-10-06 08:10:00,29.55,61.8,1003.36,21.43,1.9,133.0,459.9,normal
2025-10-06 08:20:00,30.03,60.96,1003.22,21.66,2.74,132.5,454.6,normal
2025-10-06 08:30:00,31.02,60.59,1003.3,22.49,3.33,134.9,502.9,normal
2025-10-06 08:40:00,30.84,60.06,1003.05,22.17,3.74,138.2,495.4,normal
2025-10-06 08:50:00,31.05,59.1,1003.28,22.11,3.23,131.4,569.7,normal
2025-10-06 09:00:00,31.72,57.55,1003.37,22.29,3.86,129.9,591.3,normal
2025-10-06 09:10:00,31.71,56.43,1003.31,21.96,4.09,142.6,637.3,normal
2025-10-06 09:20:00,31.72,56.83,1003.28,22.09,3.8,128.5,679.6,normal
2025-10-06 09:30:00,32.07,55.39,1003.25,21.99,4.55,153.8,682.3,normal
2025-10-06 09:40:00,32.8,55.15,1003.22,22.59,3.45,145.5,667.7,normal
2025-10-06 09:50:00,33.04,55.17,1003.16,22.82,3.82,121.0,709.5,normal
2025-10-06 10:00:00,33.12,52.89,1003.61,22.2,3.94,124.6,742.9,normal
2025-10-06 10:10:00,33.05,53.53,1003.07,22.33,3.63,142.9,730.7,normal
2025-10-06 10:20:00,33.87,51.54,1003.72,22.46,3.2,154.7,778.0,normal
2025-10-06 10:30:00,34.01,52.14,1003.68,22.78,3.62,128.1,784.3,normal
2025-10-06 10:40:00,33.72,50.77,1004.01,22.08,4.5,168.3,796.4,normal
2025-10-06 10:50:00,34.3,51.22,1003.85,22.75,5.17,163.4,814.4,normal
2025-10-06 11:00:00,34.02,50.36,1004.24,22.22,4.24,144.6,827.1,normal
2025-10-06 11:10:00,34.76,48.43,1004.23,22.25,4.67,148.0,812.8,normal
2025-10-06 11:20:00,34.94,48.76,1004.34,22.53,4.1,141.5,847.3,normal
2025-10-06 11:30:00,35.24,49.26,1004.35,22.97,5.19,156.8,843.5,normal
2025-10-06 11:40:00,35.2,48.66,1004.79,22.73,4.58,164.5,820.0,normal
2025-10-06 11:50:00,34.87,47.62,1004.74,22.07,3.57,153.1,857.0,normal
2025-10-06 12:00:00,34.99,46.72,1004.97,21.86,5.27,143.4,808.3,normal
2025-10-06 12:10:00,35.43,47.4,1005.13,22.5,5.02,153.6,877.0,normal
2025-10-06 12:20:00,35.9,46.28,1005.47,22.53,5.0,197.0,850.2,normal
2025-10-06 12:30:00,35.4,46.22,1005.41,22.06,4.23,161.7,826.9,normal
2025-10-06 12:40:00,35.52,45.55,1005.73,21.93,4.76,159.5,837.0,normal
2025-10-06 12:50:00,35.93,45.91,1005.82,22.43,4.14,167.7,832.4,normal
2025-10-06 13:00:00,35.9,45.8,1005.8,22.36,5.0,166.8,839.5,normal
2025-10-06 13:10:00,36.36,45.25,1005.97,22.58,4.91,168.1,807.8,normal
2025-10-06 13:20:00,36.04,44.91,1006.02,22.17,4.57,139.8,769.1,normal
2025-10-06 13:30:00,35.74,43.77,1006.2,21.48,4.91,160.3,807.2,normal
2025-10-06 13:40:00,35.96,45.59,1006.34,22.34,4.05,145.0,780.6,normal
2025-10-06 13:50:00,35.9,44.97,1006.62,22.06,4.61,165.6,747.3,normal
2025-10-06 14:00:00,35.72,45.02,1006.39,21.92,5.23,178.4,752.7,normal
2025-10-06 14:10:00,35.89,46.14,1006.71,22.48,5.54,183.5,706.4,normal
2025-10-06 14:20:00,36.07,46.1,1006.73,22.63,4.87,190.4,716.2,normal
2025-10-06 14:30:00,35.99,45.86,1006.61,22.46,5.43,204.4,678.3,normal
2025-10-06 14:40:00,35.67,45.36,1006.88,22.0,5.21,183.3,670.1,normal
2025-10-06 14:50:00,35.72,45.41,1006.58,22.06,4.36,193.7,635.7,normal
2025-10-06 15:00:00,36.36,44.77,1006.69,22.4,4.24,204.1,618.4,normal
2025-10-06 15:10:00,35.71,45.89,1006.56,22.22,4.11,207.7,577.5,normal
2025-10-06 15:20:00,35.49,47.93,1006.75,22.74,4.94,200.8,533.4,normal
2025-10-06 15:30:00,36.02,46.53,1006.67,22.73,4.94,178.5,548.2,normal
2025-10-06 15:40:00,35.67,46.76,1006.87,22.5,5.49,195.5,473.2,normal
2025-10-06 15:50:00,35.26,45.8,1006.73,21.79,4.99,215.6,477.4,normal
2025-10-06 16:00:00,35.36,46.89,1006.28,22.27,4.96,204.9,445.0,normal
2025-10-06 16:10:00,34.63,46.57,1006.59,21.49,4.65,196.1,410.1,normal
2025-10-06 16:20:00,34.78,47.04,1006.38,21.79,5.09,232.9,352.0,normal
2025-10-06 16:30:00,34.65,48.41,1006.38,22.14,4.78,214.0,300.9,normal
2025-10-06 16:40:00,34.49,48.27,1006.18,21.95,4.46,232.6,272.1,normal
2025-10-06 16:50:00,34.4,49.36,1006.11,22.24,4.11,217.3,266.1,normal
2025-10-06 17:00:00,34.56,48.91,1005.8,22.23,3.72,213.9,256.4,normal
2025-10-06 17:10:00,33.81,51.56,1006.03,22.41,4.66,223.1,157.6,normal
2025-10-06 17:20:00,34.08,50.96,1005.49,22.47,4.67,172.4,139.3,normal
2025-10-06 17:30:00,34.1,51.96,1005.31,22.81,4.34,215.6,100.2,normal
2025-10-06 17:40:00,33.59,53.51,1005.27,22.82,3.05,218.9,85.0,normal
2025-10-06 17:50:00,32.99,52.77,1005.09,22.04,3.77,193.6,23.4,normal
2025-10-06 18:00:00,32.66,54.09,1004.79,22.15,4.21,242.6,27.0,normal
2025-10-06 18:10:00,32.58,54.38,1004.96,22.16,3.52,248.2,0.0,normal
2025-10-06 18:20:00,32.52,54.79,1004.67,22.22,4.44,236.2,0.0,normal
2025-10-06 18:30:00,32.47,56.53,1004.55,22.69,4.14,216.1,0.0,normal
2025-10-06 18:40:00,32.23,56.89,1004.49,22.58,4.43,224.3,0.0,normal
2025-10-06 18:50:00,31.94,58.01,1004.4,22.63,3.28,210.3,0.0,normal
2025-10-06 19:00:00,31.65,57.31,1004.0,22.16,3.26,237.0,0.0,normal
2025-10-06 19:10:00,31.31,58.66,1003.97,22.23,3.18,235.4,0.0,normal
2025-10-06 19:20:00,31.07,60.1,1004.05,22.39,3.11,242.2,0.0,normal
2025-10-06 19:30:00,30.29,60.45,1003.8,21.77,2.7,228.0,0.0,normal
2025-10-06 19:40:00,30.25,60.74,1003.53,21.8,3.21,219.0,0.0,normal
2025-10-06 19:50:00,30.86,61.45,1003.56,22.57,2.11,243.6,0.0,normal
2025-10-06 20:00:00,30.03,61.21,1003.55,21.73,3.28,215.5,0.0,normal
2025-10-06 20:10:00,29.27,63.4,1003.44,21.59,3.22,221.3,0.0,normal
2025-10-06 20:20:00,29.51,64.68,1003.57,22.14,3.83,221.4,0.0,normal
2025-10-06 20:30:00,29.18,65.45,1003.21,22.03,2.69,223.8,0.0,normal
2025-10-06 20:40:00,28.71,66.46,1003.12,21.83,2.77,225.1,0.0,normal
2025-10-06 20:50:00,28.49,65.37,1003.29,21.35,2.73,239.1,0.0,normal
2025-10-06 21:00:00,28.62,67.38,1003.2,21.96,2.52,210.6,0.0,normal
2025-10-06 21:10:00,28.71,68.29,1003.16,22.28,2.89,213.3,0.0,normal
2025-10-06 21:20:00,28.65,67.68,1003.19,22.07,0.5,215.1,0.0,normal
2025-10-06 21:30:00,27.78,70.3,1003.24,21.86,2.31,220.7,0.0,normal
2025-10-06 21:40:00,27.21,69.98,1003.15,21.25,2.37,218.5,0.0,normal
2025-10-06 21:50:00,27.08,69.8,1003.03,21.07,3.21,191.8,0.0,normal
2025-10-06 22:00:00,27.34,71.1,1003.48,21.63,2.25,198.5,0.0,normal
2025-10-06 22:10:00,26.55,71.87,1003.49,21.05,2.13,237.8,0.0,normal
2025-10-06 22:20:00,26.74,72.63,1003.63,21.4,1.36,213.4,0.0,normal
2025-10-06 22:30:00,26.41,74.59,1003.57,21.52,1.72,221.3,0.0,normal
2025-10-06 22:40:00,26.62,72.59,1003.8,21.28,1.74,208.9,0.0,normal
2025-10-06 22:50:00,25.43,74.42,1004.12,20.54,1.16,192.1,0.0,normal
2025-10-06 23:00:00,25.94,73.9,1004.21,20.91,1.7,178.2,0.0,normal
2025-10-06 23:10:00,25.89,75.07,1004.26,21.13,2.19,254.0,0.0,normal
2025-10-06 23:20:00,25.79,76.6,1004.31,21.36,1.72,221.7,0.0,normal
2025-10-06 23:30:00,25.48,76.27,1004.29,20.99,2.2,215.7,0.0,normal
2025-10-06 23:40:00,25.06,76.77,1004.69,20.69,1.71,179.5,0.0,normal
2025-10-06 23:50:00,24.75,77.77,1004.75,20.59,1.7,190.6,0.0,normal
2025-10-07 00:00:00,24.76,77.7,1004.77,20.6,0.5,204.3,0.0,normal
2025-10-07 00:10:00,24.82,78.26,1005.26,20.77,0.5,207.7,0.0,normal
2025-10-07 00:20:00,24.23,78.07,1005.36,20.16,1.65,221.4,0.0,normal
2025-10-07 00:30:00,24.15,78.03,1005.68,20.07,1.34,197.6,0.0,normal
2025-10-07 00:40:00,23.57,79.48,1005.45,19.8,0.7,179.8,0.0,normal
2025-10-07 00:50:00,24.4,78.18,1005.8,20.34,0.62,169.1,0.0,normal
2025-10-07 01:00:00,24.11,79.98,1005.82,20.43,0.77,194.4,0.0,normal
2025-10-07 01:10:00,23.92,80.62,1006.04,20.38,0.55,199.3,0.0,normal
2025-10-07 01:20:00,24.07,80.43,1006.19,20.48,0.5,192.3,0.0,normal
2025-10-07 01:30:00,24.33,80.44,1006.41,20.74,0.66,190.3,0.0,normal
2025-10-07 01:40:00,24.29,80.01,1006.55,20.61,1.04,172.7,0.0,normal
2025-10-07 01:50:00,24.02,80.95,1006.65,20.54,0.72,145.9,0.0,normal
2025-10-07 02:00:00,24.22,80.3,1006.84,20.6,0.5,164.5,0.0,normal
2025-10-07 02:10:00,24.11,79.78,1006.51,20.39,0.5,169.8,0.0,normal
2025-10-07 02:20:00,23.21,80.4,1006.6,19.64,0.88,149.4,0.0,normal
2025-10-07 02:30:00,23.73,79.59,1006.65,19.98,0.74,186.8,0.0,normal
2025-10-07 02:40:00,23.79,78.44,1006.64,19.8,1.7,203.4,0.0,normal
2025-10-07 02:50:00,24.07,80.92,1006.6,20.58,1.83,170.9,0.0,normal
2025-10-07 03:00:00,24.03,80.59,1006.73,20.48,1.25,175.3,0.0,normal
2025-10-07 03:10:00,24.6,79.2,1006.76,20.75,1.53,145.7,0.0,normal
2025-10-07 03:20:00,24.77,78.94,1006.74,20.86,0.5,154.8,0.0,normal
2025-10-07 03:30:00,24.12,77.46,1006.71,19.93,0.7,165.9,0.0,normal
2025-10-07 03:40:00,24.99,78.39,1006.73,20.96,0.5,150.4,0.0,normal
2025-10-07 03:50:00,25.03,77.34,1006.67,20.77,1.39,160.2,0.0,normal
2025-10-07 04:00:00,24.64,76.09,1006.45,20.14,0.84,175.5,0.0,normal
2025-10-07 04:10:00,25.05,76.94,1006.33,20.72,1.73,162.8,0.0,normal
2025-10-07 04:20:00,24.88,76.33,1006.26,20.42,1.62,167.4,0.0,normal
2025-10-07 04:30:00,25.41,76.92,1006.22,21.06,0.5,151.9,0.0,normal
2025-10-07 04:40:00,25.9,75.25,1006.15,21.17,1.15,117.3,0.0,normal
2025-10-07 04:50:00,25.59,75.65,1006.17,20.96,2.05,151.6,0.0,normal
2025-10-07 05:00:00,25.28,75.43,1005.68,20.61,1.39,140.2,0.0,normal
2025-10-07 05:10:00,26.06,73.69,1005.86,20.99,1.71,147.4,0.0,normal
2025-10-07 05:20:00,26.07,73.6,1005.65,20.97,1.57,173.2,0.0,normal
2025-10-07 05:30:00,26.47,73.12,1005.31,21.25,1.88,153.7,0.0,normal
2025-10-07 05:40:00,26.59,72.08,1005.09,21.13,3.14,145.7,0.0,normal
2025-10-07 05:50:00,27.13,72.4,1005.14,21.72,1.06,112.0,0.0,normal
2025-10-07 06:00:00,27.32,71.87,1005.12,21.78,1.84,119.2,13.7,normal
2025-10-07 06:10:00,27.34,68.97,1004.95,21.13,1.48,133.7,31.5,normal
2025-10-07 06:20:00,27.74,70.8,1004.71,21.94,1.94,145.5,62.5,normal
2025-10-07 06:30:00,27.64,69.31,1004.81,21.5,2.85,148.3,97.4,normal
2025-10-07 06:40:00,27.55,68.3,1004.42,21.17,1.75,130.6,155.7,normal
2025-10-07 06:50:00,27.8,67.85,1004.38,21.31,1.98,137.1,170.1,normal
2025-10-07 07:00:00,28.9,68.43,1004.16,22.49,1.96,111.2,205.1,normal
2025-10-07 07:10:00,28.58,66.77,1004.02,21.78,2.74,177.4,287.8,normal
2025-10-07 07:20:00,28.55,64.31,1003.64,21.13,3.04,154.6,270.6,normal
2025-10-07 07:30:00,29.4,64.87,1003.81,22.08,3.4,117.5,291.4,normal
2025-10-07 07:40:00,29.56,64.45,1003.64,22.13,3.78,155.0,413.1,normal
2025-10-07 07:50:00,30.01,62.66,1003.6,22.09,2.73,142.8,360.7,normal
2025-10-07 08:00:00,30.3,62.73,1003.37,22.38,2.48,142.0,388.1,normal
2025-10-07 08:10:00,30.25,60.96,1003.43,21.86,3.6,131.1,485.3,normal
2025-10-07 08:20:00,30.52,61.07,1003.47,22.15,4.35,151.2,495.8,normal
2025-10-07 08:30:00,30.61,61.61,1003.23,22.38,3.72,144.4,536.6,normal
2025-10-07 08:40:00,31.03,59.84,1002.98,22.29,3.52,126.9,575.1,normal
2025-10-07 08:50:00,30.96,59.63,1003.38,22.16,2.85,146.3,567.3,normal
2025-10-07 09:00:00,31.53,56.46,1003.27,21.8,3.86,140.0,592.8,normal
2025-10-07 09:10:00,32.0,56.61,1003.02,22.28,3.9,159.9,662.5,normal
2025-10-07 09:20:00,32.1,56.38,1003.29,22.31,3.24,158.0,647.0,normal
2025-10-07 09:30:00,32.54,56.87,1003.61,22.86,4.17,143.0,707.6,normal
2025-10-07 09:40:00,32.6,55.3,1003.25,22.45,3.74,147.6,679.1,normal
2025-10-07 09:50:00,32.72,54.39,1003.35,22.29,3.34,150.8,726.9,normal
2025-10-07 10:00:00,32.53,54.23,1003.2,22.07,3.57,168.8,756.4,normal
2025-10-07 10:10:00,33.13,52.83,1003.5,22.19,3.39,122.8,752.9,normal
2025-10-07 10:20:00,33.56,52.71,1003.91,22.55,4.49,155.8,767.6,normal
2025-10-07 10:30:00,33.68,51.68,1003.65,22.33,4.63,159.3,786.1,normal
2025-10-07 10:40:00,34.29,52.12,1003.9,23.03,4.62,138.8,790.3,normal
2025-10-07 10:50:00,33.84,51.81,1003.89,22.52,4.09,145.2,800.9,normal
2025-10-07 11:00:00,34.05,49.85,1004.32,22.08,4.41,136.1,832.2,normal
2025-10-07 11:10:00,34.51,49.66,1004.14,22.44,4.46,149.9,830.7,normal
2025-10-07 11:20:00,34.08,48.08,1004.43,21.52,4.65,134.1,881.0,normal
2025-10-07 11:30:00,35.17,49.33,1004.53,22.93,4.62,164.2,854.5,normal
2025-10-07 11:40:00,35.0,48.16,1004.51,22.38,4.57,154.0,814.9,normal
2025-10-07 11:50:00,35.33,49.08,1004.96,22.99,5.09,169.5,844.5,normal
2025-10-07 12:00:00,35.12,48.14,1005.3,22.48,5.08,162.0,836.8,normal
2025-10-07 12:10:00,35.48,46.96,1005.05,22.4,4.56,167.1,835.9,normal
2025-10-07 12:20:00,35.74,44.94,1005.45,21.91,5.41,148.6,833.4,normal
2025-10-07 12:30:00,35.86,46.83,1005.36,22.7,4.3,147.2,831.2,normal
2025-10-07 12:40:00,35.77,45.9,1005.88,22.28,4.35,171.3,822.7,normal
2025-10-07 12:50:00,35.76,45.1,1005.96,21.99,4.63,199.4,834.4,normal
2025-10-07 13:00:00,35.55,46.07,1006.07,22.15,5.2,184.5,836.8,normal
2025-10-07 13:10:00,35.77,44.48,1005.99,21.76,4.83,173.3,808.0,normal
2025-10-07 13:20:00,36.05,43.97,1006.08,21.83,5.17,166.2,747.5,normal
2025-10-07 13:30:00,35.37,44.29,1006.0,21.33,5.51,191.3,784.2,normal
2025-10-07 13:40:00,35.84,44.38,1006.39,21.79,6.21,158.3,794.2,normal
2025-10-07 13:50:00,36.16,46.82,1006.53,22.96,5.66,168.6,786.0,normal
2025-10-07 14:00:00,35.97,44.4,1006.58,21.92,4.79,198.1,739.1,normal
2025-10-07 14:10:00,35.93,45.66,1006.94,22.34,5.07,165.2,716.3,normal
2025-10-07 14:20:00,36.39,45.02,1006.24,22.52,5.91,144.6,688.6,normal
2025-10-07 14:30:00,36.25,43.9,1006.49,21.98,5.89,194.9,632.5,normal
2025-10-07 14:40:00,35.71,46.42,1007.07,22.41,5.55,194.6,695.4,normal
2025-10-07 14:50:00,35.44,45.28,1006.74,21.77,4.48,199.2,567.0,normal
2025-10-07 15:00:00,35.31,45.15,1006.86,21.6,4.82,196.1,614.5,normal
2025-10-07 15:10:00,35.52,44.58,1006.78,21.57,4.63,189.9,592.2,normal
2025-10-07 15:20:00,35.39,47.19,1006.77,22.39,4.7,201.2,525.0,normal
2025-10-07 15:30:00,35.94,46.88,1006.8,22.79,4.75,179.9,483.1,normal
2025-10-07 15:40:00,35.33,46.86,1006.89,22.22,3.88,194.6,475.1,normal
2025-10-07 15:50:00,35.3,47.99,1006.68,22.59,5.05,193.2,477.5,normal
2025-10-07 16:00:00,35.49,47.81,1006.51,22.7,3.81,210.5,398.1,normal
2025-10-07 16:10:00,35.03,46.19,1006.47,21.72,4.83,208.7,345.8,normal
2025-10-07 16:20:00,34.99,49.14,1006.21,22.7,4.28,195.9,407.9,normal
2025-10-07 16:30:00,34.57,48.44,1006.37,22.08,5.31,200.2,308.8,normal
2025-10-07 16:40:00,34.35,50.34,1006.06,22.51,4.74,199.6,300.5,normal
2025-10-07 16:50:00,34.5,48.98,1006.09,22.2,4.78,215.6,244.2,normal
2025-10-07 17:00:00,34.28,51.16,1005.93,22.72,4.15,203.8,228.4,normal
2025-10-07 17:10:00,34.01,49.95,1005.64,22.08,4.72,209.8,180.8,normal
2025-10-07 17:20:00,33.7,50.85,1005.65,22.08,4.47,218.1,159.8,normal
2025-10-07 17:30:00,33.21,52.71,1005.48,22.23,3.55,215.3,126.3,normal
2025-10-07 17:40:00,33.37,51.79,1005.21,22.08,4.93,196.3,124.8,normal
2025-10-07 17:50:00,32.9,53.31,1005.24,22.12,4.49,216.5,15.3,normal
2025-10-07 18:00:00,33.12,53.71,1004.83,22.46,3.93,195.9,0.0,normal
2025-10-07 18:10:00,32.81,52.32,1004.92,21.74,3.78,204.0,0.0,normal
2025-10-07 18:20:00,32.71,53.71,1004.6,22.08,4.32,235.3,0.0,normal
2025-10-07 18:30:00,31.96,56.03,1004.53,22.08,4.19,211.9,0.0,normal
2025-10-07 18:40:00,32.01,56.24,1004.08,22.18,3.9,233.9,0.0,normal
2025-10-07 18:50:00,31.66,57.14,1004.18,22.12,2.8,250.7,0.0,normal
2025-10-07 19:00:00,32.18,57.87,1004.29,22.81,3.98,220.4,0.0,normal
2025-10-07 19:10:00,30.92,59.95,1004.11,22.22,3.28,243.9,0.0,normal
2025-10-07 19:20:00,30.43,58.89,1003.62,21.47,3.59,193.8,0.0,normal
2025-10-07 19:30:00,30.9,60.29,1003.65,22.29,3.39,208.6,0.0,normal
2025-10-07 19:40:00,30.57,61.62,1003.57,22.34,2.83,228.5,0.0,normal
2025-10-07 19:50:00,30.07,61.73,1003.32,21.9,3.82,212.9,0.0,normal
2025-10-07 20:00:00,29.86,62.07,1003.74,21.79,1.27,204.0,0.0,normal
2025-10-07 20:10:00,29.92,63.32,1003.25,22.18,2.57,210.1,0.0,normal
2025-10-07 20:20:00,29.56,64.87,1003.2,22.24,2.8,230.1,0.0,normal
2025-10-07 20:30:00,29.35,64.56,1003.24,21.96,2.9,194.1,0.0,normal
2025-10-07 20:40:00,28.75,66.67,1003.22,21.92,3.0,240.9,0.0,normal
2025-10-07 20:50:00,28.83,63.74,1003.27,21.26,2.77,233.8,0.0,normal
2025-10-07 21:00:00,28.83,66.68,1003.22,21.99,1.83,221.1,0.0,normal
2025-10-07 21:10:00,28.19,69.01,1003.23,21.95,1.77,199.5,0.0,normal
2025-10-07 21:20:00,27.88,67.63,1003.29,21.32,1.89,190.8,0.0,normal
2025-10-07 21:30:00,27.8,69.34,1003.22,21.66,2.1,206.6,0.0,normal
2025-10-07 21:40:00,27.42,69.65,1003.42,21.37,1.8,219.5,0.0,normal
2025-10-07 21:50:00,26.63,70.46,1003.4,20.8,1.98,210.0,0.0,normal
2025-10-07 22:00:00,26.67,69.46,1003.23,20.61,1.87,219.5,0.0,normal
2025-10-07 22:10:00,26.81,71.85,1003.57,21.3,2.79,208.3,0.0,normal
2025-10-07 22:20:00,26.62,72.75,1003.81,21.32,2.58,231.0,0.0,normal
2025-10-07 22:30:00,26.4,72.92,1003.84,21.14,1.63,204.5,0.0,normal
2025-10-07 22:40:00,26.0,75.06,1003.69,21.23,1.68,223.0,0.0,normal
2025-10-07 22:50:00,25.41,74.53,1003.81,20.54,2.05,223.0,0.0,normal
2025-10-07 23:00:00,26.03,74.7,1003.79,21.17,1.98,199.9,0.0,normal
2025-10-07 23:10:00,25.36,75.7,1004.12,20.75,2.39,210.6,0.0,normal
2025-10-07 23:20:00,26.18,76.0,1004.68,21.61,1.23,190.9,0.0,normal
2025-10-07 23:30:00,25.43,75.2,1004.31,20.71,1.63,221.4,0.0,normal
2025-10-07 23:40:00,25.21,77.17,1004.66,20.92,1.44,173.9,0.0,normal
2025-10-07 23:50:00,24.72,77.88,1004.71,20.59,1.94,192.8,0.0,normal
2025-10-08 00:00:00,25.01,76.97,1005.45,20.68,1.19,180.5,0.0,normal
2025-10-08 00:10:00,24.74,78.14,1005.03,20.67,0.68,196.0,0.0,normal
2025-10-08 00:20:00,24.67,78.31,1005.38,20.63,2.26,203.2,0.0,normal
2025-10-08 00:30:00,24.75,79.27,1005.54,20.91,1.39,204.5,0.0,normal
2025-10-08 00:40:00,24.47,78.51,1005.23,20.48,1.24,213.1,0.0,normal
2025-10-08 00:50:00,23.84,79.53,1005.89,20.08,1.55,177.5,0.0,normal
2025-10-08 01:00:00,24.07,78.95,1005.83,20.18,1.45,182.7,0.0,normal
2025-10-08 01:10:00,23.81,79.57,1005.97,20.06,0.97,196.5,0.0,normal
2025-10-08 01:20:00,23.86,77.79,1006.28,19.74,1.5,209.2,0.0,normal
2025-10-08 01:30:00,24.06,81.24,1006.08,20.64,1.0,174.9,0.0,normal
2025-10-08 01:40:00,23.64,80.5,1006.25,20.08,1.33,180.6,0.0,normal
2025-10-08 01:50:00,24.2,79.52,1006.59,20.42,0.5,187.4,0.0,normal
2025-10-08 02:00:00,23.63,80.11,1006.56,19.99,0.84,187.8,0.0,normal
2025-10-08 02:10:00,23.96,79.83,1006.53,20.26,1.19,156.3,0.0,normal
2025-10-08 02:20:00,23.74,79.51,1006.55,19.98,1.01,187.8,0.0,normal
2025-10-08 02:30:00,23.75,80.98,1006.46,20.28,0.82,181.0,0.0,normal
2025-10-08 02:40:00,24.28,79.43,1007.16,20.48,1.32,159.5,0.0,normal
2025-10-08 02:50:00,23.53,79.14,1006.8,19.7,1.84,161.2,0.0,normal
2025-10-08 03:00:00,24.01,78.97,1006.8,20.13,2.0,162.5,0.0,normal
2025-10-08 03:10:00,24.64,78.73,1006.59,20.69,0.95,196.5,0.0,normal
2025-10-08 03:20:00,23.97,78.74,1006.6,20.04,0.91,163.8,0.0,normal
2025-10-08 03:30:00,24.5,79.05,1006.96,20.62,1.45,179.7,0.0,normal
2025-10-08 03:40:00,24.49,78.56,1006.55,20.51,0.89,170.2,0.0,normal
2025-10-08 03:50:00,24.16,77.76,1006.76,20.02,2.04,185.2,0.0,normal
2025-10-08 04:00:00,25.19,78.27,1006.34,21.13,1.49,127.4,0.0,normal
2025-10-08 04:10:00,25.02,77.15,1006.22,20.73,0.94,147.4,0.0,normal
2025-10-08 04:20:00,24.87,77.06,1006.09,20.57,1.43,123.6,0.0,normal
2025-10-08 04:30:00,25.68,77.5,1006.24,21.45,1.42,153.7,0.0,normal
2025-10-08 04:40:00,25.27,76.55,1005.97,20.84,1.55,150.5,0.0,normal
2025-10-08 04:50:00,25.04,75.61,1005.92,20.42,1.63,134.7,0.0,normal
2025-10-08 05:00:00,26.1,73.79,1006.12,21.04,1.48,138.1,0.0,normal
2025-10-08 05:10:00,25.93,75.43,1005.78,21.24,1.17,125.9,0.0,normal
2025-10-08 05:20:00,26.26,73.88,1005.56,21.22,1.88,148.0,0.0,normal
2025-10-08 05:30:00,26.45,72.84,1005.24,21.17,2.42,152.8,0.0,normal
2025-10-08 05:40:00,26.36,72.8,1005.36,21.08,1.1,187.0,0.0,normal
2025-10-08 05:50:00,27.19,71.83,1005.15,21.65,1.7,169.6,0.0,normal
2025-10-08 06:00:00,26.74,70.27,1005.06,20.86,2.21,112.2,0.0,normal
2025-10-08 06:10:00,27.77,71.43,1004.87,22.11,1.33,165.7,43.2,normal
2025-10-08 06:20:00,27.39,70.49,1004.71,21.53,1.57,116.0,85.5,normal
2025-10-08 06:30:00,27.76,70.62,1004.56,21.92,2.78,124.4,119.3,normal
2025-10-08 06:40:00,27.92,68.85,1004.07,21.66,1.64,127.9,141.0,normal
2025-10-08 06:50:00,27.7,68.42,1003.81,21.34,2.06,136.4,198.7,normal
2025-10-08 07:00:00,28.27,68.01,1004.05,21.79,3.65,149.5,215.5,normal
2025-10-08 07:10:00,29.02,66.02,1003.99,22.02,2.78,129.4,229.8,normal
2025-10-08 07:20:00,29.01,66.55,1003.72,22.14,2.16,132.8,291.1,normal
2025-10-08 07:30:00,29.59,65.09,1003.59,22.32,2.33,144.0,352.7,normal
2025-10-08 07:40:00,29.71,63.65,1003.64,22.06,2.89,149.8,354.0,normal
2025-10-08 07:50:00,29.81,63.14,1003.42,22.03,2.14,146.4,444.2,normal
2025-10-08 08:00:00,30.07,62.51,1003.39,22.1,3.05,153.2,428.2,normal
2025-10-08 08:10:00,30.49,62.43,1003.45,22.48,3.8,137.6,427.2,normal
2025-10-08 08:20:00,30.52,59.65,1003.15,21.76,3.1,138.8,496.4,normal
2025-10-08 08:30:00,30.97,60.08,1003.31,22.3,2.24,155.0,535.4,normal
2025-10-08 08:40:00,31.04,59.17,1003.43,22.12,3.56,130.8,557.2,normal
2025-10-08 08:50:00,30.94,59.81,1003.33,22.2,3.76,148.3,549.6,normal
2025-10-08 09:00:00,31.15,57.67,1003.28,21.79,3.45,140.9,578.9,normal
2025-10-08 09:10:00,31.93,57.08,1003.21,22.36,1.91,153.8,646.9,normal
2025-10-08 09:20:00,32.35,56.2,1003.11,22.49,2.91,125.1,658.3,normal
2025-10-08 09:30:00,32.37,56.12,1003.04,22.48,4.27,134.6,641.6,normal
2025-10-08 09:40:00,33.03,54.65,1003.41,22.66,4.18,137.4,717.1,normal
2025-10-08 09:50:00,32.6,54.9,1003.34,22.33,3.89,149.9,693.2,normal
2025-10-08 10:00:00,33.35,53.43,1003.31,22.58,3.61,155.3,748.2,normal
2025-10-08 10:10:00,33.29,52.79,1003.65,22.33,3.92,135.6,739.0,normal
2025-10-08 10:20:00,33.25,52.17,1003.47,22.09,4.61,140.5,833.6,normal
2025-10-08 10:30:00,33.47,52.21,1003.5,22.31,4.42,117.8,797.5,normal
2025-10-08 10:40:00,34.55,50.73,1003.69,22.82,4.06,115.9,815.5,normal
2025-10-08 10:50:00,34.18,50.4,1004.03,22.38,4.32,131.3,804.2,normal
2025-10-08 11:00:00,34.57,50.26,1004.17,22.69,4.92,148.9,842.4,normal
2025-10-08 11:10:00,34.21,49.36,1004.31,22.06,4.04,174.2,821.8,normal
2025-10-08 11:20:00,34.22,50.29,1004.35,22.38,4.18,165.0,858.4,normal
2025-10-08 11:30:00,35.06,47.72,1004.46,22.28,4.27,154.4,848.4,normal
2025-10-08 11:40:00,35.13,47.97,1004.77,22.43,4.84,189.3,855.1,normal
2025-10-08 11:50:00,35.44,46.89,1004.92,22.34,4.42,149.8,905.7,normal
2025-10-08 12:00:00,35.63,48.41,1004.98,23.03,4.65,144.5,832.1,normal
2025-10-08 12:10:00,35.28,47.36,1005.19,22.35,4.59,150.9,828.3,normal
2025-10-08 12:20:00,34.89,44.9,1005.12,21.13,5.14,148.4,830.6,normal
2025-10-08 12:30:00,35.47,46.45,1005.44,22.2,5.2,147.8,820.0,normal
2025-10-08 12:40:00,35.55,47.35,1005.62,22.59,5.07,159.1,849.1,normal
2025-10-08 12:50:00,35.62,45.93,1005.55,22.16,4.26,198.2,846.6,normal
2025-10-08 13:00:00,36.03,45.11,1005.84,22.23,4.18,181.7,809.5,normal
2025-10-08 13:10:00,35.51,45.74,1006.11,21.99,6.24,179.6,823.9,normal
2025-10-08 13:20:00,35.71,45.68,1006.09,22.15,4.92,157.7,780.0,normal
2025-10-08 13:30:00,35.86,44.28,1006.33,21.77,5.59,170.9,766.1,normal
2025-10-08 13:40:00,35.45,43.88,1006.42,21.26,5.19,160.0,781.9,normal
2025-10-08 13:50:00,36.26,44.81,1006.29,22.33,5.14,166.7,769.0,normal
2025-10-08 14:00:00,35.37,44.51,1006.75,21.42,5.37,159.8,754.1,normal
2025-10-08 14:10:00,35.83,45.96,1006.64,22.36,4.73,196.6,728.4,normal
2025-10-08 14:20:00,35.79,44.93,1006.68,21.95,4.73,188.5,667.1,normal
2025-10-08 14:30:00,36.05,45.56,1006.68,22.42,4.29,227.1,663.3,normal
2025-10-08 14:40:00,35.44,44.65,1006.69,21.53,4.1,177.6,638.7,normal
2025-10-08 14:50:00,36.07,45.33,1006.69,22.35,4.65,185.7,631.0,normal
2025-10-08 15:00:00,35.64,44.86,1006.87,21.79,5.2,186.9,612.1,normal
2025-10-08 15:10:00,35.66,46.39,1006.66,22.36,4.87,199.6,549.2,normal
2025-10-08 15:20:00,35.4,45.33,1007.01,21.74,5.19,191.4,537.7,normal
2025-10-08 15:30:00,35.29,44.85,1006.87,21.48,4.68,220.2,521.5,normal
2025-10-08 15:40:00,35.54,48.0,1006.73,22.81,4.7,204.9,498.3,normal
2025-10-08 15:50:00,35.82,46.32,1006.65,22.48,5.6,193.2,468.5,normal
2025-10-08 16:00:00,35.14,47.3,1006.46,22.21,4.27,223.2,421.2,normal
2025-10-08 16:10:00,35.02,48.47,1006.21,22.5,4.11,203.9,380.8,normal
2025-10-08 16:20:00,35.08,49.13,1006.34,22.78,4.1,193.3,327.9,normal
2025-10-08 16:30:00,34.55,48.11,1006.1,21.95,4.26,199.7,299.8,normal
2025-10-08 16:40:00,34.57,49.26,1006.08,22.36,4.65,194.8,303.2,normal
2025-10-08 16:50:00,34.22,49.27,1006.2,22.04,4.77,195.1,265.9,normal
2025-10-08 17:00:00,33.7,49.22,1006.05,21.54,3.74,214.1,211.9,normal
2025-10-08 17:10:00,34.37,50.77,1005.62,22.67,4.67,211.1,188.7,normal
2025-10-08 17:20:00,33.86,52.28,1005.91,22.69,4.5,213.2,156.9,normal
2025-10-08 17:30:00,34.08,51.68,1005.38,22.7,4.0,207.4,120.7,normal
2025-10-08 17:40:00,33.86,52.54,1005.11,22.77,4.89,212.0,86.4,normal
2025-10-08 17:50:00,32.56,53.43,1005.16,21.85,3.59,222.7,10.7,normal
2025-10-08 18:00:00,32.95,53.34,1004.74,22.18,4.86,203.0,44.6,normal
2025-10-08 18:10:00,32.67,55.74,1004.93,22.65,4.21,209.9,0.0,normal
2025-10-08 18:20:00,33.13,54.19,1004.68,22.6,4.02,203.0,0.0,normal
2025-10-08 18:30:00,32.37,56.03,1004.45,22.45,3.52,205.4,0.0,normal
2025-10-08 18:40:00,32.1,56.25,1004.59,22.27,3.81,228.7,0.0,normal
2025-10-08 18:50:00,31.13,56.84,1004.1,21.54,4.4,231.1,0.0,normal
2025-10-08 19:00:00,31.93,57.23,1004.28,22.4,4.05,211.1,0.0,normal
2025-10-08 19:10:00,31.5,58.78,1004.01,22.43,3.86,239.6,0.0,normal
2025-10-08 19:20:00,31.07,59.94,1003.74,22.36,3.08,213.7,0.0,normal
2025-10-08 19:30:00,31.17,59.17,1003.68,22.24,3.65,203.0,0.0,normal
2025-10-08 19:40:00,30.1,60.47,1003.92,21.59,3.27,213.4,0.0,normal
2025-10-08 19:50:00,29.99,61.67,1003.46,21.81,3.43,214.2,0.0,normal
2025-10-08 20:00:00,30.06,61.6,1003.23,21.86,2.83,224.4,0.0,normal
2025-10-08 20:10:00,29.74,62.68,1003.69,21.84,2.69,232.0,0.0,normal
2025-10-08 20:20:00,29.12,63.15,1003.16,21.38,3.13,231.4,0.0,normal
2025-10-08 20:30:00,29.21,64.38,1003.21,21.78,2.83,240.2,0.0,normal
2025-10-08 20:40:00,29.11,63.13,1003.27,21.37,2.61,211.3,0.0,normal
2025-10-08 20:50:00,29.39,65.41,1003.2,22.21,2.65,238.6,0.0,normal
2025-10-08 21:00:00,28.91,66.2,1003.3,21.96,2.47,232.5,0.0,normal
2025-10-08 21:10:00,27.89,68.11,1003.13,21.46,1.29,224.6,0.0,normal
2025-10-08 21:20:00,28.63,68.84,1003.18,22.33,2.81,232.1,0.0,normal
2025-10-08 21:30:00,27.56,68.73,1003.08,21.28,2.59,219.0,0.0,normal
2025-10-08 21:40:00,27.15,71.59,1003.34,21.56,1.61,219.0,0.0,normal
2025-10-08 21:50:00,27.27,70.51,1003.33,21.43,0.86,212.3,0.0,normal
2025-10-08 22:00:00,26.46,71.01,1003.62,20.76,2.0,207.0,0.0,normal
2025-10-08 22:10:00,26.58,72.95,1003.67,21.32,1.24,231.9,0.0,normal
2025-10-08 22:20:00,26.32,71.77,1003.61,20.8,2.48,213.5,0.0,normal
2025-10-08 22:30:00,26.01,74.39,1003.68,21.09,1.94,215.4,0.0,normal
2025-10-08 22:40:00,26.7,74.12,1004.0,21.69,2.09,198.6,0.0,normal
2025-10-08 22:50:00,26.13,74.68,1004.18,21.27,1.21,203.0,0.0,normal
2025-10-08 23:00:00,25.73,74.94,1004.31,20.95,1.44,193.5,0.0,normal
2025-10-08 23:10:00,25.14,73.23,1004.06,19.99,0.94,198.4,0.0,normal
2025-10-08 23:20:00,24.85,75.26,1004.21,20.16,0.5,207.0,0.0,normal
2025-10-08 23:30:00,25.82,76.17,1004.69,21.29,0.5,180.3,0.0,normal
2025-10-08 23:40:00,24.93,78.57,1004.7,20.94,1.55,214.9,0.0,normal
2025-10-08 23:50:00,24.87,78.09,1005.0,20.78,1.39,216.7,0.0,normal
2025-10-09 00:00:00,24.73,77.23,1004.89,20.47,1.76,221.0,0.0,normal
2025-10-09 00:10:00,24.97,77.18,1005.2,20.69,1.94,216.1,0.0,normal
2025-10-09 00:20:00,24.95,77.54,1005.36,20.75,1.1,204.2,0.0,normal
2025-10-09 00:30:00,24.01,78.44,1005.59,20.02,0.5,198.6,0.0,normal
2025-10-09 00:40:00,24.38,78.63,1005.51,20.42,0.81,208.8,0.0,normal
2025-10-09 00:50:00,24.28,79.37,1005.58,20.47,0.5,191.8,0.0,normal
2025-10-09 01:00:00,23.55,78.33,1005.73,19.55,1.0,167.8,0.0,normal
2025-10-09 01:10:00,23.81,78.78,1006.21,19.9,1.17,188.0,0.0,normal
2025-10-09 01:20:00,24.2,80.83,1006.14,20.69,1.24,171.5,0.0,normal
2025-10-09 01:30:00,24.16,80.14,1006.23,20.51,1.44,161.7,0.0,normal
2025-10-09 01:40:00,24.35,79.23,1006.34,20.51,0.79,191.4,0.0,normal
2025-10-09 01:50:00,23.79,79.56,1006.43,20.04,1.62,167.4,0.0,normal
2025-10-09 02:00:00,24.21,80.31,1006.6,20.6,1.22,181.3,0.0,normal
2025-10-09 02:10:00,24.41,79.85,1006.68,20.69,1.39,187.5,0.0,normal
2025-10-09 02:20:00,23.83,80.38,1007.01,20.24,0.5,177.5,0.0,normal
2025-10-09 02:30:00,23.63,79.54,1006.67,19.88,1.32,175.9,0.0,normal
2025-10-09 02:40:00,24.53,79.46,1007.15,20.74,0.5,175.7,0.0,normal
2025-10-09 02:50:00,23.73,80.46,1006.82,20.16,1.7,182.4,0.0,normal
2025-10-09 03:00:00,23.78,79.39,1006.9,19.99,0.5,167.9,0.0,normal
2025-10-09 03:10:00,24.18,78.58,1006.88,20.21,1.28,143.8,0.0,normal
2025-10-09 03:20:00,24.37,79.78,1006.71,20.65,0.5,173.1,0.0,normal
2025-10-09 03:30:00,24.22,78.75,1006.8,20.29,0.5,149.8,0.0,normal
2025-10-09 03:40:00,24.91,78.49,1006.75,20.9,2.1,155.5,0.0,normal
2025-10-09 03:50:00,25.11,78.96,1006.6,21.19,0.6,178.9,0.0,normal
2025-10-09 04:00:00,25.42,77.25,1006.39,21.14,1.78,133.9,0.0,normal
2025-10-09 04:10:00,24.91,78.97,1006.58,21.0,0.71,142.8,0.0,normal
2025-10-09 04:20:00,24.55,76.45,1006.37,20.13,0.91,150.0,0.0,normal
2025-10-09 04:30:00,25.26,77.18,1006.31,20.97,1.31,117.5,0.0,normal
2025-10-09 04:40:00,25.08,74.4,1006.27,20.2,2.32,129.9,0.0,normal
2025-10-09 04:50:00,25.69,76.46,1006.28,21.23,0.92,153.0,0.0,normal
2025-10-09 05:00:00,25.5,75.95,1006.0,20.93,1.54,177.1,0.0,normal
2025-10-09 05:10:00,25.89,73.56,1005.76,20.8,1.52,139.9,0.0,normal
2025-10-09 05:20:00,25.73,73.3,1005.73,20.58,1.59,149.3,0.0,normal
2025-10-09 05:30:00,25.83,73.18,1005.63,20.65,1.41,134.0,0.0,normal
2025-10-09 05:40:00,26.68,71.41,1005.44,21.07,2.27,176.9,0.0,normal
2025-10-09 05:50:00,26.73,71.32,1005.48,21.09,1.69,153.1,0.0,normal
2025-10-09 06:00:00,26.66,73.08,1004.95,21.43,1.67,145.4,32.7,normal
2025-10-09 06:10:00,27.31,70.91,1004.8,21.55,1.46,161.2,22.9,normal
2025-10-09 06:20:00,27.61,70.76,1004.75,21.81,2.02,139.1,61.3,normal
2025-10-09 06:30:00,27.9,68.39,1004.39,21.52,1.8,149.5,128.3,normal
2025-10-09 06:40:00,28.51,69.33,1004.21,22.33,2.03,154.6,125.9,normal
2025-10-09 06:50:00,28.36,68.75,1003.94,22.05,2.63,147.4,153.4,normal
2025-10-09 07:00:00,28.01,68.13,1004.09,21.57,2.79,147.8,244.0,normal
2025-10-09 07:10:00,28.5,66.74,1004.14,21.7,2.19,140.4,230.3,normal
2025-10-09 07:20:00,28.92,65.02,1003.95,21.67,2.72,142.7,294.2,normal
2025-10-09 07:30:00,29.31,64.72,1003.57,21.96,2.14,117.6,300.2,normal
2025-10-09 07:40:00,29.39,64.9,1003.57,22.08,2.88,126.0,334.2,normal
2025-10-09 07:50:00,30.07,63.02,1003.65,22.24,3.14,146.4,411.7,normal
2025-10-09 08:00:00,30.15,62.01,1003.57,22.05,3.19,130.6,397.2,normal
2025-10-09 08:10:00,30.2,61.26,1003.37,21.9,2.25,157.8,467.1,normal
2025-10-09 08:20:00,30.91,61.56,1003.32,22.64,2.4,135.8,460.3,normal
2025-10-09 08:30:00,30.76,59.94,1002.92,22.06,4.48,143.5,526.5,normal
2025-10-09 08:40:00,30.86,59.28,1003.13,21.98,3.6,127.9,572.2,normal
2025-10-09 08:50:00,31.53,59.09,1003.08,22.55,4.07,143.1,573.1,normal
2025-10-09 09:00:00,31.39,57.85,1003.35,22.07,3.83,159.7,594.4,normal
2025-10-09 09:10:00,32.55,57.26,1003.07,22.98,3.38,129.1,608.5,normal
2025-10-09 09:20:00,30.99,57.34,1003.44,21.55,4.9,121.7,673.6,normal
2025-10-09 09:30:00,32.77,55.01,1002.97,22.52,4.28,138.4,634.9,normal
2025-10-09 09:40:00,32.64,54.45,1003.34,22.23,3.72,158.8,674.0,normal
2025-10-09 09:50:00,32.44,54.14,1003.47,21.96,4.26,167.8,723.0,normal
2025-10-09 10:00:00,33.19,54.06,1003.5,22.63,4.03,131.9,744.4,normal
2025-10-09 10:10:00,33.12,53.22,1003.33,22.3,3.45,160.4,736.8,normal
2025-10-09 10:20:00,33.45,53.21,1003.74,22.6,4.42,167.8,775.8,normal
2025-10-09 10:30:00,33.59,52.67,1003.46,22.56,4.53,151.3,777.1,normal
2025-10-09 10:40:00,33.83,51.9,1003.46,22.54,3.28,133.1,828.9,normal
2025-10-09 10:50:00,34.41,51.11,1004.03,22.82,5.01,134.9,807.1,normal
2025-10-09 11:00:00,34.26,49.82,1004.07,22.26,5.03,137.7,843.8,normal
2025-10-09 11:10:00,34.5,49.6,1004.19,22.41,4.26,170.9,813.6,normal
2025-10-09 11:20:00,35.06,49.88,1004.43,23.01,4.36,175.1,818.6,normal
2025-10-09 11:30:00,34.44,47.83,1004.57,21.76,4.87,161.6,880.2,normal
2025-10-09 11:40:00,35.32,47.32,1004.47,22.38,4.86,113.0,826.8,normal
2025-10-09 11:50:00,35.05,49.88,1004.89,23.0,3.83,161.0,873.1,normal
2025-10-09 12:00:00,34.96,47.27,1005.19,22.03,3.81,150.0,847.1,normal
2025-10-09 12:10:00,35.29,47.2,1004.95,22.31,5.15,143.4,823.6,normal
2025-10-09 12:20:00,35.54,45.73,1004.98,22.01,5.68,177.2,880.8,normal
2025-10-09 12:30:00,35.59,46.65,1005.48,22.39,4.09,173.1,798.5,normal
2025-10-09 12:40:00,35.6,47.88,1005.76,22.83,4.85,159.7,824.9,normal
2025-10-09 12:50:00,36.12,45.5,1006.0,22.46,4.91,164.4,842.6,normal
2025-10-09 13:00:00,35.93,45.32,1005.89,22.22,4.6,172.0,795.5,normal
2025-10-09 13:10:00,36.03,44.55,1005.94,22.02,5.43,152.8,803.8,normal
2025-10-09 13:20:00,35.45,46.13,1006.35,22.08,4.95,154.0,783.0,normal
2025-10-09 13:30:00,36.11,46.67,1006.28,22.86,5.6,169.8,780.0,normal
2025-10-09 13:40:00,35.89,45.24,1006.28,22.15,4.97,185.5,785.1,normal
2025-10-09 13:50:00,36.18,44.66,1006.56,22.2,5.07,156.5,759.0,normal
2025-10-09 14:00:00,35.97,45.5,1006.47,22.32,4.83,148.5,712.4,normal
2025-10-09 14:10:00,35.77,46.61,1006.41,22.54,5.5,194.6,723.8,normal
2025-10-09 14:20:00,35.58,45.17,1006.53,21.85,5.41,176.5,691.9,normal
2025-10-09 14:30:00,36.65,46.21,1006.65,23.19,5.27,183.9,682.4,normal
2025-10-09 14:40:00,35.71,44.91,1006.94,21.88,4.49,225.9,669.5,normal
2025-10-09 14:50:00,35.81,45.12,1006.49,22.04,4.35,206.2,585.3,normal
2025-10-09 15:00:00,36.04,46.58,1007.05,22.77,4.29,180.6,595.6,normal
2025-10-09 15:10:00,35.63,45.2,1006.89,21.9,4.87,189.0,589.9,normal
2025-10-09 15:20:00,35.83,47.36,1006.87,22.86,4.58,210.4,571.5,normal
2025-10-09 15:30:00,35.41,46.71,1006.63,22.24,5.13,191.8,501.9,normal
2025-10-09 15:40:00,35.72,46.03,1007.01,22.29,5.39,201.5,496.1,normal
2025-10-09 15:50:00,35.34,47.61,1006.65,22.5,4.55,223.1,439.1,normal
2025-10-09 16:00:00,35.46,47.11,1006.67,22.43,3.95,198.5,429.1,normal
2025-10-09 16:10:00,35.09,46.86,1006.39,22.01,3.87,191.0,356.0,normal
2025-10-09 16:20:00,34.62,49.65,1006.57,22.53,4.74,220.8,340.6,normal
2025-10-09 16:30:00,34.55,48.13,1006.32,21.96,4.74,210.1,310.4,normal
2025-10-09 16:40:00,34.3,49.77,1006.38,22.28,4.72,204.8,330.3,normal
2025-10-09 16:50:00,34.67,48.62,1006.23,22.24,4.16,202.3,259.6,normal
2025-10-09 17:00:00,34.6,49.04,1006.03,22.31,3.83,238.9,232.6,normal
2025-10-09 17:10:00,33.99,49.95,1005.77,22.06,4.01,206.5,209.9,normal
2025-10-09 17:20:00,34.21,49.6,1005.65,22.14,4.37,176.0,187.9,normal
2025-10-09 17:30:00,33.23,51.8,1005.16,21.96,3.98,244.4,88.7,normal
2025-10-09 17:40:00,32.9,52.46,1005.4,21.86,3.59,220.7,66.6,normal
2025-10-09 17:50:00,33.13,53.32,1005.51,22.34,3.39,208.5,19.9,normal
2025-10-09 18:00:00,33.44,53.7,1004.91,22.74,4.06,201.3,8.3,normal
2025-10-09 18:10:00,33.13,53.37,1004.95,22.36,3.64,198.9,0.0,normal
2025-10-09 18:20:00,32.29,54.75,1004.4,22.0,3.79,244.7,0.0,normal
2025-10-09 18:30:00,32.53,55.45,1004.59,22.43,3.02,210.6,0.0,normal
2025-10-09 18:40:00,32.43,55.92,1004.38,22.48,2.86,203.1,0.0,normal
2025-10-09 18:50:00,31.75,54.96,1004.12,21.57,2.93,213.6,0.0,normal
2025-10-09 19:00:00,31.45,58.38,1003.9,22.28,2.99,219.6,0.0,normal
2025-10-09 19:10:00,31.24,59.5,1003.98,22.39,3.28,245.0,0.0,normal
2025-10-09 19:20:00,30.48,60.28,1003.84,21.9,3.73,231.2,0.0,normal
2025-10-09 19:30:00,30.89,60.36,1003.81,22.3,2.52,226.6,0.0,normal
2025-10-09 19:40:00,30.6,61.92,1003.67,22.45,3.12,207.4,0.0,normal
2025-10-09 19:50:00,29.55,61.18,1003.77,21.26,3.4,234.5,0.0,normal
2025-10-09 20:00:00,29.89,62.78,1003.33,22.01,3.29,213.3,0.0,normal
2025-10-09 20:10:00,29.95,62.2,1003.12,21.91,3.53,215.6,0.0,normal
2025-10-09 20:20:00,29.43,62.78,1003.09,21.57,3.32,226.3,0.0,normal
2025-10-09 20:30:00,29.4,64.81,1003.39,22.07,2.63,217.2,0.0,normal
2025-10-09 20:40:00,29.14,66.68,1002.99,22.29,2.16,221.4,0.0,normal
2025-10-09 20:50:00,28.43,65.34,1003.0,21.28,1.52,221.1,0.0,normal
2025-10-09 21:00:00,28.55,67.74,1003.16,21.99,2.6,231.2,0.0,normal
2025-10-09 21:10:00,28.13,66.59,1003.29,21.31,2.84,232.1,0.0,normal
2025-10-09 21:20:00,28.33,68.75,1003.44,22.02,2.3,226.2,0.0,normal
2025-10-09 21:30:00,27.55,67.86,1003.35,21.06,1.87,199.6,0.0,normal
2025-10-09 21:40:00,27.15,70.02,1003.35,21.2,2.05,193.3,0.0,normal
2025-10-09 21:50:00,27.19,70.46,1003.13,21.34,1.4,214.9,0.0,normal
2025-10-09 22:00:00,27.03,71.0,1003.49,21.31,1.78,253.4,0.0,normal
2025-10-09 22:10:00,26.71,70.71,1003.68,20.94,1.76,227.8,0.0,normal
2025-10-09 22:20:00,26.75,72.33,1003.79,21.34,2.34,193.2,0.0,normal
2025-10-09 22:30:00,26.5,74.65,1003.74,21.62,2.33,186.7,0.0,normal
2025-10-09 22:40:00,26.46,72.06,1003.63,21.0,0.93,204.1,0.0,normal
2025-10-09 22:50:00,26.08,73.06,1003.86,20.87,2.28,226.9,0.0,normal
2025-10-09 23:00:00,25.63,75.02,1003.83,20.87,1.9,205.7,0.0,normal
2025-10-09 23:10:00,25.28,76.15,1004.34,20.77,1.76,183.8,0.0,normal
2025-10-09 23:20:00,25.23,75.53,1004.54,20.59,1.47,185.4,0.0,normal
2025-10-09 23:30:00,25.23,76.86,1004.51,20.87,0.64,191.5,0.0,normal
2025-10-09 23:40:00,25.05,77.19,1004.88,20.76,0.62,203.8,0.0,normal
2025-10-09 23:50:00,25.01,77.42,1004.9,20.77,0.7,222.2,0.0,normal
2025-10-10 00:00:00,25.34,77.56,1004.9,21.12,1.64,188.3,0.0,normal
2025-10-10 00:10:00,24.54,78.52,1005.1,20.55,0.5,210.1,0.0,normal
2025-10-10 00:20:00,24.88,78.74,1005.43,20.92,1.16,222.4,0.0,normal
2025-10-10 00:30:00,24.49,78.53,1005.46,20.51,1.0,208.0,0.0,normal
2025-10-10 00:40:00,24.28,79.05,1005.75,20.41,1.3,166.3,0.0,normal
2025-10-10 00:50:00,24.18,80.31,1005.93,20.57,0.5,187.0,0.0,normal
2025-10-10 01:00:00,24.63,79.39,1005.91,20.82,2.68,190.6,0.0,normal
2025-10-10 01:10:00,23.95,78.73,1006.16,20.02,0.88,204.4,0.0,normal
2025-10-10 01:20:00,24.13,78.05,1006.25,20.06,1.14,188.9,0.0,normal
2025-10-10 01:30:00,23.96,80.88,1006.15,20.47,1.01,201.9,0.0,normal
2025-10-10 01:40:00,23.63,80.07,1006.27,19.98,1.45,173.9,0.0,normal
2025-10-10 01:50:00,23.9,78.31,1006.65,19.89,1.72,170.5,0.0,normal
2025-10-10 02:00:00,24.5,80.24,1006.73,20.87,0.78,186.4,0.0,normal
2025-10-10 02:10:00,23.7,80.65,1006.69,20.17,0.5,177.6,0.0,normal
2025-10-10 02:20:00,24.36,80.06,1006.74,20.69,0.77,166.9,0.0,normal
2025-10-10 02:30:00,24.78,79.99,1007.03,21.08,1.39,166.8,0.0,normal
2025-10-10 02:40:00,23.97,79.06,1006.91,20.11,0.96,186.0,0.0,normal
2025-10-10 02:50:00,24.09,78.73,1006.83,20.16,1.2,156.1,0.0,normal
2025-10-10 03:00:00,23.72,79.64,1006.79,19.98,1.88,153.4,0.0,normal
2025-10-10 03:10:00,24.12,79.19,1006.68,20.28,0.98,172.4,0.0,normal
2025-10-10 03:20:00,24.87,78.96,1006.71,20.96,2.15,174.0,0.0,normal
2025-10-10 03:30:00,25.24,78.41,1006.7,21.2,1.16,159.9,0.0,normal
2025-10-10 03:40:00,24.26,78.51,1006.64,20.27,1.35,170.5,0.0,normal
2025-10-10 03:50:00,24.78,78.49,1006.66,20.78,0.85,150.6,0.0,normal
2025-10-10 04:00:00,24.9,77.18,1006.53,20.62,0.5,182.1,0.0,normal
2025-10-10 04:10:00,25.49,77.79,1006.57,21.32,1.1,170.3,0.0,normal
2025-10-10 04:20:00,24.92,76.37,1006.49,20.47,1.34,146.9,0.0,normal
2025-10-10 04:30:00,25.33,75.62,1005.94,20.7,1.2,140.5,0.0,normal
2025-10-10 04:40:00,25.28,75.78,1006.36,20.69,1.08,155.8,0.0,normal
2025-10-10 04:50:00,25.1,77.21,1005.96,20.82,2.0,164.3,0.0,normal
2025-10-10 05:00:00,25.93,74.58,1006.08,21.05,0.71,179.9,0.0,normal
2025-10-10 05:10:00,25.51,73.11,1005.85,20.33,1.89,178.2,0.0,normal
2025-10-10 05:20:00,26.06,73.72,1005.59,20.99,2.23,139.3,0.0,normal
2025-10-10 05:30:00,26.05,71.81,1005.38,20.56,1.24,145.0,0.0,normal
2025-10-10 05:40:00,26.48,71.62,1005.41,20.92,2.27,172.3,0.0,normal
2025-10-10 05:50:00,26.25,71.33,1004.93,20.64,3.01,110.5,0.0,normal
2025-10-10 06:00:00,26.87,71.36,1005.11,21.24,1.56,128.9,0.0,normal
2025-10-10 06:10:00,27.32,69.8,1004.86,21.3,2.05,170.8,51.2,normal
2025-10-10 06:20:00,27.76,69.83,1005.1,21.73,2.3,113.8,74.8,normal
2025-10-10 06:30:00,27.99,69.11,1004.72,21.79,1.85,120.0,117.5,normal
2025-10-10 06:40:00,27.96,70.16,1004.49,22.01,2.7,162.6,131.0,normal
2025-10-10 06:50:00,28.4,67.85,1004.44,21.87,2.08,144.2,185.1,normal
2025-10-10 07:00:00,28.61,66.12,1003.88,21.65,2.75,143.9,237.3,normal
2025-10-10 07:10:00,28.55,64.93,1004.12,21.29,3.72,142.0,248.0,normal
2025-10-10 07:20:00,29.03,65.45,1003.91,21.88,1.94,131.1,320.9,normal
2025-10-10 07:30:00,28.97,65.04,1003.9,21.72,2.29,149.0,356.6,normal
2025-10-10 07:40:00,29.57,64.87,1003.48,22.25,3.12,151.2,395.7,normal
2025-10-10 07:50:00,29.79,62.28,1003.41,21.78,2.57,144.5,369.6,normal
2025-10-10 08:00:00,30.46,61.69,1003.27,22.25,1.82,157.4,422.6,normal
2025-10-10 08:10:00,30.23,61.08,1003.54,21.88,3.33,126.0,463.9,normal
2025-10-10 08:20:00,30.34,60.55,1003.32,21.84,3.32,131.7,455.5,normal
2025-10-10 08:30:00,31.18,59.35,1003.08,22.3,3.88,132.0,537.5,normal
2025-10-10 08:40:00,31.11,60.54,1003.36,22.56,4.02,120.3,531.3,normal
2025-10-10 08:50:00,32.1,59.99,1003.2,23.33,3.28,169.6,589.8,normal
2025-10-10 09:00:00,31.7,58.71,1003.19,22.6,4.05,116.1,598.2,normal
2025-10-10 09:10:00,31.79,57.79,1003.23,22.43,3.33,160.7,626.9,normal
2025-10-10 09:20:00,32.59,55.85,1003.44,22.61,3.77,139.6,638.0,normal
2025-10-10 09:30:00,32.42,56.41,1003.56,22.61,4.08,123.3,683.9,normal
2025-10-10 09:40:00,32.01,54.64,1003.17,21.71,3.47,127.8,689.5,normal
2025-10-10 09:50:00,32.28,55.12,1003.45,22.1,4.67,136.2,695.2,normal
2025-10-10 10:00:00,33.29,54.04,1003.44,22.71,3.95,141.8,724.7,normal
2025-10-10 10:10:00,32.97,53.76,1003.68,22.33,4.62,129.9,770.4,normal
2025-10-10 10:20:00,33.43,51.91,1003.6,22.17,3.78,155.9,801.9,normal
2025-10-10 10:30:00,33.23,51.76,1003.66,21.95,4.03,151.2,776.2,normal
2025-10-10 10:40:00,33.83,51.53,1003.74,22.42,4.17,175.7,810.8,normal
2025-10-10 10:50:00,34.31,51.38,1003.83,22.82,3.21,164.7,817.6,normal
2025-10-10 11:00:00,34.55,48.32,1004.25,22.02,3.4,152.2,839.0,normal
2025-10-10 11:10:00,34.69,49.56,1004.38,22.57,4.67,142.6,815.4,normal
2025-10-10 11:20:00,34.49,49.15,1004.25,22.25,4.16,154.1,874.1,normal
2025-10-10 11:30:00,34.38,48.7,1004.61,22.0,4.42,159.8,801.8,normal
2025-10-10 11:40:00,34.81,48.95,1004.7,22.47,4.96,154.8,839.2,normal
2025-10-10 11:50:00,35.04,48.37,1004.9,22.49,4.98,159.7,853.5,normal
2025-10-10 12:00:00,35.39,46.6,1005.02,22.18,4.52,162.0,883.8,normal
2025-10-10 12:10:00,35.42,45.32,1005.17,21.75,4.58,141.9,813.3,normal
2025-10-10 12:20:00,35.37,47.13,1005.3,22.36,4.69,178.8,816.4,normal
2025-10-10 12:30:00,35.56,45.98,1005.72,22.12,5.12,141.7,826.1,normal
2025-10-10 12:40:00,35.48,46.18,1005.64,22.12,4.53,164.9,834.3,normal
2025-10-10 12:50:00,35.52,45.79,1006.24,22.02,4.8,167.2,809.6,normal
2025-10-10 13:00:00,35.11,44.65,1006.19,21.24,4.89,155.0,819.1,normal
2025-10-10 13:10:00,36.09,44.76,1005.9,22.16,5.46,167.9,823.9,normal
2025-10-10 13:20:00,36.65,46.03,1006.13,23.13,5.28,188.6,822.5,normal
2025-10-10 13:30:00,36.0,44.57,1006.47,22.01,5.52,166.4,820.2,normal
2025-10-10 13:40:00,36.44,44.7,1006.18,22.45,5.42,158.7,734.6,normal
2025-10-10 13:50:00,36.34,43.75,1006.52,22.0,4.95,193.3,764.6,normal
2025-10-10 14:00:00,36.39,45.74,1006.32,22.79,4.83,207.5,741.1,normal
2025-10-10 14:10:00,35.89,45.4,1006.78,22.21,4.72,179.9,732.7,normal
2025-10-10 14:20:00,36.8,47.45,1006.8,23.77,5.29,175.9,689.4,normal
2025-10-10 14:30:00,35.96,45.97,1006.63,22.48,4.09,205.5,650.9,normal
2025-10-10 14:40:00,36.12,44.91,1006.25,22.24,5.13,196.0,623.8,normal
2025-10-10 14:50:00,35.48,45.43,1006.88,21.85,4.56,202.9,644.0,normal
2025-10-10 15:00:00,36.23,45.6,1006.68,22.6,6.01,185.7,602.3,normal
2025-10-10 15:10:00,35.65,45.32,1006.61,21.97,5.03,215.9,600.6,normal
2025-10-10 15:20:00,35.33,46.08,1006.96,21.95,5.1,193.0,514.4,normal
2025-10-10 15:30:00,35.76,46.77,1006.9,22.58,4.32,177.6,510.6,normal
2025-10-10 15:40:00,35.17,45.77,1006.75,21.7,4.24,216.8,490.8,normal
2025-10-10 15:50:00,35.47,46.71,1006.76,22.3,5.34,194.9,457.0,normal
2025-10-10 16:00:00,35.49,47.53,1006.7,22.61,5.59,195.4,452.7,normal
2025-10-10 16:10:00,35.47,47.83,1006.24,22.69,4.48,206.2,370.3,normal
2025-10-10 16:20:00,34.98,47.3,1006.18,22.06,4.1,194.8,376.1,normal
2025-10-10 16:30:00,34.68,48.17,1006.37,22.09,5.49,200.4,328.0,normal
2025-10-10 16:40:00,34.43,50.31,1006.02,22.58,4.67,190.8,294.2,normal
2025-10-10 16:50:00,34.33,50.23,1005.94,22.46,4.52,220.1,293.9,normal
2025-10-10 17:00:00,34.18,50.42,1005.77,22.39,4.88,185.8,237.9,normal
2025-10-10 17:10:00,34.06,50.55,1005.99,22.31,4.7,211.2,185.4,normal
2025-10-10 17:20:00,33.53,50.99,1005.65,21.97,3.96,206.6,143.0,normal
2025-10-10 17:30:00,33.84,51.19,1005.41,22.32,4.61,215.1,76.1,normal
2025-10-10 17:40:00,33.06,54.54,1005.37,22.64,4.48,207.3,75.5,normal
2025-10-10 17:50:00,33.4,52.8,1005.19,22.43,3.97,228.0,7.8,normal
2025-10-10 18:00:00,33.19,53.11,1005.01,22.33,3.75,213.3,0.0,normal
2025-10-10 18:10:00,32.55,54.82,1004.72,22.27,5.07,241.6,0.0,normal
2025-10-10 18:20:00,32.53,55.71,1004.67,22.51,4.29,211.4,0.0,normal
2025-10-10 18:30:00,32.46,55.42,1004.54,22.36,3.13,201.1,0.0,normal
2025-10-10 18:40:00,31.8,55.7,1004.42,21.83,3.32,199.6,0.0,normal
2025-10-10 18:50:00,31.43,57.51,1004.51,22.01,3.81,216.2,0.0,normal
2025-10-10 19:00:00,31.75,57.31,1003.97,22.25,3.43,232.6,0.0,normal
2025-10-10 19:10:00,30.75,58.32,1004.08,21.61,2.87,225.3,0.0,normal
2025-10-10 19:20:00,31.3,59.3,1003.68,22.39,4.16,224.1,0.0,normal
2025-10-10 19:30:00,30.29,60.24,1003.87,21.71,2.87,211.5,0.0,normal
2025-10-10 19:40:00,30.27,61.35,1003.3,21.99,2.96,229.1,0.0,normal
2025-10-10 19:50:00,30.34,61.61,1003.48,22.12,3.19,229.0,0.0,normal
2025-10-10 20:00:00,29.91,63.59,1003.59,22.24,3.17,221.4,0.0,normal
2025-10-10 20:10:00,30.05,63.78,1003.32,22.42,3.74,203.5,0.0,normal
2025-10-10 20:20:00,29.67,63.13,1003.3,21.89,3.11,197.2,0.0,normal
2025-10-10 20:30:00,29.34,65.53,1003.52,22.2,2.68,210.8,0.0,normal
2025-10-10 20:40:00,28.62,66.42,1003.28,21.74,1.86,209.9,0.0,normal
2025-10-10 20:50:00,28.8,65.93,1003.19,21.79,2.27,232.2,0.0,normal
2025-10-10 21:00:00,28.59,66.88,1003.08,21.82,3.15,199.3,0.0,normal
2025-10-10 21:10:00,28.09,68.78,1003.07,21.81,2.16,201.4,0.0,normal
2025-10-10 21:20:00,28.05,67.19,1003.33,21.38,3.01,191.3,0.0,normal
2025-10-10 21:30:00,27.69,69.31,1003.43,21.54,2.75,195.4,0.0,normal
2025-10-10 21:40:00,27.58,68.68,1003.37,21.29,3.11,191.2,0.0,normal
2025-10-10 21:50:00,27.75,70.79,1003.21,21.95,1.61,221.4,0.0,normal
2025-10-10 22:00:00,27.05,70.88,1003.56,21.3,2.0,229.7,0.0,normal
2025-10-10 22:10:00,27.49,71.23,1003.54,21.8,2.83,205.1,0.0,normal
2025-10-10 22:20:00,25.99,72.29,1003.78,20.61,2.27,207.5,0.0,normal
2025-10-10 22:30:00,26.46,72.34,1003.67,21.07,1.32,178.2,0.0,normal
2025-10-10 22:40:00,25.75,73.07,1003.82,20.55,1.87,205.4,0.0,normal
2025-10-10 22:50:00,26.22,75.1,1004.09,21.45,0.83,206.9,0.0,normal
2025-10-10 23:00:00,25.64,75.19,1003.89,20.91,1.31,218.6,0.0,normal
2025-10-10 23:10:00,25.39,75.24,1004.2,20.68,1.85,238.5,0.0,normal
2025-10-10 23:20:00,25.67,76.11,1004.56,21.13,1.06,229.8,0.0,normal
2025-10-10 23:30:00,25.47,75.16,1004.27,20.73,0.5,211.6,0.0,normal
2025-10-10 23:40:00,25.14,78.2,1004.62,21.07,1.45,208.4,0.0,normal
2025-10-10 23:50:00,25.15,76.92,1005.04,20.81,1.28,212.6,0.0,normal
2025-10-11 00:00:00,24.88,77.02,1005.14,20.56,0.94,207.7,0.0,normal
2025-10-11 00:10:00,24.29,79.13,1005.06,20.43,0.76,195.4,0.0,normal
2025-10-11 00:20:00,24.06,79.34,1005.32,20.25,0.93,211.9,0.0,normal
2025-10-11 00:30:00,24.71,76.61,1005.16,20.31,0.5,208.8,0.0,normal
2025-10-11 00:40:00,24.88,77.31,1005.53,20.62,0.98,180.1,0.0,normal
2025-10-11 00:50:00,23.96,80.46,1005.66,20.39,0.83,197.8,0.0,normal
2025-10-11 01:00:00,23.78,79.98,1006.0,20.11,0.81,169.4,0.0,normal
2025-10-11 01:10:00,24.2,80.63,1005.99,20.66,0.5,168.0,0.0,normal
2025-10-11 01:20:00,24.01,78.92,1006.15,20.12,1.13,192.3,0.0,normal
2025-10-11 01:30:00,24.33,78.17,1006.18,20.28,2.05,170.5,0.0,normal
2025-10-11 01:40:00,24.12,80.15,1006.31,20.47,0.88,168.3,0.0,normal
2025-10-11 01:50:00,23.73,79.38,1006.69,19.94,0.5,158.0,0.0,normal
2025-10-11 02:00:00,23.95,79.13,1006.34,20.11,1.23,162.4,0.0,normal
2025-10-11 02:10:00,24.34,79.03,1006.78,20.46,1.32,181.4,0.0,normal
2025-10-11 02:20:00,24.63,79.79,1006.9,20.9,0.5,188.8,0.0,normal
2025-10-11 02:30:00,24.13,79.29,1006.81,20.31,1.22,179.3,0.0,normal
2025-10-11 02:40:00,23.81,79.72,1006.73,20.09,0.54,172.3,0.0,normal
2025-10-11 02:50:00,23.88,79.48,1006.83,20.1,1.58,186.4,0.0,normal
2025-10-11 03:00:00,24.6,78.71,1006.91,20.65,0.5,154.4,0.0,normal
2025-10-11 03:10:00,24.3,79.4,1006.59,20.5,1.41,166.8,0.0,normal
2025-10-11 03:20:00,24.46,78.26,1006.81,20.42,1.0,176.4,0.0,normal
2025-10-11 03:30:00,24.58,78.24,1006.92,20.53,0.67,159.3,0.0,normal
2025-10-11 03:40:00,24.51,77.34,1006.55,20.28,0.87,164.9,0.0,normal
2025-10-11 03:50:00,24.86,77.53,1006.75,20.65,1.59,150.4,0.0,normal
2025-10-11 04:00:00,24.29,77.49,1006.53,20.09,1.51,135.7,0.0,normal
2025-10-11 04:10:00,25.1,78.27,1006.5,21.04,0.5,166.9,0.0,normal
2025-10-11 04:20:00,25.34,77.85,1006.44,21.19,1.17,174.2,0.0,normal
2025-10-11 04:30:00,25.34,75.06,1005.92,20.59,1.4,157.7,0.0,normal
2025-10-11 04:40:00,25.31,75.39,1006.15,20.63,1.52,134.0,0.0,normal
2025-10-11 04:50:00,25.86,76.21,1005.96,21.34,1.44,147.6,0.0,normal
2025-10-11 05:00:00,25.33,75.09,1005.91,20.59,2.25,177.0,0.0,normal
2025-10-11 05:10:00,26.66,74.0,1005.99,21.63,2.02,150.3,0.0,normal
2025-10-11 05:20:00,25.64,74.1,1005.6,20.67,1.54,129.5,0.0,normal
2025-10-11 05:30:00,26.55,72.71,1005.61,21.24,2.09,130.6,0.0,normal
2025-10-11 05:40:00,25.81,74.08,1005.34,20.83,2.55,150.5,0.0,normal
2025-10-11 05:50:00,26.72,71.98,1005.15,21.24,1.96,132.5,0.0,normal
2025-10-11 06:00:00,26.9,70.68,1005.19,21.11,1.94,172.9,9.9,normal
2025-10-11 06:10:00,27.62,70.23,1004.77,21.69,1.56,118.5,42.0,normal
2025-10-11 06:20:00,27.34,72.86,1004.77,22.03,1.87,171.3,70.4,normal
2025-10-11 06:30:00,27.17,68.74,1004.63,20.91,3.23,130.9,110.3,normal
2025-10-11 06:40:00,28.55,69.47,1004.37,22.41,2.18,142.3,147.5,normal
2025-10-11 06:50:00,28.61,69.14,1004.36,22.39,2.62,160.5,209.8,normal
2025-10-11 07:00:00,28.53,66.45,1004.19,21.65,2.41,129.9,188.0,normal
2025-10-11 07:10:00,28.99,66.47,1003.8,22.09,2.78,153.6,243.7,normal
2025-10-11 07:20:00,29.03,66.08,1003.67,22.04,3.56,124.5,277.7,normal
2025-10-11 07:30:00,29.22,64.23,1003.8,21.75,3.15,162.6,310.7,normal
2025-10-11 07:40:00,29.64,62.72,1003.69,21.76,2.15,142.4,373.5,normal
2025-10-11 07:50:00,29.83,63.41,1003.51,22.12,3.44,149.3,364.6,normal
2025-10-11 08:00:00,30.06,61.82,1003.64,21.92,2.7,148.1,426.7,normal
2025-10-11 08:10:00,30.15,61.94,1003.46,22.04,4.05,154.9,477.3,normal
2025-10-11 08:20:00,30.64,59.4,1003.35,21.81,3.19,132.7,453.1,normal
2025-10-11 08:30:00,30.54,59.75,1003.29,21.8,2.51,128.2,479.8,normal
2025-10-11 08:40:00,31.05,59.29,1002.96,22.15,3.81,165.4,564.0,normal
2025-10-11 08:50:00,30.91,59.63,1003.28,22.12,1.92,134.8,572.0,normal
2025-10-11 09:00:00,31.6,57.63,1003.2,22.21,3.14,157.6,578.7,normal
2025-10-11 09:10:00,31.48,59.07,1003.13,22.5,3.65,151.0,600.2,normal
2025-10-11 09:20:00,32.07,57.78,1003.14,22.69,4.16,134.0,695.0,normal
2025-10-11 09:30:00,32.3,54.09,1003.15,21.81,4.32,145.5,682.2,normal
2025-10-11 09:40:00,32.99,54.99,1003.51,22.72,4.27,145.7,679.6,normal
2025-10-11 09:50:00,32.63,53.59,1003.57,21.96,3.24,146.9,717.8,normal
2025-10-11 10:00:00,33.18,54.21,1003.29,22.66,3.56,154.7,762.3,normal
2025-10-11 10:10:00,33.28,53.32,1003.85,22.48,3.71,148.9,717.8,normal
2025-10-11 10:20:00,33.58,53.13,1003.25,22.7,4.26,154.5,764.6,normal
2025-10-11 10:30:00,34.34,51.34,1003.87,22.83,4.27,150.2,787.0,normal
2025-10-11 10:40:00,33.53,53.12,1003.79,22.64,3.6,135.8,835.4,normal
2025-10-11 10:50:00,34.01,51.94,1003.33,22.71,4.8,113.7,844.4,normal
2025-10-11 11:00:00,34.35,49.12,1004.3,22.11,4.29,151.1,785.7,normal
2025-10-11 11:10:00,34.1,49.18,1004.27,21.9,5.47,140.2,826.4,normal
2025-10-11 11:20:00,34.49,49.68,1004.36,22.42,5.08,164.0,838.4,normal
2025-10-11 11:30:00,35.11,49.19,1004.55,22.83,5.13,130.1,861.6,normal
2025-10-11 11:40:00,34.68,48.35,1004.77,22.15,4.09,134.4,844.8,normal
2025-10-11 11:50:00,35.25,47.82,1004.9,22.49,4.64,172.3,872.8,normal
2025-10-11 12:00:00,35.04,47.53,1004.77,22.19,4.49,178.8,841.6,normal
2025-10-11 12:10:00,35.15,46.87,1005.26,22.07,5.41,132.1,865.1,normal
2025-10-11 12:20:00,35.35,45.56,1005.21,21.78,4.68,189.2,889.2,normal
2025-10-11 12:30:00,35.85,45.25,1005.66,22.12,4.96,212.2,835.2,normal
2025-10-11 12:40:00,35.95,45.42,1005.68,22.27,5.57,153.2,822.2,normal
2025-10-11 12:50:00,35.85,45.77,1005.79,22.31,4.96,178.5,819.7,normal
2025-10-11 13:00:00,35.72,45.21,1005.76,21.99,4.62,183.6,835.8,normal
2025-10-11 13:10:00,35.9,45.45,1006.14,22.24,5.29,187.7,823.1,normal
2025-10-11 13:20:00,35.54,44.25,1006.26,21.48,5.18,178.4,843.1,normal
2025-10-11 13:30:00,35.73,44.94,1006.07,21.9,5.54,189.8,785.7,normal
2025-10-11 13:40:00,36.15,43.79,1006.19,21.85,4.19,193.5,780.8,normal
2025-10-11 13:50:00,35.99,45.77,1006.51,22.44,4.81,163.2,769.1,normal
2025-10-11 14:00:00,36.27,44.68,1006.45,22.29,5.04,177.3,715.3,normal
2025-10-11 14:10:00,36.71,45.11,1006.6,22.84,5.09,179.1,729.7,normal
2025-10-11 14:20:00,36.23,44.56,1006.43,22.21,4.62,190.4,705.7,normal
2025-10-11 14:30:00,35.95,45.49,1006.78,22.3,4.81,202.7,721.8,normal
2025-10-11 14:40:00,35.96,46.87,1006.81,22.8,4.62,201.2,638.8,normal
2025-10-11 14:50:00,36.06,46.27,1006.84,22.67,5.52,205.6,596.0,normal
2025-10-11 15:00:00,35.67,46.4,1006.7,22.37,4.63,171.7,620.1,normal
2025-10-11 15:10:00,35.52,44.6,1006.71,21.59,4.88,214.0,582.1,normal
2025-10-11 15:20:00,35.85,47.57,1006.64,22.95,5.42,197.1,541.8,normal
2025-10-11 15:30:00,35.71,46.67,1006.66,22.51,4.46,179.4,505.5,normal
2025-10-11 15:40:00,35.13,46.94,1006.55,22.07,4.49,186.0,484.9,normal
2025-10-11 15:50:00,35.44,45.27,1006.61,21.75,5.38,173.9,444.7,normal
2025-10-11 16:00:00,35.16,46.5,1006.62,21.95,4.8,193.0,411.1,normal
2025-10-11 16:10:00,35.13,48.05,1006.45,22.46,4.99,198.3,399.6,normal
2025-10-11 16:20:00,34.83,49.75,1006.66,22.75,4.85,205.9,332.6,normal
2025-10-11 16:30:00,34.69,47.48,1006.39,21.86,3.78,206.2,321.7,normal
2025-10-11 16:40:00,34.77,48.23,1005.98,22.19,4.54,198.2,295.1,normal
2025-10-11 16:50:00,34.44,48.66,1005.84,22.04,4.77,189.9,252.8,normal
2025-10-11 17:00:00,34.32,50.66,1005.84,22.6,3.75,198.0,185.8,normal
2025-10-11 17:10:00,34.0,50.59,1005.94,22.28,3.85,216.7,204.9,normal
2025-10-11 17:20:00,33.86,51.22,1005.68,22.35,4.5,179.9,126.1,normal
2025-10-11 17:30:00,33.27,51.78,1005.6,21.99,3.55,217.9,92.0,normal
2025-10-11 17:40:00,33.89,51.11,1005.48,22.35,4.18,229.9,73.0,normal
2025-10-11 17:50:00,32.87,52.68,1005.16,21.91,4.09,219.1,48.7,normal
2025-10-11 18:00:00,32.9,54.69,1005.1,22.55,4.43,208.9,0.0,normal
2025-10-11 18:10:00,33.11,54.8,1004.77,22.77,3.99,187.7,0.0,normal
2025-10-11 18:20:00,32.7,55.68,1004.79,22.66,4.0,224.0,0.0,normal
2025-10-11 18:30:00,32.79,57.14,1004.52,23.17,3.95,197.8,0.0,normal
2025-10-11 18:40:00,31.79,56.09,1004.32,21.93,3.36,223.1,0.0,normal
2025-10-11 18:50:00,31.71,57.55,1004.35,22.28,3.36,241.4,0.0,normal
2025-10-11 19:00:00,31.28,57.5,1004.08,21.87,3.77,226.7,0.0,normal
2025-10-11 19:10:00,31.18,58.36,1003.94,22.02,3.62,203.3,0.0,normal
2025-10-11 19:20:00,31.07,59.55,1003.58,22.25,3.92,240.5,0.0,normal
2025-10-11 19:30:00,30.82,59.7,1003.68,22.05,4.45,229.2,0.0,normal
2025-10-11 19:40:00,30.76,62.58,1003.39,22.78,3.28,221.6,0.0,normal
2025-10-11 19:50:00,30.02,62.21,1003.61,21.98,4.59,249.1,0.0,normal
2025-10-11 20:00:00,30.02,62.69,1003.24,22.11,2.69,234.5,0.0,normal
2025-10-11 20:10:00,29.8,64.22,1003.33,22.3,3.18,234.0,0.0,normal
2025-10-11 20:20:00,28.85,63.47,1003.32,21.21,3.45,212.9,0.0,normal
2025-10-11 20:30:00,28.89,63.93,1003.18,21.36,3.24,217.9,0.0,normal
2025-10-11 20:40:00,29.51,65.4,1002.94,22.33,2.73,211.8,0.0,normal
2025-10-11 20:50:00,29.08,66.33,1003.05,22.14,2.68,204.5,0.0,normal
2025-10-11 21:00:00,28.54,67.64,1003.17,21.95,2.28,233.6,0.0,normal
2025-10-11 21:10:00,28.39,67.52,1003.03,21.79,2.04,189.5,0.0,normal
2025-10-11 21:20:00,27.53,68.47,1003.31,21.2,2.03,194.1,0.0,normal
2025-10-11 21:30:00,27.92,68.86,1003.49,21.66,1.38,210.4,0.0,normal
2025-10-11 21:40:00,27.92,69.65,1003.26,21.85,2.64,201.5,0.0,normal
2025-10-11 21:50:00,27.38,71.32,1003.17,21.72,1.98,241.8,0.0,normal
2025-10-11 22:00:00,26.67,70.95,1003.44,20.95,1.44,211.4,0.0,normal
2025-10-11 22:10:00,26.5,71.04,1003.65,20.81,1.6,240.7,0.0,normal
2025-10-11 22:20:00,27.12,70.96,1003.54,21.38,2.06,230.0,0.0,normal
2025-10-11 22:30:00,26.52,74.0,1003.69,21.5,2.27,211.8,0.0,normal
2025-10-11 22:40:00,26.42,73.18,1004.16,21.21,1.36,206.7,0.0,normal
2025-10-11 22:50:00,25.76,73.9,1003.92,20.74,1.44,191.7,0.0,normal
2025-10-11 23:00:00,25.49,76.4,1004.35,21.03,2.07,186.7,0.0,normal
2025-10-11 23:10:00,24.87,75.24,1004.12,20.17,1.91,199.2,0.0,normal
2025-10-11 23:20:00,25.12,76.04,1004.51,20.59,1.75,232.2,0.0,normal
2025-10-11 23:30:00,25.13,76.77,1004.36,20.76,0.5,215.7,0.0,normal
2025-10-11 23:40:00,24.94,76.76,1004.72,20.57,1.79,200.8,0.0,normal
2025-10-11 23:50:00,24.6,77.5,1004.84,20.39,0.79,192.5,0.0,normal
2025-10-12 00:00:00,24.56,78.52,1005.01,20.57,1.38,196.9,0.0,normal
2025-10-12 00:10:00,24.54,78.02,1004.97,20.45,1.45,201.0,0.0,normal
2025-10-12 00:20:00,24.18,77.93,1005.57,20.08,0.81,211.1,0.0,normal
2025-10-12 00:30:00,24.21,78.57,1005.26,20.24,1.23,182.6,0.0,normal
2025-10-12 00:40:00,24.09,80.02,1005.86,20.42,0.88,173.0,0.0,normal
2025-10-12 00:50:00,23.85,78.09,1005.8,19.79,1.0,217.8,0.0,normal
2025-10-12 01:00:00,24.53,80.14,1005.96,20.87,1.05,195.6,0.0,normal
2025-10-12 01:10:00,24.54,81.06,1006.13,21.07,0.5,217.3,0.0,normal
2025-10-12 01:20:00,23.57,78.29,1006.12,19.56,0.75,172.1,0.0,normal
2025-10-12 01:30:00,24.57,78.8,1006.23,20.64,1.34,179.6,0.0,normal
2025-10-12 01:40:00,24.46,79.35,1006.46,20.64,1.5,172.3,0.0,normal
2025-10-12 01:50:00,23.86,79.9,1006.51,20.17,1.18,155.6,0.0,normal
2025-10-12 02:00:00,24.15,80.63,1006.57,20.61,0.55,205.5,0.0,normal
2025-10-12 02:10:00,23.51,80.03,1006.6,19.86,0.5,197.7,0.0,normal
2025-10-12 02:20:00,23.59,79.51,1006.67,19.83,1.42,171.8,0.0,normal
2025-10-12 02:30:00,23.87,79.95,1006.66,20.19,1.23,184.5,0.0,normal
2025-10-12 02:40:00,24.83,78.56,1006.9,20.84,0.84,192.6,0.0,normal
2025-10-12 02:50:00,23.89,79.36,1006.69,20.09,1.51,162.6,0.0,normal
2025-10-12 03:00:00,24.31,77.97,1006.8,20.22,1.22,164.4,0.0,normal
2025-10-12 03:10:00,24.25,79.83,1006.64,20.54,0.8,139.1,0.0,normal
2025-10-12 03:20:00,25.18,78.37,1007.0,21.14,1.16,181.8,0.0,normal
2025-10-12 03:30:00,24.31,79.57,1006.86,20.54,1.61,156.1,0.0,normal
2025-10-12 03:40:00,23.89,78.56,1006.72,19.93,0.5,157.0,0.0,normal
2025-10-12 03:50:00,25.06,78.11,1006.87,20.97,1.39,170.7,0.0,normal
2025-10-12 04:00:00,24.39,77.18,1006.63,20.13,0.9,143.1,0.0,normal
2025-10-12 04:10:00,24.91,76.42,1006.56,20.47,1.96,169.9,0.0,normal
2025-10-12 04:20:00,25.14,78.0,1006.31,21.02,0.95,173.3,0.0,normal
2025-10-12 04:30:00,25.01,76.55,1006.28,20.59,1.75,165.7,0.0,normal
2025-10-12 04:40:00,25.73,75.83,1006.17,21.13,0.75,189.4,0.0,normal
2025-10-12 04:50:00,25.31,75.51,1006.16,20.66,1.15,157.9,0.0,normal
2025-10-12 05:00:00,25.67,73.73,1005.72,20.62,1.46,173.1,0.0,normal
2025-10-12 05:10:00,26.08,75.66,1005.83,21.44,1.41,154.0,0.0,normal
2025-10-12 05:20:00,26.23,74.09,1005.78,21.23,1.74,141.5,0.0,normal
2025-10-12 05:30:00,26.42,73.06,1005.68,21.19,1.06,132.6,0.0,normal
2025-10-12 05:40:00,26.56,71.75,1005.35,21.03,1.87,172.5,0.0,normal
2025-10-12 05:50:00,26.2,71.24,1004.94,20.57,1.9,155.1,0.0,normal
2025-10-12 06:00:00,27.05,71.5,1004.86,21.44,1.45,156.8,22.5,normal
2025-10-12 06:10:00,27.4,70.4,1004.76,21.52,1.79,156.1,23.9,normal
2025-10-12 06:20:00,27.14,69.79,1004.67,21.14,1.89,143.1,72.0,normal
2025-10-12 06:30:00,27.28,70.42,1004.41,21.41,2.27,133.8,100.1,normal
2025-10-12 06:40:00,27.99,69.53,1004.29,21.89,3.69,168.3,185.3,normal
2025-10-12 06:50:00,28.09,67.89,1004.41,21.59,2.47,149.0,200.3,normal
2025-10-12 07:00:00,28.76,67.04,1004.22,22.02,1.98,125.3,188.9,normal
2025-10-12 07:10:00,28.93,66.79,1003.79,22.12,2.62,136.5,250.9,normal
2025-10-12 07:20:00,29.09,66.13,1004.01,22.11,2.22,131.0,274.3,normal
2025-10-12 07:30:00,29.53,65.23,1003.85,22.3,2.5,140.9,289.6,normal
2025-10-12 07:40:00,29.74,61.94,1003.69,21.64,3.0,150.5,388.4,normal
2025-10-12 07:50:00,30.36,62.95,1003.69,22.49,2.28,138.2,419.0,normal
2025-10-12 08:00:00,30.37,62.68,1003.34,22.44,2.67,149.6,416.9,normal
2025-10-12 08:10:00,30.0,62.08,1003.27,21.93,3.17,123.8,477.5,normal
2025-10-12 08:20:00,30.47,62.1,1003.37,22.38,2.59,156.1,518.3,normal
2025-10-12 08:30:00,30.62,60.04,1003.08,21.96,3.51,136.8,512.6,normal
2025-10-12 08:40:00,31.12,59.23,1003.05,22.2,3.91,117.4,579.2,normal
2025-10-12 08:50:00,31.15,58.83,1002.99,22.12,3.59,162.6,578.9,normal
2025-10-12 09:00:00,31.08,57.62,1003.14,21.71,3.47,137.9,577.7,normal
2025-10-12 09:10:00,31.79,57.31,1002.92,22.29,3.97,143.1,596.5,normal
2025-10-12 09:20:00,31.73,55.61,1003.1,21.74,2.75,125.8,619.5,normal
2025-10-12 09:30:00,32.53,55.38,1003.49,22.41,4.12,164.7,722.5,normal
2025-10-12 09:40:00,32.41,54.76,1003.42,22.11,3.58,144.7,725.0,normal
2025-10-12 09:50:00,32.89,55.81,1003.23,22.87,4.17,148.2,746.4,normal
2025-10-12 10:00:00,33.15,53.9,1003.38,22.54,3.98,151.3,759.8,normal
2025-10-12 10:10:00,33.04,53.77,1003.57,22.4,4.51,150.0,790.3,normal
2025-10-12 10:20:00,32.73,53.21,1003.65,21.94,4.14,135.5,787.9,normal
2025-10-12 10:30:00,33.8,51.65,1003.46,22.43,3.52,150.1,795.3,normal
2025-10-12 10:40:00,34.03,51.98,1003.83,22.75,4.01,137.2,798.3,normal
2025-10-12 10:50:00,34.0,51.23,1004.14,22.48,4.9,117.9,840.1,normal
2025-10-12 11:00:00,33.9,49.5,1004.26,21.83,4.56,153.4,850.9,normal
2025-10-12 11:10:00,34.4,51.55,1004.07,22.95,4.3,158.1,824.6,normal
2025-10-12 11:20:00,34.52,48.05,1004.44,21.9,4.87,169.2,827.2,normal
2025-10-12 11:30:00,34.83,49.46,1004.37,22.66,3.74,164.9,801.7,normal
2025-10-12 11:40:00,35.0,48.26,1004.86,22.41,4.45,162.2,836.0,normal
2025-10-12 11:50:00,35.09,48.24,1004.7,22.49,4.51,178.1,890.1,normal
2025-10-12 12:00:00,35.27,46.74,1004.98,22.13,4.99,163.8,863.8,normal
2025-10-12 12:10:00,35.55,47.9,1005.15,22.79,4.72,151.9,845.5,normal
2025-10-12 12:20:00,35.33,45.67,1005.34,21.8,4.21,192.2,843.2,normal
2025-10-12 12:30:00,35.82,47.18,1005.49,22.78,4.51,165.6,821.1,normal
2025-10-12 12:40:00,35.74,45.74,1005.48,22.2,5.35,153.7,837.2,normal
2025-10-12 12:50:00,36.01,47.19,1005.65,22.96,4.41,130.1,799.5,normal
2025-10-12 13:00:00,36.1,46.96,1006.13,22.96,3.98,168.0,808.1,normal
2025-10-12 13:10:00,36.08,44.36,1006.06,22.0,5.55,201.0,822.3,normal
2025-10-12 13:20:00,35.69,45.74,1006.04,22.15,5.23,195.5,773.7,normal
2025-10-12 13:30:00,35.63,44.84,1006.33,21.77,4.52,169.5,764.2,normal
2025-10-12 13:40:00,36.0,45.73,1006.4,22.43,4.69,188.5,768.6,normal
2025-10-12 13:50:00,36.16,44.3,1006.55,22.05,4.23,179.4,768.3,normal
2025-10-12 14:00:00,36.53,44.44,1006.28,22.44,5.9,164.8,727.2,normal
2025-10-12 14:10:00,36.34,45.2,1006.63,22.54,4.85,211.8,698.7,normal
2025-10-12 14:20:00,36.04,44.78,1006.98,22.12,4.26,167.1,701.7,normal
2025-10-12 14:30:00,35.89,44.91,1006.94,22.03,4.87,202.8,677.6,normal
2025-10-12 14:40:00,35.97,45.25,1006.9,22.23,4.22,192.9,677.7,normal
2025-10-12 14:50:00,35.9,45.45,1006.79,22.23,5.84,166.7,595.9,normal
2025-10-12 15:00:00,35.93,46.16,1006.85,22.52,4.48,164.9,584.7,normal
2025-10-12 15:10:00,35.97,44.54,1006.73,21.97,4.99,191.1,630.2,normal
2025-10-12 15:20:00,35.88,45.51,1006.7,22.24,3.95,181.1,523.1,normal
2025-10-12 15:30:00,35.31,47.29,1006.8,22.36,5.1,186.2,541.1,normal
2025-10-12 15:40:00,35.39,45.85,1006.69,21.92,5.1,203.4,468.8,normal
2025-10-12 15:50:00,34.96,46.4,1006.52,21.73,4.68,184.0,488.9,normal
2025-10-12 16:00:00,35.69,48.26,1006.35,23.04,4.57,192.9,440.5,normal
2025-10-12 16:10:00,35.39,48.1,1006.43,22.71,4.18,202.7,390.8,normal
2025-10-12 16:20:00,34.33,48.3,1006.45,21.82,4.69,203.5,380.4,normal
2025-10-12 16:30:00,34.52,48.68,1006.08,22.12,4.43,217.2,321.7,normal
2025-10-12 16:40:00,34.42,48.38,1006.26,21.93,3.84,228.6,293.1,normal
2025-10-12 16:50:00,35.04,49.96,1005.96,23.01,4.5,199.7,263.0,normal
2025-10-12 17:00:00,34.94,50.7,1005.7,23.17,4.23,194.1,195.0,normal
2025-10-12 17:10:00,34.16,50.57,1005.88,22.41,5.12,191.5,179.2,normal
2025-10-12 17:20:00,33.77,51.83,1005.45,22.46,3.64,221.8,129.2,normal
2025-10-12 17:30:00,33.72,52.48,1005.43,22.63,4.8,220.7,125.3,normal
2025-10-12 17:40:00,33.27,52.92,1005.38,22.34,3.55,187.3,99.8,normal
2025-10-12 17:50:00,33.38,53.27,1005.32,22.56,4.65,235.1,47.2,normal
2025-10-12 18:00:00,33.49,54.21,1004.98,22.95,3.95,197.2,14.4,normal
2025-10-12 18:10:00,32.33,55.2,1004.78,22.17,4.08,233.9,0.0,normal
2025-10-12 18:20:00,32.54,54.67,1004.51,22.2,3.82,229.0,0.0,normal
2025-10-12 18:30:00,32.73,54.99,1004.46,22.48,4.02,218.4,0.0,normal
2025-10-12 18:40:00,32.26,58.09,1004.29,22.95,3.56,209.1,0.0,normal
2025-10-12 18:50:00,31.72,56.34,1003.93,21.95,3.53,226.4,0.0,normal
2025-10-12 19:00:00,31.05,58.62,1004.0,21.97,3.5,219.9,0.0,normal
2025-10-12 19:10:00,31.78,58.72,1004.03,22.68,2.77,239.3,0.0,normal
2025-10-12 19:20:00,31.44,60.01,1003.72,22.72,4.23,221.9,0.0,normal
2025-10-12 19:30:00,31.07,61.62,1003.66,22.81,2.65,228.2,0.0,normal
2025-10-12 19:40:00,30.63,61.02,1003.58,22.24,2.97,210.0,0.0,normal
2025-10-12 19:50:00,30.24,60.78,1003.66,21.81,3.29,231.0,0.0,normal
2025-10-12 20:00:00,29.92,62.77,1003.35,22.04,3.51,249.6,0.0,normal
2025-10-12 20:10:00,29.61,63.02,1003.24,21.81,2.69,237.4,0.0,normal
2025-10-12 20:20:00,29.87,63.7,1003.29,22.23,3.88,225.7,0.0,normal
2025-10-12 20:30:00,29.07,65.71,1003.38,21.98,2.78,221.6,0.0,normal
2025-10-12 20:40:00,29.08,66.53,1003.16,22.2,2.2,236.4,0.0,normal
2025-10-12 20:50:00,28.68,67.59,1003.29,22.07,3.51,214.3,0.0,normal
2025-10-12 21:00:00,28.51,66.81,1003.05,21.72,2.33,206.0,0.0,normal
2025-10-12 21:10:00,28.44,67.77,1003.37,21.89,2.71,207.4,0.0,normal
2025-10-12 21:20:00,27.9,69.14,1003.1,21.71,1.34,217.0,0.0,normal
2025-10-12 21:30:00,27.46,70.23,1002.85,21.54,1.76,233.0,0.0,normal
2025-10-12 21:40:00,27.72,69.87,1003.36,21.71,1.37,231.0,0.0,normal
2025-10-12 21:50:00,27.08,71.03,1003.56,21.36,2.05,215.0,0.0,normal
2025-10-12 22:00:00,27.03,71.06,1003.33,21.32,2.08,212.0,0.0,normal
2025-10-12 22:10:00,26.5,71.14,1003.56,20.83,2.12,209.4,0.0,normal
2025-10-12 22:20:00,26.98,71.96,1003.45,21.48,2.48,205.5,0.0,normal
2025-10-12 22:30:00,26.4,73.52,1003.8,21.28,2.47,233.5,0.0,normal
2025-10-12 22:40:00,26.02,72.66,1003.94,20.72,0.92,192.9,0.0,normal
2025-10-12 22:50:00,26.23,75.66,1004.23,21.58,2.35,215.7,0.0,normal
2025-10-12 23:00:00,25.25,74.64,1004.12,20.42,2.4,204.6,0.0,normal
2025-10-12 23:10:00,25.73,75.89,1004.19,21.14,1.35,225.3,0.0,normal
2025-10-12 23:20:00,25.12,75.06,1004.06,20.38,1.47,211.6,0.0,normal
2025-10-12 23:30:00,25.04,76.37,1004.41,20.58,0.94,198.5,0.0,normal
2025-10-12 23:40:00,24.83,76.27,1004.53,20.36,0.5,187.3,0.0,normal
2025-10-12 23:50:00,25.1,76.02,1004.85,20.56,1.54,192.9,0.0,normal
2025-10-13 00:00:00,24.87,77.3,1005.08,20.61,1.99,192.5,0.0,normal
2025-10-13 00:10:00,24.36,77.92,1005.06,20.26,1.62,202.9,0.0,normal
2025-10-13 00:20:00,23.99,78.09,1005.39,19.93,1.49,181.1,0.0,normal
2025-10-13 00:30:00,24.42,80.15,1005.41,20.77,0.73,181.5,0.0,normal
2025-10-13 00:40:00,24.63,78.48,1005.4,20.63,1.43,224.2,0.0,normal
2025-10-13 00:50:00,24.22,79.3,1005.81,20.4,0.5,208.7,0.0,normal
2025-10-13 01:00:00,23.85,80.01,1005.91,20.19,1.35,173.9,0.0,normal
2025-10-13 01:10:00,23.99,79.59,1006.25,20.23,0.5,198.2,0.0,normal
2025-10-13 01:20:00,24.05,80.16,1006.11,20.41,1.62,179.2,0.0,normal
2025-10-13 01:30:00,24.09,79.16,1006.2,20.24,1.86,176.0,0.0,normal
2025-10-13 01:40:00,23.99,79.56,1006.3,20.23,0.93,157.1,0.0,normal
2025-10-13 01:50:00,23.96,79.85,1006.89,20.26,1.43,189.2,0.0,normal
2025-10-13 02:00:00,24.17,79.56,1006.82,20.4,0.83,173.1,0.0,normal
2025-10-13 02:10:00,23.75,81.51,1006.52,20.39,1.06,167.1,0.0,normal
2025-10-13 02:20:00,24.17,79.78,1006.69,20.45,1.37,180.3,0.0,normal
2025-10-13 02:30:00,24.11,79.24,1006.67,20.28,0.5,171.4,0.0,normal
2025-10-13 02:40:00,24.33,79.96,1006.84,20.64,1.79,158.9,0.0,normal
2025-10-13 02:50:00,23.89,79.33,1006.78,20.08,0.5,181.9,0.0,normal
2025-10-13 03:00:00,24.47,80.51,1006.63,20.89,1.17,180.2,0.0,normal
2025-10-13 03:10:00,24.06,80.85,1007.0,20.56,0.97,158.3,0.0,normal
2025-10-13 03:20:00,24.71,78.9,1006.94,20.79,1.24,212.2,0.0,normal
2025-10-13 03:30:00,24.49,80.99,1006.57,21.01,1.31,163.2,0.0,normal
2025-10-13 03:40:00,24.51,79.18,1006.47,20.66,2.66,174.5,0.0,normal
2025-10-13 03:50:00,24.84,77.65,1006.79,20.66,0.94,163.1,0.0,normal
2025-10-13 04:00:00,24.56,78.12,1006.28,20.49,0.5,162.0,0.0,normal
2025-10-13 04:10:00,24.52,77.33,1006.63,20.28,0.5,167.4,0.0,normal
2025-10-13 04:20:00,25.34,75.17,1006.37,20.62,2.32,157.8,0.0,normal
2025-10-13 04:30:00,24.92,75.5,1006.27,20.28,1.25,182.4,0.0,normal
2025-10-13 04:40:00,25.42,75.98,1006.4,20.86,2.17,144.4,0.0,normal
2025-10-13 04:50:00,25.48,76.13,1005.83,20.96,1.32,148.8,0.0,normal
2025-10-13 05:00:00,25.56,74.95,1005.97,20.78,2.04,162.4,0.0,normal
2025-10-13 05:10:00,26.37,74.02,1006.03,21.36,2.03,154.2,0.0,normal
2025-10-13 05:20:00,26.31,74.02,1005.79,21.3,1.47,126.4,0.0,normal
2025-10-13 05:30:00,26.59,73.69,1005.38,21.5,2.17,137.5,0.0,normal
2025-10-13 05:40:00,26.19,72.34,1005.05,20.8,1.58,151.4,0.0,normal
2025-10-13 05:50:00,26.8,71.7,1005.25,21.25,1.31,120.7,0.0,normal
2025-10-13 06:00:00,26.84,71.52,1004.91,21.25,2.47,120.3,25.4,normal
2025-10-13 06:10:00,27.29,70.63,1005.03,21.47,2.81,159.8,0.0,normal
2025-10-13 06:20:00,27.38,72.23,1004.56,21.93,1.92,158.9,77.9,normal
2025-10-13 06:30:00,27.25,69.76,1004.63,21.23,2.05,155.1,66.7,normal
2025-10-13 06:40:00,27.97,68.59,1004.25,21.64,1.99,106.5,148.8,normal
2025-10-13 06:50:00,28.32,68.07,1004.47,21.85,1.6,153.9,179.5,normal
2025-10-13 07:00:00,28.45,67.22,1003.73,21.77,1.94,113.3,210.4,normal
2025-10-13 07:10:00,28.93,66.63,1004.0,22.08,3.09,171.9,231.2,normal
2025-10-13 07:20:00,29.18,65.3,1004.06,21.99,2.29,118.5,313.4,normal
2025-10-13 07:30:00,29.25,65.12,1003.57,22.01,3.07,157.4,301.4,normal
2025-10-13 07:40:00,30.26,63.74,1003.47,22.61,2.85,142.3,369.7,normal
2025-10-13 07:50:00,29.91,63.54,1003.79,22.23,2.83,120.7,383.4,normal
2025-10-13 08:00:00,30.27,62.41,1003.4,22.27,2.85,124.9,428.5,normal
2025-10-13 08:10:00,29.99,61.39,1003.51,21.74,3.26,137.7,465.3,normal
2025-10-13 08:20:00,30.51,59.32,1003.41,21.66,2.74,108.5,485.2,normal
2025-10-13 08:30:00,30.68,60.03,1003.44,22.01,2.78,147.3,504.7,normal
2025-10-13 08:40:00,31.01,60.16,1003.38,22.36,2.47,155.6,582.9,normal
2025-10-13 08:50:00,31.17,58.78,1003.21,22.13,3.43,164.5,562.0,normal
2025-10-13 09:00:00,31.37,58.8,1003.06,22.32,3.34,135.7,614.0,normal
2025-10-13 09:10:00,31.88,57.73,1002.99,22.49,3.37,143.5,615.2,normal
2025-10-13 09:20:00,32.23,56.13,1003.32,22.36,4.03,154.2,663.0,normal
2025-10-13 09:30:00,32.33,54.23,1003.38,21.88,3.33,142.4,709.0,normal
2025-10-13 09:40:00,32.89,54.42,1003.23,22.46,4.11,157.7,724.5,normal
2025-10-13 09:50:00,32.8,54.43,1003.06,22.37,4.09,137.3,739.7,normal
2025-10-13 10:00:00,32.86,53.53,1003.42,22.15,3.51,144.1,725.3,normal
2025-10-13 10:10:00,33.23,51.82,1003.57,21.96,3.58,125.5,729.3,normal
2025-10-13 10:20:00,33.74,52.25,1003.75,22.57,3.29,163.7,764.7,normal
2025-10-13 10:30:00,33.18,51.26,1003.71,21.74,3.93,138.8,806.5,normal
2025-10-13 10:40:00,34.15,52.36,1003.7,22.98,5.35,145.6,795.0,normal
2025-10-13 10:50:00,33.98,50.51,1004.02,22.23,4.27,150.2,788.9,normal
2025-10-13 11:00:00,33.87,52.29,1004.14,22.71,3.87,139.4,825.7,normal
2025-10-13 11:10:00,34.4,50.45,1003.91,22.59,4.78,175.7,809.9,normal
2025-10-13 11:20:00,34.72,48.53,1004.13,22.25,4.24,159.3,829.9,normal
2025-10-13 11:30:00,34.8,48.94,1004.59,22.46,4.76,162.6,838.4,normal
2025-10-13 11:40:00,34.81,47.08,1004.71,21.83,4.73,152.2,838.7,normal
2025-10-13 11:50:00,34.75,47.4,1004.8,21.89,4.71,161.5,872.1,normal
2025-10-13 12:00:00,35.34,47.37,1005.07,22.41,5.0,146.4,876.8,normal
2025-10-13 12:10:00,35.62,46.38,1005.35,22.32,6.0,155.1,827.5,normal
2025-10-13 12:20:00,35.31,46.88,1005.35,22.22,5.23,152.5,831.7,normal
2025-10-13 12:30:00,35.51,47.69,1005.6,22.68,5.09,187.3,853.8,normal
2025-10-13 12:40:00,35.65,46.25,1005.62,22.29,4.6,171.6,850.2,normal
2025-10-13 12:50:00,35.54,45.67,1005.55,22.0,4.9,165.7,856.9,normal
2025-10-13 13:00:00,35.56,45.3,1005.55,21.88,5.1,150.9,776.2,normal
2025-10-13 13:10:00,35.56,44.71,1006.18,21.66,3.63,146.2,822.8,normal
2025-10-13 13:20:00,35.87,45.01,1006.15,22.05,4.52,156.4,805.8,normal
2025-10-13 13:30:00,35.92,45.66,1006.26,22.33,5.25,161.4,750.3,normal
2025-10-13 13:40:00,35.55,46.74,1006.4,22.38,4.64,164.1,764.4,normal
2025-10-13 13:50:00,35.77,44.79,1006.78,21.88,5.35,166.1,768.2,normal
2025-10-13 14:00:00,35.46,44.87,1006.68,21.63,5.64,197.7,725.1,normal
2025-10-13 14:10:00,36.24,44.36,1006.57,22.14,5.0,202.4,667.2,normal
2025-10-13 14:20:00,35.88,45.99,1006.74,22.41,5.14,173.5,717.9,normal
2025-10-13 14:30:00,35.57,45.74,1006.74,22.05,5.04,179.7,695.7,normal
2025-10-13 14:40:00,36.29,46.77,1006.78,23.07,4.95,166.1,636.5,normal
2025-10-13 14:50:00,35.44,45.46,1006.85,21.83,5.05,174.0,603.8,normal
2025-10-13 15:00:00,35.87,46.63,1006.82,22.63,4.88,210.1,609.4,normal
2025-10-13 15:10:00,35.77,46.05,1006.84,22.34,5.0,215.3,570.2,normal
2025-10-13 15:20:00,36.04,46.44,1007.02,22.72,5.38,201.6,541.9,normal
2025-10-13 15:30:00,35.62,46.13,1006.68,22.23,4.58,204.0,540.3,normal
2025-10-13 15:40:00,36.25,46.93,1006.59,23.08,4.46,193.9,480.6,normal
2025-10-13 15:50:00,35.04,47.32,1006.46,22.12,3.89,208.2,475.6,normal
2025-10-13 16:00:00,35.23,46.71,1006.54,22.08,5.17,214.5,421.4,normal
2025-10-13 16:10:00,34.61,48.36,1006.37,22.09,3.92,202.0,349.5,normal
2025-10-13 16:20:00,34.33,47.32,1006.27,21.48,4.64,182.3,370.3,normal
2025-10-13 16:30:00,34.64,47.59,1006.46,21.85,5.25,226.2,308.5,normal
2025-10-13 16:40:00,34.47,48.16,1006.16,21.89,4.66,195.5,253.9,normal
2025-10-13 16:50:00,34.23,49.58,1005.77,22.15,4.47,201.4,230.5,normal
2025-10-13 17:00:00,34.23,49.56,1005.79,22.15,4.43,201.7,246.7,normal
2025-10-13 17:10:00,33.95,49.47,1005.54,21.86,4.83,222.2,192.8,normal
2025-10-13 17:20:00,33.85,51.04,1005.56,22.28,3.16,215.1,165.1,normal
2025-10-13 17:30:00,34.12,51.91,1005.38,22.8,4.53,210.5,100.1,normal
2025-10-13 17:40:00,33.2,51.52,1005.11,21.84,4.26,219.0,52.9,normal
2025-10-13 17:50:00,33.47,52.29,1005.2,22.34,4.26,206.7,10.1,normal
2025-10-13 18:00:00,32.61,53.96,1004.78,22.06,5.27,218.4,6.4,normal
2025-10-13 18:10:00,32.75,53.43,1004.92,22.02,3.99,226.7,0.0,normal
2025-10-13 18:20:00,32.88,54.04,1004.6,22.33,3.74,227.2,0.0,normal
2025-10-13 18:30:00,32.46,56.93,1004.61,22.8,3.48,236.2,0.0,normal
2025-10-13 18:40:00,32.0,55.41,1004.44,21.93,2.88,215.4,0.0,normal
2025-10-13 18:50:00,31.44,57.61,1004.12,22.05,3.92,215.2,0.0,normal
2025-10-13 19:00:00,31.69,58.27,1004.46,22.47,3.85,234.7,0.0,normal
2025-10-13 19:10:00,31.54,57.38,1003.7,22.08,3.1,218.9,0.0,normal
2025-10-13 19:20:00,30.9,60.14,1003.65,22.25,3.04,207.4,0.0,normal
2025-10-13 19:30:00,30.2,61.35,1003.76,21.93,2.62,214.2,0.0,normal
2025-10-13 19:40:00,30.24,59.37,1003.75,21.42,3.67,205.4,0.0,normal
2025-10-13 19:50:00,30.7,61.29,1003.49,22.37,2.81,225.2,0.0,normal
2025-10-13 20:00:00,30.12,61.19,1003.32,21.8,3.05,217.9,0.0,normal
2025-10-13 20:10:00,29.93,63.91,1003.36,22.34,3.88,204.6,0.0,normal
2025-10-13 20:20:00,29.41,64.53,1003.25,22.01,2.77,206.2,0.0,normal
2025-10-13 20:30:00,29.78,65.3,1003.3,22.55,3.11,216.3,0.0,normal
2025-10-13 20:40:00,28.76,66.68,1003.37,21.93,3.26,224.3,0.0,normal
2025-10-13 20:50:00,29.03,67.83,1002.93,22.47,2.78,182.7,0.0,normal
2025-10-13 21:00:00,29.13,67.59,1003.15,22.5,2.01,213.0,0.0,normal
2025-10-13 21:10:00,28.25,68.38,1003.05,21.86,2.92,194.1,0.0,normal
2025-10-13 21:20:00,27.86,68.36,1003.03,21.48,1.68,223.9,0.0,normal
2025-10-13 21:30:00,27.84,69.06,1003.1,21.63,1.33,203.2,0.0,normal
2025-10-13 21:40:00,27.65,68.9,1003.12,21.41,1.44,224.2,0.0,normal
2025-10-13 21:50:00,27.16,71.39,1003.3,21.52,1.57,226.7,0.0,normal
2025-10-13 22:00:00,26.97,71.2,1003.62,21.3,1.03,221.2,0.0,normal
2025-10-13 22:10:00,26.32,71.72,1003.55,20.8,1.86,226.2,0.0,normal
2025-10-13 22:20:00,26.28,72.24,1003.66,20.87,1.9,213.2,0.0,normal
2025-10-13 22:30:00,26.05,72.94,1003.54,20.81,1.56,221.3,0.0,normal
2025-10-13 22:40:00,25.82,75.19,1003.89,21.09,1.47,205.3,0.0,normal
2025-10-13 22:50:00,25.85,75.99,1004.19,21.28,1.41,205.4,0.0,normal
2025-10-13 23:00:00,26.02,75.58,1004.12,21.36,1.49,199.8,0.0,normal
2025-10-13 23:10:00,25.14,74.46,1004.35,20.26,1.25,208.1,0.0,normal
2025-10-13 23:20:00,25.06,76.92,1004.14,20.72,1.1,204.0,0.0,normal
2025-10-13 23:30:00,24.91,76.4,1004.62,20.46,0.74,191.6,0.0,normal
2025-10-13 23:40:00,25.6,76.7,1004.61,21.19,1.46,198.9,0.0,normal
2025-10-13 23:50:00,25.2,76.29,1004.82,20.72,2.03,191.9,0.0,normal
2025-10-14 00:00:00,24.94,78.1,1004.91,20.85,1.69,207.3,0.0,normal
2025-10-14 00:10:00,24.61,78.23,1005.09,20.56,2.55,222.2,0.0,normal
2025-10-14 00:20:00,24.85,77.8,1005.4,20.7,0.97,156.1,0.0,normal
2025-10-14 00:30:00,24.12,79.01,1005.45,20.24,0.8,207.7,0.0,normal
2025-10-14 00:40:00,24.28,78.15,1005.51,20.23,1.06,170.4,0.0,normal
2025-10-14 00:50:00,24.24,79.72,1005.84,20.51,1.52,207.2,0.0,normal
2025-10-14 01:00:00,23.93,80.02,1005.98,20.26,0.72,168.2,0.0,normal
2025-10-14 01:10:00,24.54,79.06,1006.21,20.66,1.38,176.1,0.0,normal
2025-10-14 01:20:00,24.06,79.82,1006.09,20.35,1.33,174.8,0.0,normal
2025-10-14 01:30:00,24.04,79.31,1006.08,20.23,0.5,197.3,0.0,normal
2025-10-14 01:40:00,24.35,79.36,1006.15,20.54,0.73,179.3,0.0,normal
2025-10-14 01:50:00,23.56,81.52,1006.45,20.21,0.64,171.1,0.0,normal
2025-10-14 02:00:00,23.8,80.57,1006.6,20.25,0.5,170.1,0.0,normal
2025-10-14 02:10:00,23.87,80.85,1006.68,20.38,1.0,181.9,0.0,normal
2025-10-14 02:20:00,24.2,80.28,1006.69,20.58,0.5,187.8,0.0,normal
2025-10-14 02:30:00,24.12,80.19,1006.53,20.48,1.33,178.0,0.0,normal
2025-10-14 02:40:00,23.82,78.77,1006.6,19.9,1.29,166.4,0.0,normal
2025-10-14 02:50:00,24.4,80.13,1006.78,20.75,1.38,175.8,0.0,normal
2025-10-14 03:00:00,24.12,79.39,1006.81,20.32,1.31,153.8,0.0,normal
2025-10-14 03:10:00,23.97,79.14,1007.0,20.13,0.52,161.0,0.0,normal
2025-10-14 03:20:00,24.49,77.52,1006.69,20.29,1.56,160.0,0.0,normal
2025-10-14 03:30:00,24.21,79.28,1006.61,20.39,0.82,168.5,0.0,normal
2025-10-14 03:40:00,24.37,77.11,1006.46,20.09,0.69,163.1,0.0,normal
2025-10-14 03:50:00,24.39,77.85,1006.81,20.26,0.91,169.8,0.0,normal
2025-10-14 04:00:00,24.94,78.52,1006.59,20.94,1.25,168.2,0.0,normal
2025-10-14 04:10:00,25.4,76.76,1006.34,21.02,2.13,138.1,0.0,normal
2025-10-14 04:20:00,24.79,76.44,1006.27,20.35,1.64,159.7,0.0,normal
2025-10-14 04:30:00,24.96,75.53,1006.21,20.32,1.56,134.6,0.0,normal
2025-10-14 04:40:00,24.83,77.28,1006.15,20.57,1.17,157.0,0.0,normal
2025-10-14 04:50:00,25.35,75.05,1006.16,20.6,1.73,160.0,0.0,normal
2025-10-14 05:00:00,25.01,76.01,1005.91,20.48,1.19,153.0,0.0,normal
2025-10-14 05:10:00,25.66,74.7,1005.75,20.82,0.5,158.5,0.0,normal
2025-10-14 05:20:00,26.41,74.22,1005.79,21.44,1.26,121.4,0.0,normal
2025-10-14 05:30:00,26.31,73.14,1005.54,21.1,1.18,162.8,0.0,normal
2025-10-14 05:40:00,26.43,71.46,1005.08,20.84,2.61,173.1,0.0,normal
2025-10-14 05:50:00,26.94,70.97,1005.31,21.22,1.95,168.2,0.0,normal
2025-10-14 06:00:00,27.0,72.3,1005.05,21.57,1.91,145.2,0.0,normal
2025-10-14 06:10:00,26.98,70.64,1004.97,21.18,2.16,153.9,0.0,normal
2025-10-14 06:20:00,26.86,70.77,1004.64,21.09,2.17,127.1,90.9,normal
2025-10-14 06:30:00,27.66,68.56,1004.62,21.34,2.18,155.3,85.8,normal
2025-10-14 06:40:00,27.93,69.13,1004.36,21.73,1.52,140.9,154.5,normal
2025-10-14 06:50:00,28.52,66.16,1004.24,21.57,3.11,112.4,150.7,normal
2025-10-14 07:00:00,28.65,68.15,1003.89,22.19,3.13,124.2,228.1,normal
2025-10-14 07:10:00,29.01,66.1,1003.97,22.03,2.18,133.5,269.8,normal
2025-10-14 07:20:00,29.39,65.99,1003.73,22.36,2.22,152.6,308.1,normal
2025-10-14 07:30:00,29.58,65.64,1003.74,22.45,2.46,134.6,303.4,normal
2025-10-14 07:40:00,29.1,63.08,1003.63,21.34,2.74,143.0,370.6,normal
2025-10-14 07:50:00,29.59,64.52,1003.56,22.18,2.99,143.9,401.9,normal
2025-10-14 08:00:00,29.92,63.31,1003.22,22.17,3.3,132.1,415.0,normal
2025-10-14 08:10:00,30.41,60.48,1003.14,21.88,3.11,138.8,473.8,normal
2025-10-14 08:20:00,30.25,59.75,1003.19,21.53,2.48,159.3,493.0,normal
2025-10-14 08:30:00,30.47,60.65,1003.17,21.99,2.96,142.0,540.2,normal
2025-10-14 08:40:00,30.91,58.65,1003.2,21.85,4.17,162.8,597.1,normal
2025-10-14 08:50:00,30.89,59.18,1003.42,21.98,3.81,156.9,569.0,normal
2025-10-14 09:00:00,31.45,57.25,1003.39,21.95,3.68,125.9,606.9,normal
2025-10-14 09:10:00,32.03,56.4,1003.09,22.25,3.77,127.2,675.6,normal
2025-10-14 09:20:00,32.26,56.71,1003.37,22.56,3.92,136.2,670.9,normal
2025-10-14 09:30:00,32.54,56.58,1003.19,22.78,4.02,149.3,686.0,normal
2025-10-14 09:40:00,32.66,54.49,1003.37,22.27,3.47,172.7,706.7,normal
2025-10-14 09:50:00,32.66,54.02,1003.42,22.12,4.42,131.4,724.8,normal
2025-10-14 10:00:00,33.2,53.34,1003.6,22.42,4.21,136.4,723.8,normal
2025-10-14 10:10:00,33.62,52.47,1003.47,22.53,4.11,142.5,774.8,normal
2025-10-14 10:20:00,34.35,51.79,1003.48,22.98,4.4,138.2,788.5,normal
2025-10-14 10:30:00,33.78,52.67,1003.74,22.73,4.17,149.5,800.5,normal
2025-10-14 10:40:00,34.05,52.67,1004.01,22.98,4.37,160.5,787.2,normal
2025-10-14 10:50:00,33.86,50.11,1004.07,21.99,4.12,160.7,808.7,normal
2025-10-14 11:00:00,34.51,49.45,1004.21,22.37,4.67,155.8,819.5,normal
2025-10-14 11:10:00,34.56,51.87,1004.0,23.2,4.56,140.3,823.5,normal
2025-10-14 11:20:00,34.36,49.45,1004.34,22.23,5.12,147.8,841.9,normal
2025-10-14 11:30:00,35.03,49.71,1004.54,22.93,4.13,151.2,818.5,normal
2025-10-14 11:40:00,34.77,48.79,1004.77,22.38,4.7,145.0,855.0,normal
2025-10-14 11:50:00,35.21,47.47,1004.88,22.33,4.61,176.6,863.2,normal
2025-10-14 12:00:00,35.44,46.42,1004.86,22.17,4.3,151.5,849.7,normal
2025-10-14 12:10:00,35.18,46.5,1005.41,21.96,5.2,146.8,835.7,normal
2025-10-14 12:20:00,36.01,46.38,1005.18,22.67,4.2,150.8,832.6,normal
2025-10-14 12:30:00,35.39,47.49,1005.49,22.5,5.51,171.0,847.3,normal
2025-10-14 12:40:00,35.88,46.4,1005.87,22.56,4.03,177.5,801.7,normal
2025-10-14 12:50:00,35.74,45.61,1005.28,22.16,5.31,181.9,823.1,normal
2025-10-14 13:00:00,35.42,45.48,1006.11,21.81,5.54,191.4,842.6,normal
2025-10-14 13:10:00,35.89,46.58,1006.19,22.64,4.53,185.5,806.3,normal
2025-10-14 13:20:00,35.5,44.06,1006.29,21.37,4.4,167.9,807.8,normal
2025-10-14 13:30:00,35.46,44.71,1006.29,21.58,4.83,169.9,777.0,normal
2025-10-14 13:40:00,35.67,45.99,1006.55,22.23,5.05,201.5,765.3,normal
2025-10-14 13:50:00,35.55,44.39,1006.27,21.53,4.16,164.3,747.9,normal
2025-10-14 14:00:00,35.83,45.15,1006.51,22.06,4.73,198.4,763.3,normal
2025-10-14 14:10:00,35.41,45.74,1006.48,21.9,5.62,161.0,740.5,normal
2025-10-14 14:20:00,35.83,44.79,1006.89,21.93,4.44,179.6,703.1,normal
2025-10-14 14:30:00,35.66,43.71,1006.63,21.38,5.12,177.2,683.8,normal
2025-10-14 14:40:00,35.95,45.04,1006.81,22.14,6.41,193.5,677.1,normal
2025-10-14 14:50:00,36.36,44.33,1006.85,22.24,4.76,185.8,653.3,normal
2025-10-14 15:00:00,35.63,45.15,1006.83,21.89,5.46,177.9,576.4,normal
2025-10-14 15:10:00,35.59,46.72,1006.82,22.41,4.74,181.8,628.1,normal
2025-10-14 15:20:00,35.3,47.03,1006.75,22.26,5.05,218.2,542.8,normal
2025-10-14 15:30:00,35.42,46.3,1006.8,22.11,4.65,181.8,540.6,normal
2025-10-14 15:40:00,35.7,47.37,1006.78,22.74,5.05,176.2,500.1,normal
2025-10-14 15:50:00,35.36,48.26,1006.8,22.74,4.2,209.0,462.4,normal
2025-10-14 16:00:00,35.99,47.38,1006.45,23.01,4.42,196.1,414.4,normal
2025-10-14 16:10:00,35.04,48.38,1006.59,22.49,5.14,205.6,387.2,normal
2025-10-14 16:20:00,34.77,48.25,1006.53,22.2,5.05,188.5,371.4,normal
2025-10-14 16:30:00,34.98,48.39,1005.94,22.43,4.62,213.7,339.4,normal
2025-10-14 16:40:00,34.38,48.49,1006.06,21.93,4.8,198.5,271.1,normal
2025-10-14 16:50:00,34.29,49.52,1005.84,22.19,5.02,202.9,256.8,normal
2025-10-14 17:00:00,34.34,49.75,1006.01,22.31,3.95,247.7,177.4,normal
2025-10-14 17:10:00,33.75,50.88,1005.95,22.14,3.87,231.3,164.3,normal
2025-10-14 17:20:00,33.52,51.63,1005.74,22.17,4.73,199.9,171.7,normal
2025-10-14 17:30:00,33.46,52.14,1005.53,22.27,4.51,206.1,109.3,normal
2025-10-14 17:40:00,33.26,52.0,1005.54,22.05,3.86,249.2,94.8,normal
2025-10-14 17:50:00,33.21,53.18,1005.34,22.37,4.18,194.1,33.9,normal
2025-10-14 18:00:00,32.91,54.87,1004.95,22.6,4.05,222.2,0.0,normal
2025-10-14 18:10:00,33.19,55.17,1004.73,22.96,4.13,235.6,0.0,normal
2025-10-14 18:20:00,32.58,55.05,1004.77,22.36,3.5,187.7,0.0,normal
2025-10-14 18:30:00,32.27,54.45,1004.65,21.89,2.78,222.5,0.0,normal
2025-10-14 18:40:00,32.24,56.01,1004.17,22.33,3.58,214.0,0.0,normal
2025-10-14 18:50:00,31.48,56.72,1004.41,21.83,4.18,212.9,0.0,normal
2025-10-14 19:00:00,31.29,58.43,1004.07,22.14,3.5,206.8,0.0,normal
2025-10-14 19:10:00,31.3,59.41,1003.9,22.42,2.86,223.5,0.0,normal
2025-10-14 19:20:00,31.01,59.02,1003.94,22.05,3.54,252.6,0.0,normal
2025-10-14 19:30:00,30.72,59.18,1003.51,21.82,3.58,221.7,0.0,normal
2025-10-14 19:40:00,30.09,60.73,1003.59,21.65,2.69,222.1,0.0,normal
2025-10-14 19:50:00,30.07,62.27,1003.3,22.04,2.79,217.4,0.0,normal
2025-10-14 20:00:00,29.98,63.36,1003.37,22.25,3.67,195.8,0.0,normal
2025-10-14 20:10:00,29.48,62.66,1003.04,21.59,3.39,220.6,0.0,normal
2025-10-14 20:20:00,29.81,64.77,1003.39,22.45,2.55,226.3,0.0,normal
2025-10-14 20:30:00,29.46,65.37,1003.11,22.27,1.76,213.7,0.0,normal
2025-10-14 20:40:00,29.59,66.56,1003.36,22.69,2.7,196.0,0.0,normal
2025-10-14 20:50:00,28.75,67.34,1003.33,22.08,2.64,257.9,0.0,normal
2025-10-14 21:00:00,28.37,66.49,1003.16,21.52,2.06,230.3,0.0,normal
2025-10-14 21:10:00,28.18,66.34,1003.13,21.29,2.8,199.7,0.0,normal
2025-10-14 21:20:00,28.14,67.94,1003.24,21.64,2.74,233.0,0.0,normal
2025-10-14 21:30:00,27.07,69.24,1002.91,20.94,1.95,196.4,0.0,normal
2025-10-14 21:40:00,27.58,70.48,1003.56,21.72,2.6,233.6,0.0,normal
2025-10-14 21:50:00,27.51,70.72,1003.38,21.7,2.06,239.3,0.0,normal
2025-10-14 22:00:00,27.26,71.76,1003.29,21.71,1.85,217.4,0.0,normal
2025-10-14 22:10:00,27.05,71.48,1003.52,21.44,1.5,215.0,0.0,normal
2025-10-14 22:20:00,26.46,72.42,1003.71,21.09,1.73,239.1,0.0,normal
2025-10-14 22:30:00,26.13,73.37,1003.67,20.99,0.9,183.1,0.0,normal
2025-10-14 22:40:00,25.89,72.55,1003.7,20.57,1.2,193.2,0.0,normal
2025-10-14 22:50:00,26.12,74.5,1004.06,21.22,2.03,190.3,0.0,normal
2025-10-14 23:00:00,25.68,76.3,1003.86,21.19,2.13,202.9,0.0,normal
2025-10-14 23:10:00,25.39,76.9,1004.31,21.03,1.87,198.2,0.0,normal
2025-10-14 23:20:00,25.19,75.19,1004.15,20.48,1.98,209.9,0.0,normal
2025-10-14 23:30:00,25.45,75.28,1004.51,20.74,1.38,204.6,0.0,normal
2025-10-14 23:40:00,25.09,76.78,1004.59,20.72,1.81,195.8,0.0,normal
2025-10-14 23:50:00,24.92,79.38,1004.83,21.09,1.38,206.3,0.0,normal
2025-10-15 00:00:00,24.72,77.46,1005.35,20.51,1.78,216.8,0.0,normal
2025-10-15 00:10:00,24.86,79.51,1005.18,21.07,1.41,194.5,0.0,normal
2025-10-15 00:20:00,24.37,77.9,1005.22,20.26,1.3,174.5,0.0,normal
2025-10-15 00:30:00,24.29,77.86,1005.49,20.17,0.5,195.4,0.0,normal
2025-10-15 00:40:00,23.84,79.41,1005.62,20.06,0.69,187.7,0.0,normal
2025-10-15 00:50:00,24.06,79.55,1005.78,20.29,1.41,202.0,0.0,normal
2025-10-15 01:00:00,23.97,79.53,1005.94,20.21,1.07,195.3,0.0,normal
2025-10-15 01:10:00,24.47,79.89,1005.96,20.76,0.81,208.2,0.0,normal
2025-10-15 01:20:00,23.57,77.76,1006.06,19.45,1.1,204.1,0.0,normal
2025-10-15 01:30:00,23.84,79.71,1006.03,20.12,1.37,187.0,0.0,normal
2025-10-15 01:40:00,23.96,80.83,1006.41,20.46,1.35,175.4,0.0,normal
2025-10-15 01:50:00,23.93,79.22,1006.76,20.1,1.09,166.0,0.0,normal
2025-10-15 02:00:00,23.96,81.04,1006.5,20.5,0.81,172.5,0.0,normal
2025-10-15 02:10:00,23.72,79.52,1006.46,19.96,1.45,144.5,0.0,normal
2025-10-15 02:20:00,24.62,80.51,1006.82,21.04,0.53,197.8,0.0,normal
2025-10-15 02:30:00,23.8,78.82,1006.7,19.89,1.4,205.9,0.0,normal
2025-10-15 02:40:00,24.12,79.63,1006.62,20.37,1.13,179.4,0.0,normal
2025-10-15 02:50:00,23.97,78.38,1006.83,19.97,1.68,165.0,0.0,normal
2025-10-15 03:00:00,24.15,81.19,1006.88,20.71,0.95,169.8,0.0,normal
2025-10-15 03:10:00,24.34,78.63,1006.88,20.38,0.5,153.1,0.0,normal
2025-10-15 03:20:00,23.87,78.16,1006.75,19.83,1.38,185.3,0.0,normal
2025-10-15 03:30:00,24.29,77.72,1006.93,20.14,0.95,167.2,0.0,normal
2025-10-15 03:40:00,25.27,76.92,1006.68,20.92,1.71,160.6,0.0,normal
2025-10-15 03:50:00,24.2,78.28,1006.95,20.17,0.91,150.1,0.0,normal
2025-10-15 04:00:00,24.73,77.71,1006.52,20.57,1.84,140.3,0.0,normal
2025-10-15 04:10:00,25.48,76.64,1006.58,21.06,0.57,159.9,0.0,normal
2025-10-15 04:20:00,24.94,77.55,1006.63,20.73,2.0,188.0,0.0,normal
2025-10-15 04:30:00,24.96,76.98,1006.21,20.63,1.64,139.2,0.0,normal
2025-10-15 04:40:00,25.6,77.54,1006.2,21.37,1.06,162.4,0.0,normal
2025-10-15 04:50:00,25.51,74.32,1005.74,20.59,1.93,157.3,0.0,normal
2025-10-15 05:00:00,25.23,74.14,1006.15,20.28,1.73,145.2,0.0,normal
2025-10-15 05:10:00,26.22,73.26,1005.54,21.04,1.73,155.9,0.0,normal
2025-10-15 05:20:00,26.45,75.04,1005.77,21.66,2.02,176.4,0.0,normal
2025-10-15 05:30:00,26.66,73.59,1005.31,21.54,1.45,160.5,0.0,normal
2025-10-15 05:40:00,26.33,73.89,1005.18,21.29,1.47,146.7,0.0,normal
2025-10-15 05:50:00,27.2,72.4,1005.09,21.79,1.0,123.2,0.0,normal
2025-10-15 06:00:00,26.85,71.52,1004.82,21.26,2.91,144.2,37.2,normal
2025-10-15 06:10:00,26.7,69.61,1004.97,20.67,1.65,148.5,78.8,normal
2025-10-15 06:20:00,27.47,68.52,1004.67,21.15,1.35,134.3,52.9,normal
2025-10-15 06:30:00,28.29,68.46,1004.48,21.91,2.44,143.5,111.4,normal
2025-10-15 06:40:00,28.36,68.16,1004.31,21.91,1.9,146.5,165.4,normal
2025-10-15 06:50:00,28.51,67.81,1004.22,21.97,2.49,165.4,168.6,normal
2025-10-15 07:00:00,28.26,68.09,1004.17,21.8,1.94,118.6,229.4,normal
2025-10-15 07:10:00,28.27,67.28,1003.87,21.61,2.96,120.3,239.8,normal
2025-10-15 07:20:00,29.33,65.16,1003.91,22.09,2.88,151.3,299.9,normal
2025-10-15 07:30:00,29.63,63.54,1003.92,21.96,2.22,150.6,302.4,normal
2025-10-15 07:40:00,29.6,62.75,1003.92,21.73,2.04,146.8,326.3,normal
2025-10-15 07:50:00,29.64,63.52,1003.58,21.96,2.55,140.5,424.1,normal
2025-10-15 08:00:00,30.31,62.45,1003.45,22.32,3.53,123.7,428.7,normal
2025-10-15 08:10:00,29.7,63.25,1003.32,21.95,3.7,167.1,455.3,normal
2025-10-15 08:20:00,30.51,61.35,1003.17,22.22,3.63,152.2,526.9,normal
2025-10-15 08:30:00,30.78,59.53,1003.18,21.97,2.65,118.7,493.2,normal
2025-10-15 08:40:00,30.94,59.56,1003.26,22.13,3.12,142.6,541.6,normal
2025-10-15 08:50:00,31.07,58.88,1003.42,22.07,3.64,150.1,576.2,normal
2025-10-15 09:00:00,31.2,56.97,1003.19,21.64,2.69,172.8,589.1,normal
2025-10-15 09:10:00,32.02,57.46,1003.01,22.55,4.3,148.3,655.1,normal
2025-10-15 09:20:00,31.89,55.55,1003.04,21.87,3.28,140.6,646.8,normal
2025-10-15 09:30:00,32.68,55.14,1003.29,22.48,4.28,154.5,662.0,normal
2025-10-15 09:40:00,32.67,55.73,1003.22,22.64,3.73,147.4,704.3,normal
2025-10-15 09:50:00,32.97,55.46,1003.47,22.84,4.06,157.0,737.8,normal
2025-10-15 10:00:00,32.87,54.27,1003.45,22.39,3.37,132.7,772.0,normal
2025-10-15 10:10:00,33.13,53.05,1003.59,22.26,4.69,138.3,754.9,normal
2025-10-15 10:20:00,34.23,54.32,1003.72,23.66,3.51,159.1,787.9,normal
2025-10-15 10:30:00,34.12,50.78,1003.76,22.45,4.02,145.4,770.8,normal
2025-10-15 10:40:00,34.17,50.33,1003.7,22.34,4.05,179.8,807.6,normal
2025-10-15 10:50:00,33.95,51.92,1004.09,22.66,4.31,122.8,849.6,normal
2025-10-15 11:00:00,33.89,50.89,1004.19,22.27,3.85,173.2,807.5,normal
2025-10-15 11:10:00,34.4,49.55,1004.19,22.3,3.63,181.6,828.0,normal
2025-10-15 11:20:00,34.12,48.68,1004.64,21.75,4.25,164.5,820.0,normal
2025-10-15 11:30:00,34.41,48.74,1004.35,22.04,4.7,164.0,851.9,normal
2025-10-15 11:40:00,34.97,48.32,1004.82,22.41,4.08,147.3,839.8,normal
2025-10-15 11:50:00,35.42,48.34,1005.27,22.82,3.47,174.0,826.2,normal
2025-10-15 12:00:00,35.04,47.2,1004.94,22.08,4.98,163.7,865.2,normal
2025-10-15 12:10:00,35.35,46.49,1004.96,22.11,5.2,159.6,852.3,normal
2025-10-15 12:20:00,35.57,47.39,1005.38,22.63,5.24,153.0,863.8,normal
2025-10-15 12:30:00,35.19,46.81,1005.64,22.08,4.86,166.6,828.5,normal
2025-10-15 12:40:00,35.9,45.96,1005.81,22.42,5.23,157.7,869.4,normal
2025-10-15 12:50:00,35.36,46.62,1005.92,22.17,4.42,155.7,841.7,normal
2025-10-15 13:00:00,36.11,46.16,1005.75,22.68,5.44,182.1,816.5,normal
2025-10-15 13:10:00,36.3,44.92,1006.03,22.41,4.81,207.7,807.8,normal
2025-10-15 13:20:00,36.03,46.2,1006.27,22.62,4.25,170.1,811.6,normal
2025-10-15 13:30:00,36.11,44.64,1006.4,22.13,5.04,172.7,771.7,normal
2025-10-15 13:40:00,36.02,45.97,1006.5,22.54,5.52,182.9,778.2,normal
2025-10-15 13:50:00,36.12,45.07,1006.53,22.3,5.43,166.0,765.3,normal
2025-10-15 14:00:00,35.74,45.45,1006.6,22.1,4.88,149.0,764.7,normal
2025-10-15 14:10:00,35.49,46.67,1006.69,22.3,4.91,208.3,703.0,normal
2025-10-15 14:20:00,36.46,44.58,1006.83,22.43,5.06,180.5,670.8,normal
2025-10-15 14:30:00,36.28,45.33,1006.52,22.53,5.13,174.3,728.2,normal
2025-10-15 14:40:00,36.01,45.58,1006.46,22.38,4.31,194.0,654.7,normal
2025-10-15 14:50:00,35.15,46.19,1006.79,21.83,5.6,198.5,636.7,normal
2025-10-15 15:00:00,35.74,46.16,1006.78,22.35,5.12,191.5,540.1,normal
2025-10-15 15:10:00,35.83,45.58,1006.85,22.22,4.48,179.9,582.3,normal
2025-10-15 15:20:00,35.43,45.96,1006.81,22.0,5.43,208.7,570.4,normal
2025-10-15 15:30:00,35.83,45.73,1006.97,22.27,4.39,187.3,484.9,normal
2025-10-15 15:40:00,35.4,46.53,1006.75,22.17,5.84,212.2,470.0,normal
2025-10-15 15:50:00,35.29,47.3,1006.5,22.35,4.45,189.6,467.9,normal
2025-10-15 16:00:00,35.0,46.84,1006.65,21.92,4.88,183.9,424.4,normal
2025-10-15 16:10:00,35.21,48.58,1006.51,22.71,5.8,200.4,347.2,normal
2025-10-15 16:20:00,35.61,47.66,1006.34,22.76,4.35,199.1,415.0,normal
2025-10-15 16:30:00,34.44,48.06,1005.91,21.83,4.35,211.3,326.7,normal
2025-10-15 16:40:00,34.07,49.25,1006.03,21.89,4.47,196.6,277.1,normal
2025-10-15 16:50:00,34.63,50.65,1006.33,22.87,4.79,203.9,254.7,normal
2025-10-15 17:00:00,34.66,50.39,1005.91,22.81,4.0,213.1,209.8,normal
2025-10-15 17:10:00,34.23,51.25,1005.64,22.7,4.1,209.4,189.5,normal
2025-10-15 17:20:00,34.33,51.36,1005.47,22.83,4.54,208.5,138.5,normal
2025-10-15 17:30:00,33.42,52.6,1005.35,22.38,4.45,199.7,107.5,normal
2025-10-15 17:40:00,33.15,53.14,1005.2,22.31,4.31,214.0,106.9,normal
2025-10-15 17:50:00,33.54,53.62,1005.03,22.81,4.93,193.2,49.7,normal
2025-10-15 18:00:00,33.0,53.51,1004.86,22.28,3.99,220.7,7.2,normal
2025-10-15 18:10:00,32.73,55.54,1004.76,22.64,3.23,202.8,0.0,normal
2025-10-15 18:20:00,32.67,55.72,1004.58,22.64,2.49,208.5,0.0,normal
2025-10-15 18:30:00,32.6,54.08,1004.46,22.08,2.86,200.3,0.0,normal
2025-10-15 18:40:00,31.89,57.0,1004.59,22.29,2.75,206.6,0.0,normal
2025-10-15 18:50:00,31.98,57.08,1004.41,22.4,3.4,215.6,0.0,normal
2025-10-15 19:00:00,32.09,58.95,1004.02,23.03,3.8,204.9,0.0,normal
2025-10-15 19:10:00,31.4,59.02,1004.02,22.41,3.5,243.6,0.0,normal
2025-10-15 19:20:00,30.94,58.88,1003.83,21.94,3.41,244.4,0.0,normal
2025-10-15 19:30:00,30.9,61.28,1003.87,22.56,2.9,219.3,0.0,normal
2025-10-15 19:40:00,30.77,60.09,1003.61,22.11,3.03,217.6,0.0,normal
2025-10-15 19:50:00,29.97,61.67,1003.6,21.79,3.07,226.0,0.0,normal
2025-10-15 20:00:00,29.81,61.16,1003.33,21.5,3.33,225.0,0.0,normal
2025-10-15 20:10:00,30.12,63.04,1003.51,22.29,3.11,222.4,0.0,normal
2025-10-15 20:20:00,29.44,63.41,1003.23,21.75,3.0,228.6,0.0,normal
2025-10-15 20:30:00,29.54,64.3,1003.25,22.07,2.17,213.0,0.0,normal
2025-10-15 20:40:00,29.36,65.94,1003.32,22.32,2.2,203.6,0.0,normal
2025-10-15 20:50:00,28.6,66.56,1003.51,21.74,3.41,212.1,0.0,normal
2025-10-15 21:00:00,28.96,67.85,1003.39,22.41,2.43,197.4,0.0,normal
2025-10-15 21:10:00,28.4,65.79,1003.34,21.37,1.7,219.1,0.0,normal
2025-10-15 21:20:00,28.36,67.18,1003.12,21.68,2.15,224.2,0.0,normal
2025-10-15 21:30:00,27.7,68.55,1003.22,21.37,2.33,200.3,0.0,normal
2025-10-15 21:40:00,26.91,69.78,1003.1,20.91,2.74,222.4,0.0,normal
2025-10-15 21:50:00,26.74,71.03,1003.42,21.04,1.9,207.5,0.0,normal
2025-10-15 22:00:00,27.01,71.45,1003.73,21.39,2.89,222.5,0.0,normal
2025-10-15 22:10:00,26.7,71.73,1003.67,21.16,2.14,201.8,0.0,normal
2025-10-15 22:20:00,26.82,72.37,1003.56,21.42,1.6,216.5,0.0,normal
2025-10-15 22:30:00,26.14,73.72,1003.64,21.07,2.32,194.3,0.0,normal
2025-10-15 22:40:00,26.07,75.08,1003.51,21.3,2.07,204.0,0.0,normal
2025-10-15 22:50:00,26.07,74.2,1003.83,21.11,2.11,204.2,0.0,normal
2025-10-15 23:00:00,25.92,75.87,1004.19,21.32,1.22,233.7,0.0,normal
2025-10-15 23:10:00,25.12,75.74,1004.35,20.53,0.61,208.9,0.0,normal
2025-10-15 23:20:00,25.61,76.31,1004.56,21.12,1.59,195.8,0.0,normal
2025-10-15 23:30:00,25.04,75.5,1004.53,20.4,2.33,204.1,0.0,normal
2025-10-15 23:40:00,25.07,77.93,1004.74,20.94,2.07,221.4,0.0,normal
2025-10-15 23:50:00,24.97,77.69,1004.73,20.8,1.63,184.6,0.0,normal
2025-10-16 00:00:00,24.87,77.28,1005.06,20.61,1.72,178.8,0.0,normal
2025-10-16 00:10:00,24.78,77.37,1005.05,20.55,0.96,185.5,0.0,normal
2025-10-16 00:20:00,24.35,78.58,1005.44,20.38,1.18,171.8,0.0,normal
2025-10-16 00:30:00,24.64,78.2,1005.4,20.58,1.37,191.6,0.0,normal
2025-10-16 00:40:00,23.87,79.3,1005.4,20.06,1.8,206.2,0.0,normal
2025-10-16 00:50:00,24.24,80.08,1005.68,20.58,1.45,184.8,0.0,normal
2025-10-16 01:00:00,24.53,81.04,1006.04,21.06,0.83,139.8,0.0,normal
2025-10-16 01:10:00,24.23,80.46,1005.95,20.65,1.25,174.3,0.0,normal
2025-10-16 01:20:00,23.66,78.47,1006.1,19.69,0.5,166.2,0.0,normal
2025-10-16 01:30:00,24.59,81.02,1006.38,21.11,0.5,169.1,0.0,normal
2025-10-16 01:40:00,23.74,79.53,1006.38,19.98,1.71,201.4,0.0,normal
2025-10-16 01:50:00,24.35,79.8,1006.53,20.63,0.5,219.5,0.0,normal
2025-10-16 02:00:00,24.36,80.11,1006.45,20.7,2.17,179.8,0.0,normal
2025-10-16 02:10:00,23.67,80.53,1006.57,20.11,0.96,166.9,0.0,normal
2025-10-16 02:20:00,23.98,79.97,1006.54,20.31,0.85,147.9,0.0,normal
2025-10-16 02:30:00,24.15,81.63,1006.61,20.8,0.5,163.4,0.0,normal
2025-10-16 02:40:00,24.03,79.2,1006.72,20.19,0.5,194.7,0.0,normal
2025-10-16 02:50:00,24.03,80.25,1006.92,20.41,2.04,176.3,0.0,normal
2025-10-16 03:00:00,24.15,78.5,1006.83,20.17,1.76,159.6,0.0,normal
2025-10-16 03:10:00,24.08,80.43,1006.99,20.5,0.63,155.9,0.0,normal
2025-10-16 03:20:00,24.24,78.49,1006.63,20.25,1.34,168.2,0.0,normal
2025-10-16 03:30:00,24.83,77.97,1006.78,20.72,1.92,164.6,0.0,normal
2025-10-16 03:40:00,25.01,79.57,1006.64,21.22,1.31,160.8,0.0,normal
2025-10-16 03:50:00,24.68,79.57,1006.68,20.9,0.99,162.7,0.0,normal
2025-10-16 04:00:00,25.11,77.91,1006.16,20.98,1.62,154.9,0.0,normal
2025-10-16 04:10:00,24.84,77.82,1006.65,20.7,1.38,182.8,0.0,normal
2025-10-16 04:20:00,25.11,77.89,1006.43,20.97,1.12,177.0,0.0,normal
2025-10-16 04:30:00,25.22,76.47,1006.4,20.78,1.76,158.4,0.0,normal
2025-10-16 04:40:00,25.07,75.78,1006.27,20.48,1.57,150.4,0.0,normal
2025-10-16 04:50:00,25.13,75.55,1006.07,20.5,1.75,140.3,0.0,normal
2025-10-16 05:00:00,25.82,75.18,1005.89,21.09,1.71,166.3,0.0,normal
2025-10-16 05:10:00,26.32,74.08,1005.62,21.33,2.35,175.4,0.0,normal
2025-10-16 05:20:00,26.08,72.83,1005.57,20.82,2.93,167.2,0.0,normal
2025-10-16 05:30:00,26.65,73.16,1005.48,21.43,1.7,167.3,0.0,normal
2025-10-16 05:40:00,26.4,73.19,1005.22,21.2,1.88,167.6,0.0,normal
2025-10-16 05:50:00,26.49,73.0,1005.11,21.24,2.53,142.9,0.0,normal
2025-10-16 06:00:00,27.33,71.13,1005.0,21.63,1.76,136.0,15.8,normal
2025-10-16 06:10:00,27.02,71.24,1004.71,21.35,2.54,151.5,1.5,normal
2025-10-16 06:20:00,27.61,69.82,1004.41,21.59,1.44,152.2,64.1,normal
2025-10-16 06:30:00,27.88,69.4,1004.83,21.75,2.6,156.0,137.1,normal
2025-10-16 06:40:00,28.12,69.83,1004.41,22.08,2.59,105.5,137.1,normal
2025-10-16 06:50:00,28.09,68.17,1004.51,21.65,2.29,136.4,178.5,normal
2025-10-16 07:00:00,28.42,67.78,1004.0,21.88,2.54,125.7,247.0,normal
2025-10-16 07:10:00,29.18,66.58,1004.15,22.31,2.9,112.2,282.2,normal
2025-10-16 07:20:00,29.61,66.26,1003.58,22.64,3.02,150.5,328.2,normal
2025-10-16 07:30:00,29.48,63.81,1003.51,21.88,2.27,133.5,341.9,normal
2025-10-16 07:40:00,29.41,64.11,1003.42,21.9,3.5,159.6,352.5,normal
2025-10-16 07:50:00,29.33,63.04,1003.81,21.55,2.75,108.8,370.4,normal
2025-10-16 08:00:00,30.09,61.0,1003.26,21.72,2.89,137.9,431.1,normal
2025-10-16 08:10:00,30.34,61.86,1003.38,22.19,3.19,146.0,457.2,normal
2025-10-16 08:20:00,30.8,60.82,1003.48,22.34,2.4,119.8,497.5,normal
2025-10-16 08:30:00,30.12,59.96,1003.3,21.47,3.58,141.0,504.8,normal
2025-10-16 08:40:00,31.22,58.54,1002.98,22.11,2.14,157.9,548.9,normal
2025-10-16 08:50:00,31.09,58.12,1003.31,21.87,3.25,148.9,561.2,normal
2025-10-16 09:00:00,31.41,58.39,1003.17,22.24,3.41,166.3,595.1,normal
2025-10-16 09:10:00,31.86,56.48,1003.3,22.11,4.42,122.9,623.9,normal
2025-10-16 09:20:00,32.44,56.37,1003.24,22.62,3.75,148.9,638.2,normal
2025-10-16 09:30:00,31.79,56.5,1003.17,22.05,4.37,122.9,652.7,normal
2025-10-16 09:40:00,32.62,54.01,1003.2,22.09,3.18,151.0,727.5,normal
2025-10-16 09:50:00,32.91,53.52,1003.27,22.2,4.34,124.9,722.9,normal
2025-10-16 10:00:00,33.05,53.44,1003.34,22.3,3.93,158.7,746.5,normal
2025-10-16 10:10:00,33.09,54.02,1003.44,22.52,3.63,159.7,788.1,normal
2025-10-16 10:20:00,33.12,51.12,1003.82,21.64,4.39,179.6,795.1,normal
2025-10-16 10:30:00,33.6,50.61,1003.59,21.92,4.56,141.8,799.0,normal
2025-10-16 10:40:00,33.25,51.34,1003.64,21.83,4.65,152.5,795.3,normal
2025-10-16 10:50:00,33.95,51.24,1003.94,22.44,4.02,180.1,793.1,normal
2025-10-16 11:00:00,33.88,50.66,1004.04,22.18,4.44,146.0,805.2,normal
2025-10-16 11:10:00,34.1,48.78,1004.21,21.77,4.3,140.0,797.0,normal
2025-10-16 11:20:00,34.74,48.09,1004.44,22.12,3.82,170.6,795.9,normal
2025-10-16 11:30:00,35.08,49.46,1004.67,22.89,4.52,157.3,856.9,normal
2025-10-16 11:40:00,35.17,48.46,1004.71,22.63,4.35,148.4,813.6,normal
2025-10-16 11:50:00,35.17,47.65,1004.9,22.36,5.3,167.1,867.7,normal
2025-10-16 12:00:00,35.36,46.7,1005.02,22.2,4.59,139.1,837.1,normal
2025-10-16 12:10:00,35.4,46.08,1005.25,22.02,4.41,171.3,824.6,normal
2025-10-16 12:20:00,35.59,46.99,1005.31,22.5,5.35,181.3,840.1,normal
2025-10-16 12:30:00,35.13,46.13,1005.42,21.79,4.77,136.2,824.3,normal
2025-10-16 12:40:00,35.47,48.52,1005.61,22.93,4.79,175.3,865.8,normal
2025-10-16 12:50:00,35.47,45.35,1005.99,21.81,5.17,153.8,826.2,normal
2025-10-16 13:00:00,35.91,47.33,1005.72,22.92,4.65,195.2,833.3,normal
2025-10-16 13:10:00,35.99,45.49,1006.02,22.33,4.57,200.0,822.8,normal
2025-10-16 13:20:00,35.96,44.37,1006.18,21.9,4.5,179.7,809.2,normal
2025-10-16 13:30:00,35.81,45.9,1006.54,22.32,5.19,199.8,771.9,normal
2025-10-16 13:40:00,36.15,45.43,1006.75,22.46,4.81,189.2,788.7,normal
2025-10-16 13:50:00,35.73,45.19,1006.46,21.99,5.09,176.5,740.5,normal
2025-10-16 14:00:00,36.03,44.88,1006.67,22.15,5.21,208.7,760.6,normal
2025-10-16 14:10:00,35.75,44.37,1006.38,21.71,5.2,176.8,738.0,normal
2025-10-16 14:20:00,35.93,45.79,1006.7,22.38,4.38,166.8,711.2,normal
2025-10-16 14:30:00,35.66,46.51,1006.71,22.4,5.32,199.1,669.8,normal
2025-10-16 14:40:00,35.68,43.97,1006.96,21.5,5.07,219.0,659.6,normal
2025-10-16 14:50:00,35.77,46.16,1006.79,22.38,4.77,194.7,623.7,normal
2025-10-16 15:00:00,35.89,46.86,1006.87,22.73,5.26,182.0,592.7,normal
2025-10-16 15:10:00,36.22,44.9,1006.82,22.33,4.53,184.7,610.3,normal
2025-10-16 15:20:00,35.44,44.34,1006.71,21.42,4.42,192.5,569.3,normal
2025-10-16 15:30:00,35.41,44.76,1006.57,21.55,4.85,195.6,499.5,normal
2025-10-16 15:40:00,35.25,47.86,1006.52,22.5,5.06,176.0,484.7,normal
2025-10-16 15:50:00,35.55,47.91,1006.54,22.79,4.24,193.3,434.8,normal
2025-10-16 16:00:00,35.03,46.3,1006.6,21.75,6.05,175.4,464.9,normal
2025-10-16 16:10:00,34.68,47.34,1006.32,21.8,5.55,214.4,400.2,normal
2025-10-16 16:20:00,34.7,48.03,1006.46,22.06,4.32,227.6,358.6,normal
2025-10-16 16:30:00,34.72,48.64,1006.33,22.29,4.28,194.4,291.9,normal
2025-10-16 16:40:00,34.59,48.29,1006.16,22.05,5.23,211.5,298.2,normal
2025-10-16 16:50:00,34.66,49.83,1006.17,22.63,4.47,215.7,273.7,normal
2025-10-16 17:00:00,33.59,51.25,1005.82,22.12,4.13,189.7,257.7,normal
2025-10-16 17:10:00,34.25,50.51,1005.56,22.48,4.03,219.4,149.7,normal
2025-10-16 17:20:00,33.74,50.51,1005.49,22.01,3.98,234.1,147.0,normal
2025-10-16 17:30:00,33.25,53.03,1005.37,22.36,4.46,229.4,91.7,normal
2025-10-16 17:40:00,33.4,51.99,1005.29,22.17,3.92,199.6,42.7,normal
2025-10-16 17:50:00,33.62,52.86,1005.18,22.65,4.18,238.3,31.8,normal
2025-10-16 18:00:00,32.63,54.52,1004.84,22.24,4.37,210.8,3.0,normal
2025-10-16 18:10:00,31.94,54.66,1004.82,21.65,3.81,227.0,0.0,normal
2025-10-16 18:20:00,31.99,55.49,1004.48,21.95,3.59,211.5,0.0,normal
2025-10-16 18:30:00,31.85,56.36,1004.54,22.07,3.54,205.0,0.0,normal
2025-10-16 18:40:00,32.54,55.89,1004.57,22.57,3.26,192.8,0.0,normal
2025-10-16 18:50:00,31.89,57.64,1004.2,22.48,3.23,249.5,0.0,normal
2025-10-16 19:00:00,31.23,56.93,1003.99,21.66,3.0,248.5,0.0,normal
2025-10-16 19:10:00,31.22,59.2,1003.81,22.29,2.74,212.9,0.0,normal
2025-10-16 19:20:00,30.98,59.29,1003.77,22.1,3.1,232.2,0.0,normal
2025-10-16 19:30:00,30.83,60.02,1003.86,22.15,3.72,215.1,0.0,normal
2025-10-16 19:40:00,30.66,60.45,1003.51,22.11,3.55,228.7,0.0,normal
2025-10-16 19:50:00,30.19,61.83,1003.55,22.04,2.85,213.3,0.0,normal
2025-10-16 20:00:00,29.98,61.88,1003.55,21.86,2.9,213.4,0.0,normal
2025-10-16 20:10:00,29.53,63.42,1003.4,21.83,2.67,230.6,0.0,normal
2025-10-16 20:20:00,29.9,63.17,1003.31,22.12,3.23,215.1,0.0,normal
2025-10-16 20:30:00,29.55,64.46,1003.24,22.13,2.82,210.7,0.0,normal
2025-10-16 20:40:00,29.06,66.01,1003.27,22.05,3.46,235.0,0.0,normal
2025-10-16 20:50:00,29.21,65.68,1003.11,22.11,2.03,195.5,0.0,normal
2025-10-16 21:00:00,28.69,66.95,1003.18,21.93,2.88,217.8,0.0,normal
2025-10-16 21:10:00,28.45,68.23,1003.26,22.01,2.39,239.3,0.0,normal
2025-10-16 21:20:00,28.09,68.53,1003.31,21.74,2.8,224.2,0.0,normal
2025-10-16 21:30:00,27.88,69.65,1003.51,21.8,2.75,205.9,0.0,normal
2025-10-16 21:40:00,27.45,70.54,1003.27,21.6,2.29,190.2,0.0,normal
2025-10-16 21:50:00,27.23,70.82,1003.36,21.46,1.97,243.7,0.0,normal
2025-10-16 22:00:00,27.4,71.95,1003.73,21.89,2.17,207.4,0.0,normal
2025-10-16 22:10:00,26.37,71.14,1003.41,20.71,2.74,196.0,0.0,normal
2025-10-16 22:20:00,26.6,73.62,1003.64,21.49,3.0,202.8,0.0,normal
2025-10-16 22:30:00,26.07,72.31,1003.69,20.69,1.77,186.2,0.0,normal
2025-10-16 22:40:00,26.45,74.27,1003.93,21.49,1.34,214.0,0.0,normal
2025-10-16 22:50:00,26.05,74.59,1004.0,21.17,1.38,202.5,0.0,normal
2025-10-16 23:00:00,25.55,75.28,1004.0,20.84,1.81,207.0,0.0,normal
2025-10-16 23:10:00,25.64,77.33,1004.07,21.36,1.25,190.1,0.0,normal
2025-10-16 23:20:00,25.33,75.16,1004.31,20.6,1.53,218.7,0.0,normal
2025-10-16 23:30:00,25.56,74.79,1004.58,20.74,1.03,196.7,0.0,normal
2025-10-16 23:40:00,24.74,76.74,1004.59,20.37,1.27,201.9,0.0,normal
2025-10-16 23:50:00,24.79,77.48,1004.67,20.58,1.3,206.6,0.0,normal
2025-10-17 00:00:00,24.66,77.7,1005.1,20.5,1.33,178.9,0.0,normal
2025-10-17 00:10:00,24.63,78.12,1005.08,20.56,1.7,209.3,0.0,normal
2025-10-17 00:20:00,24.67,79.32,1005.2,20.85,1.41,186.4,0.0,normal
2025-10-17 00:30:00,24.06,76.97,1005.21,19.76,0.84,183.3,0.0,normal
2025-10-17 00:40:00,24.47,78.95,1005.52,20.57,0.76,188.8,0.0,normal
2025-10-17 00:50:00,23.88,78.69,1005.68,19.94,1.59,208.2,0.0,normal
2025-10-17 01:00:00,24.6,79.21,1005.82,20.75,0.98,194.2,0.0,normal
2025-10-17 01:10:00,24.47,80.12,1006.24,20.81,0.67,181.2,0.0,normal
2025-10-17 01:20:00,23.86,79.51,1005.92,20.09,1.52,183.5,0.0,normal
2025-10-17 01:30:00,23.95,80.64,1006.26,20.41,1.94,189.2,0.0,normal
2025-10-17 01:40:00,24.05,79.05,1006.31,20.18,0.5,178.0,0.0,normal
2025-10-17 01:50:00,23.88,78.63,1006.34,19.94,0.5,176.6,0.0,normal
2025-10-17 02:00:00,23.59,79.45,1006.72,19.82,1.57,185.6,0.0,normal
2025-10-17 02:10:00,24.41,80.35,1006.44,20.8,0.7,189.6,0.0,normal
2025-10-17 02:20:00,24.02,78.97,1006.72,20.14,1.6,175.1,0.0,normal
2025-10-17 02:30:00,24.08,81.89,1006.78,20.78,0.79,192.2,0.0,normal
2025-10-17 02:40:00,24.59,80.37,1006.59,20.98,0.83,163.8,0.0,normal
2025-10-17 02:50:00,24.09,79.37,1006.72,20.29,1.72,171.1,0.0,normal
2025-10-17 03:00:00,24.54,78.85,1006.64,20.62,0.76,176.5,0.0,normal
2025-10-17 03:10:00,24.42,80.31,1006.77,20.8,1.16,165.2,0.0,normal
2025-10-17 03:20:00,24.19,79.7,1006.82,20.46,2.02,175.8,0.0,normal
2025-10-17 03:30:00,23.84,79.9,1006.83,20.16,0.97,149.1,0.0,normal
2025-10-17 03:40:00,24.78,77.68,1006.35,20.61,0.8,144.5,0.0,normal
2025-10-17 03:50:00,24.91,78.03,1006.5,20.8,1.44,168.6,0.0,normal
2025-10-17 04:00:00,25.32,76.93,1006.63,20.97,0.5,160.8,0.0,normal
2025-10-17 04:10:00,25.2,76.87,1006.44,20.84,1.24,148.6,0.0,normal
2025-10-17 04:20:00,25.82,76.03,1006.4,21.26,1.41,133.0,0.0,normal
2025-10-17 04:30:00,25.22,74.85,1006.37,20.43,1.34,134.7,0.0,normal
2025-10-17 04:40:00,25.29,74.89,1005.81,20.51,0.56,146.5,0.0,normal
2025-10-17 04:50:00,26.49,74.5,1005.95,21.58,1.25,158.9,0.0,normal
2025-10-17 05:00:00,25.79,75.26,1005.82,21.06,1.45,161.4,0.0,normal
2025-10-17 05:10:00,25.91,72.25,1005.62,20.53,1.28,128.7,0.0,normal
2025-10-17 05:20:00,26.58,73.54,1005.75,21.45,1.42,166.3,0.0,normal
2025-10-17 05:30:00,26.79,71.41,1005.36,21.18,2.52,150.0,0.0,normal
2025-10-17 05:40:00,26.12,71.49,1005.37,20.55,1.62,129.8,0.0,normal
2025-10-17 05:50:00,26.69,71.22,1005.31,21.03,1.55,134.3,0.0,normal
2025-10-17 06:00:00,27.14,72.1,1004.98,21.66,1.78,152.4,0.0,normal
2025-10-17 06:10:00,27.69,69.75,1005.11,21.65,2.44,169.2,11.7,normal
2025-10-17 06:20:00,27.23,69.66,1004.64,21.19,1.71,152.6,51.2,normal
2025-10-17 06:30:00,27.6,69.36,1004.53,21.48,2.11,158.4,88.0,normal
2025-10-17 06:40:00,28.07,69.69,1004.23,22.0,2.63,137.6,139.0,normal
2025-10-17 06:50:00,28.42,67.68,1004.15,21.85,2.82,128.4,174.5,normal
2025-10-17 07:00:00,28.24,68.2,1004.1,21.81,1.93,138.7,230.7,normal
2025-10-17 07:10:00,28.6,65.99,1003.81,21.61,2.49,167.8,259.0,normal
2025-10-17 07:20:00,28.45,65.7,1003.86,21.39,2.29,136.1,266.6,normal
2025-10-17 07:30:00,29.32,64.59,1003.66,21.94,3.52,158.3,339.5,normal
2025-10-17 07:40:00,29.27,63.24,1003.6,21.54,3.37,151.3,351.9,normal
2025-10-17 07:50:00,29.87,63.3,1003.11,22.13,2.63,133.0,360.8,normal
2025-10-17 08:00:00,29.83,63.1,1003.47,22.04,3.73,146.1,431.0,normal
2025-10-17 08:10:00,30.32,61.35,1003.23,22.03,3.03,130.5,484.8,normal
2025-10-17 08:20:00,30.4,61.56,1003.24,22.17,3.54,140.2,487.9,normal
2025-10-17 08:30:00,31.05,61.13,1003.32,22.66,3.5,125.2,542.3,normal
2025-10-17 08:40:00,31.19,58.34,1003.34,22.03,3.62,165.0,530.6,normal
2025-10-17 08:50:00,31.35,59.18,1003.15,22.41,3.7,137.9,564.2,normal
2025-10-17 09:00:00,31.08,57.35,1003.26,21.64,2.78,142.1,609.5,normal
2025-10-17 09:10:00,32.33,56.57,1003.19,22.57,3.56,134.1,598.1,normal
2025-10-17 09:20:00,32.17,57.8,1003.38,22.78,3.07,172.1,646.3,normal
2025-10-17 09:30:00,32.72,56.19,1003.13,22.83,3.62,135.7,662.9,normal
2025-10-17 09:40:00,32.72,56.01,1002.87,22.77,3.11,127.6,659.3,normal
2025-10-17 09:50:00,32.85,53.88,1003.46,22.25,4.03,148.3,728.7,normal
2025-10-17 10:00:00,33.4,53.25,1003.55,22.57,4.27,124.0,726.4,normal
2025-10-17 10:10:00,32.76,53.51,1003.46,22.06,3.53,147.6,765.6,normal
2025-10-17 10:20:00,33.46,54.35,1003.78,22.96,4.15,151.8,765.9,normal
2025-10-17 10:30:00,33.64,52.54,1003.74,22.57,4.09,156.5,789.7,normal
2025-10-17 10:40:00,34.11,51.43,1003.56,22.64,4.34,165.3,811.1,normal
2025-10-17 10:50:00,33.65,49.06,1003.85,21.45,4.25,143.5,833.6,normal
2025-10-17 11:00:00,34.08,50.29,1004.05,22.25,5.1,147.9,843.0,normal
2025-10-17 11:10:00,34.54,49.02,1004.49,22.25,4.91,148.7,802.1,normal
2025-10-17 11:20:00,34.51,51.32,1004.45,22.98,3.8,149.2,853.5,normal
2025-10-17 11:30:00,34.25,49.7,1004.44,22.21,4.57,148.4,844.5,normal
2025-10-17 11:40:00,34.79,48.21,1004.79,22.2,4.89,176.0,819.0,normal
2025-10-17 11:50:00,35.04,46.62,1004.91,21.87,4.56,168.5,877.8,normal
2025-10-17 12:00:00,34.62,47.5,1004.94,21.81,4.88,183.2,839.5,normal
2025-10-17 12:10:00,35.3,45.88,1005.19,21.85,4.8,155.4,846.5,normal
2025-10-17 12:20:00,35.71,46.61,1005.31,22.48,5.06,139.6,813.4,normal
2025-10-17 12:30:00,35.12,46.29,1005.35,21.83,5.35,157.9,857.6,normal
2025-10-17 12:40:00,35.17,45.52,1005.65,21.61,5.11,162.7,814.4,normal
2025-10-17 12:50:00,36.08,48.02,1005.81,23.31,5.35,163.5,800.2,normal
2025-10-17 13:00:00,35.4,46.9,1005.99,22.3,4.51,196.7,821.6,normal
2025-10-17 13:10:00,36.07,44.6,1005.79,22.08,4.6,172.9,808.9,normal
2025-10-17 13:20:00,36.15,44.9,1006.16,22.26,5.69,163.4,796.2,normal
2025-10-17 13:30:00,36.36,46.45,1006.51,23.02,5.64,182.0,810.6,normal
2025-10-17 13:40:00,35.6,43.53,1006.1,21.26,4.86,170.6,783.8,normal
2025-10-17 13:50:00,36.47,44.58,1006.41,22.44,4.9,152.9,718.2,normal
2025-10-17 14:00:00,35.92,44.25,1006.45,21.82,3.69,171.8,789.3,normal
2025-10-17 14:10:00,36.36,44.84,1006.48,22.43,5.25,168.1,739.8,normal
2025-10-17 14:20:00,35.91,44.89,1006.42,22.04,5.29,155.8,702.4,normal
2025-10-17 14:30:00,35.94,45.48,1006.83,22.29,4.88,198.8,645.1,normal
2025-10-17 14:40:00,36.42,46.56,1006.93,23.1,5.06,179.8,657.0,normal
2025-10-17 14:50:00,35.28,45.6,1006.59,21.73,4.73,187.0,644.1,normal
2025-10-17 15:00:00,35.53,45.16,1007.01,21.8,4.64,177.6,561.0,normal
2025-10-17 15:10:00,35.44,45.63,1006.82,21.89,5.75,220.6,595.4,normal
2025-10-17 15:20:00,35.59,45.5,1006.94,21.97,5.59,215.4,548.7,normal
2025-10-17 15:30:00,35.11,44.59,1006.96,21.21,4.63,191.3,513.4,normal
2025-10-17 15:40:00,35.18,47.2,1006.68,22.2,4.39,213.9,509.8,normal
2025-10-17 15:50:00,35.57,45.68,1006.79,22.02,4.3,218.0,413.2,normal
2025-10-17 16:00:00,35.31,46.98,1006.58,22.25,4.71,231.6,416.9,normal
2025-10-17 16:10:00,34.99,47.34,1006.63,22.08,4.9,198.0,388.4,normal
2025-10-17 16:20:00,34.52,49.27,1006.47,22.31,4.53,181.8,356.5,normal
2025-10-17 16:30:00,34.51,47.2,1006.19,21.6,4.17,210.3,301.4,normal
2025-10-17 16:40:00,34.75,50.8,1006.23,23.03,4.52,200.8,257.5,normal
2025-10-17 16:50:00,34.46,48.92,1005.84,22.14,3.74,194.2,270.0,normal
2025-10-17 17:00:00,34.11,49.77,1005.84,22.1,4.51,202.7,210.3,normal
2025-10-17 17:10:00,34.25,50.88,1005.45,22.6,4.1,204.5,211.6,normal
2025-10-17 17:20:00,33.71,52.18,1005.36,22.52,4.22,217.8,149.5,normal
2025-10-17 17:30:00,33.21,51.25,1005.53,21.76,3.95,196.0,116.1,normal
2025-10-17 17:40:00,32.91,51.92,1005.3,21.7,5.33,208.8,63.9,normal
2025-10-17 17:50:00,33.7,53.06,1005.33,22.78,4.52,224.3,33.6,normal
2025-10-17 18:00:00,33.12,54.62,1004.76,22.73,3.93,211.8,18.0,normal
2025-10-17 18:10:00,33.34,54.37,1004.86,22.86,3.11,222.0,0.0,normal
2025-10-17 18:20:00,32.44,55.13,1004.65,22.26,3.58,203.6,0.0,normal
2025-10-17 18:30:00,32.33,54.27,1004.46,21.89,3.61,226.6,0.0,normal
2025-10-17 18:40:00,32.04,55.94,1004.42,22.12,3.95,213.6,0.0,normal
2025-10-17 18:50:00,32.38,57.9,1004.25,23.0,2.57,197.9,0.0,normal
2025-10-17 19:00:00,31.62,57.7,1003.74,22.24,3.49,217.0,0.0,normal
2025-10-17 19:10:00,31.29,58.89,1003.9,22.27,3.72,224.5,0.0,normal
2025-10-17 19:20:00,31.14,59.14,1003.68,22.2,3.46,206.9,0.0,normal
2025-10-17 19:30:00,31.05,62.25,1003.63,22.96,3.41,209.8,0.0,normal
2025-10-17 19:40:00,30.68,61.04,1003.46,22.29,3.44,206.6,0.0,normal
2025-10-17 19:50:00,30.35,63.13,1003.51,22.53,2.89,230.5,0.0,normal
2025-10-17 20:00:00,30.59,59.92,1003.35,21.9,1.53,210.6,0.0,normal
2025-10-17 20:10:00,29.63,63.51,1003.43,21.95,2.61,206.1,0.0,normal
2025-10-17 20:20:00,29.61,64.18,1003.52,22.11,2.98,247.6,0.0,normal
2025-10-17 20:30:00,28.45,64.41,1003.58,21.07,2.69,194.8,0.0,normal
2025-10-17 20:40:00,29.08,65.21,1003.41,21.87,2.12,204.2,0.0,normal
2025-10-17 20:50:00,28.09,66.92,1003.45,21.35,2.0,220.0,0.0,normal
2025-10-17 21:00:00,28.6,66.86,1003.47,21.82,2.33,214.2,0.0,normal
2025-10-17 21:10:00,27.98,69.08,1003.42,21.77,2.36,219.4,0.0,normal
2025-10-17 21:20:00,28.11,69.7,1003.2,22.04,2.44,223.7,0.0,normal
2025-10-17 21:30:00,27.32,68.91,1003.23,21.1,1.96,221.7,0.0,normal
2025-10-17 21:40:00,28.07,68.83,1003.25,21.79,1.16,214.4,0.0,normal
2025-10-17 21:50:00,27.05,69.09,1003.12,20.89,1.72,219.4,0.0,normal
2025-10-17 22:00:00,26.82,70.5,1003.4,21.0,2.11,235.4,0.0,normal
2025-10-17 22:10:00,26.87,72.34,1003.68,21.46,2.73,234.8,0.0,normal
2025-10-17 22:20:00,26.67,71.19,1003.56,21.01,2.05,201.4,0.0,normal
2025-10-17 22:30:00,26.39,71.94,1003.8,20.91,1.41,222.2,0.0,normal
2025-10-17 22:40:00,26.22,74.82,1003.8,21.39,2.07,217.5,0.0,normal
2025-10-17 22:50:00,26.42,72.3,1003.75,21.02,1.56,182.8,0.0,normal
2025-10-17 23:00:00,25.48,75.14,1003.97,20.74,2.76,191.1,0.0,normal
2025-10-17 23:10:00,25.05,76.22,1004.41,20.56,2.31,234.0,0.0,normal
2025-10-17 23:20:00,25.43,75.7,1004.37,20.82,1.53,194.1,0.0,normal
2025-10-17 23:30:00,25.38,77.68,1004.79,21.19,1.98,212.3,0.0,normal
2025-10-17 23:40:00,24.96,76.62,1004.6,20.56,1.56,191.1,0.0,normal
2025-10-17 23:50:00,24.71,76.57,1004.9,20.31,0.65,187.2,0.0,normal
2025-10-18 00:00:00,25.58,78.56,1004.89,21.57,1.74,217.9,0.0,normal
2025-10-18 00:10:00,25.02,78.11,1004.91,20.93,1.58,166.0,0.0,normal
2025-10-18 00:20:00,24.53,79.77,1005.17,20.8,1.38,192.3,0.0,normal
2025-10-18 00:30:00,25.01,79.32,1005.45,21.17,1.47,185.2,0.0,normal
2025-10-18 00:40:00,24.24,78.42,1005.71,20.23,0.78,191.4,0.0,normal
2025-10-18 00:50:00,24.5,79.04,1005.61,20.61,1.36,163.7,0.0,normal
2025-10-18 01:00:00,24.01,78.81,1006.18,20.1,1.31,187.6,0.0,normal
2025-10-18 01:10:00,24.06,79.02,1005.72,20.19,2.01,168.9,0.0,normal
2025-10-18 01:20:00,24.56,80.8,1006.23,21.03,1.29,163.6,0.0,normal
2025-10-18 01:30:00,24.4,79.53,1006.45,20.62,1.01,184.1,0.0,normal
2025-10-18 01:40:00,23.79,78.09,1006.17,19.73,1.35,179.4,0.0,normal
2025-10-18 01:50:00,24.37,79.65,1006.5,20.61,1.07,185.8,0.0,normal
2025-10-18 02:00:00,23.43,80.84,1006.6,19.94,1.2,202.4,0.0,normal
2025-10-18 02:10:00,24.45,79.9,1006.8,20.74,1.36,183.1,0.0,normal
2025-10-18 02:20:00,24.13,79.74,1006.58,20.4,0.5,166.1,0.0,normal
2025-10-18 02:30:00,23.82,78.93,1006.8,19.93,1.49,196.4,0.0,normal
2025-10-18 02:40:00,24.44,78.95,1006.85,20.54,0.5,183.3,0.0,normal
2025-10-18 02:50:00,24.15,79.36,1006.81,20.34,1.79,151.3,0.0,normal
2025-10-18 03:00:00,24.0,77.86,1006.66,19.89,0.91,197.6,0.0,normal
2025-10-18 03:10:00,24.47,79.49,1006.71,20.68,1.31,182.1,0.0,normal
2025-10-18 03:20:00,24.45,79.58,1006.87,20.68,1.49,180.4,0.0,normal
2025-10-18 03:30:00,24.49,78.15,1006.71,20.43,0.5,168.7,0.0,normal
2025-10-18 03:40:00,24.38,77.73,1006.66,20.23,1.36,181.5,0.0,normal
2025-10-18 03:50:00,24.33,78.36,1006.66,20.32,1.61,164.9,0.0,normal
2025-10-18 04:00:00,24.79,79.07,1006.46,20.91,1.78,172.2,0.0,normal
2025-10-18 04:10:00,25.16,78.55,1006.54,21.16,1.67,171.1,0.0,normal
2025-10-18 04:20:00,25.25,76.14,1006.48,20.74,2.37,153.4,0.0,normal
2025-10-18 04:30:00,25.24,78.59,1005.98,21.25,0.5,138.9,0.0,normal
2025-10-18 04:40:00,25.21,75.32,1006.25,20.52,2.23,148.1,0.0,normal
2025-10-18 04:50:00,25.76,75.45,1005.97,21.08,2.12,157.3,0.0,normal
2025-10-18 05:00:00,25.43,75.61,1005.81,20.8,1.83,144.4,0.0,normal
2025-10-18 05:10:00,25.95,74.95,1005.85,21.16,0.9,138.5,0.0,normal
2025-10-18 05:20:00,26.89,72.55,1005.59,21.53,0.5,132.4,0.0,normal
2025-10-18 05:30:00,26.24,73.41,1005.49,21.1,1.75,155.8,0.0,normal
2025-10-18 05:40:00,26.59,73.02,1005.36,21.35,2.18,134.1,0.0,normal
2025-10-18 05:50:00,27.02,72.17,1005.27,21.57,2.2,146.3,0.0,normal
2025-10-18 06:00:00,26.6,71.42,1004.87,21.0,2.07,162.7,0.0,normal
2025-10-18 06:10:00,27.48,69.45,1004.95,21.38,1.81,144.3,9.6,normal
2025-10-18 06:20:00,27.74,71.4,1004.78,22.08,1.73,158.5,84.8,normal
2025-10-18 06:30:00,27.54,67.23,1004.62,20.91,2.45,160.1,103.9,normal
2025-10-18 06:40:00,27.45,67.54,1004.5,20.9,2.35,137.4,167.7,normal
2025-10-18 06:50:00,27.84,67.68,1004.48,21.3,2.85,148.8,168.0,normal
2025-10-18 07:00:00,28.38,66.81,1004.13,21.6,2.89,180.9,223.0,normal
2025-10-18 07:10:00,28.38,65.16,1004.34,21.19,2.44,159.4,219.8,normal
2025-10-18 07:20:00,28.85,66.29,1003.77,21.91,2.94,132.0,298.0,normal
2025-10-18 07:30:00,29.46,63.94,1003.7,21.9,2.84,128.1,334.2,normal
2025-10-18 07:40:00,29.59,64.42,1003.3,22.15,2.86,136.8,368.7,normal
2025-10-18 07:50:00,29.59,62.39,1003.24,21.62,2.83,153.1,415.0,normal
2025-10-18 08:00:00,30.14,62.95,1003.1,22.29,2.65,124.8,449.6,normal
2025-10-18 08:10:00,30.08,61.2,1003.39,21.77,2.79,125.0,463.4,normal
2025-10-18 08:20:00,29.82,61.56,1003.33,21.62,2.93,127.0,520.7,normal
2025-10-18 08:30:00,30.68,60.23,1003.43,22.07,4.01,139.3,496.2,normal
2025-10-18 08:40:00,31.05,58.25,1003.5,21.87,3.49,132.4,540.4,normal
2025-10-18 08:50:00,31.54,58.75,1003.13,22.46,3.26,153.1,578.1,normal
2025-10-18 09:00:00,31.26,57.84,1003.44,21.95,3.42,126.3,629.3,normal
2025-10-18 09:10:00,32.08,56.76,1003.32,22.4,3.92,139.4,612.6,normal
2025-10-18 09:20:00,31.96,57.08,1003.04,22.38,3.56,136.3,644.8,normal
2025-10-18 09:30:00,31.89,57.47,1003.15,22.43,4.7,134.9,664.5,normal
2025-10-18 09:40:00,32.88,54.79,1003.32,22.56,3.37,163.3,724.3,normal
2025-10-18 09:50:00,32.74,54.06,1003.54,22.21,3.52,157.4,734.4,normal
2025-10-18 10:00:00,33.63,54.77,1003.33,23.25,3.89,163.6,727.4,normal
2025-10-18 10:10:00,32.99,51.57,1003.31,21.66,3.59,158.7,742.8,normal
2025-10-18 10:20:00,33.51,51.36,1003.61,22.08,5.35,141.9,768.3,normal
2025-10-18 10:30:00,33.75,51.04,1003.88,22.19,4.02,130.1,786.8,normal
2025-10-18 10:40:00,34.74,52.34,1003.97,23.52,4.8,137.9,831.8,normal
2025-10-18 10:50:00,33.98,50.13,1004.0,22.11,4.58,137.8,765.0,normal
2025-10-18 11:00:00,34.24,50.83,1004.14,22.57,4.04,174.6,813.1,normal
2025-10-18 11:10:00,34.16,48.49,1004.14,21.72,3.99,158.3,825.7,normal
2025-10-18 11:20:00,34.13,50.78,1004.25,22.45,4.39,179.2,875.1,normal
2025-10-18 11:30:00,34.17,49.46,1004.64,22.05,4.45,146.2,858.5,normal
2025-10-18 11:40:00,34.93,48.69,1004.74,22.5,5.32,184.3,846.5,normal
2025-10-18 11:50:00,34.96,47.68,1004.78,22.17,4.72,160.4,866.1,normal
2025-10-18 12:00:00,34.9,47.43,1005.08,22.04,4.13,171.1,866.5,normal
2025-10-18 12:10:00,35.16,45.99,1005.21,21.77,4.76,167.8,870.5,normal
2025-10-18 12:20:00,35.79,46.83,1005.05,22.63,5.32,154.4,874.7,normal
2025-10-18 12:30:00,35.86,46.04,1005.63,22.41,4.71,173.1,846.9,normal
2025-10-18 12:40:00,35.67,46.27,1005.47,22.32,5.03,147.9,834.6,normal
2025-10-18 12:50:00,36.5,45.51,1005.48,22.8,4.73,151.2,816.6,normal
2025-10-18 13:00:00,36.34,46.37,1005.89,22.96,5.47,171.7,802.3,normal
2025-10-18 13:10:00,35.8,46.43,1005.91,22.5,4.4,185.1,808.8,normal
2025-10-18 13:20:00,36.42,45.33,1006.24,22.66,5.04,179.3,823.0,normal
2025-10-18 13:30:00,35.89,44.74,1006.32,21.97,4.75,184.1,734.6,normal
2025-10-18 13:40:00,36.26,45.62,1006.28,22.62,5.58,184.5,787.9,normal
2025-10-18 13:50:00,35.92,44.69,1006.39,21.98,5.18,205.0,722.7,normal
2025-10-18 14:00:00,35.87,45.01,1006.66,22.05,3.91,168.4,754.2,normal
2025-10-18 14:10:00,35.68,44.25,1006.56,21.6,4.93,180.1,686.0,normal
2025-10-18 14:20:00,36.13,46.23,1006.75,22.73,4.39,181.6,734.3,normal
2025-10-18 14:30:00,35.73,44.81,1006.63,21.85,5.42,190.3,652.8,normal
2025-10-18 14:40:00,36.04,46.01,1006.75,22.57,5.93,185.0,652.3,normal
2025-10-18 14:50:00,35.53,46.45,1006.6,22.26,5.01,194.7,640.1,normal
2025-10-18 15:00:00,35.49,44.73,1006.73,21.61,5.72,184.0,596.9,normal
2025-10-18 15:10:00,35.94,46.34,1006.72,22.6,4.83,187.1,598.5,normal
2025-10-18 15:20:00,35.75,46.34,1006.92,22.42,5.33,203.0,542.0,normal
2025-10-18 15:30:00,35.93,45.84,1006.98,22.41,4.3,201.3,560.9,normal
2025-10-18 15:40:00,35.36,47.36,1006.66,22.43,4.46,199.6,478.1,normal
2025-10-18 15:50:00,34.81,47.54,1006.45,21.99,5.29,210.3,442.9,normal
2025-10-18 16:00:00,35.25,48.14,1006.32,22.6,5.3,160.0,387.7,normal
2025-10-18 16:10:00,35.4,48.29,1006.37,22.79,4.86,186.6,383.3,normal
2025-10-18 16:20:00,34.58,49.27,1006.67,22.37,4.18,200.7,356.4,normal
2025-10-18 16:30:00,34.69,47.81,1006.52,21.98,4.44,242.4,334.7,normal
2025-10-18 16:40:00,34.48,48.92,1006.1,22.16,3.87,213.3,310.2,normal
2025-10-18 16:50:00,34.85,48.19,1005.86,22.25,5.65,205.3,241.5,normal
2025-10-18 17:00:00,34.37,49.7,1005.82,22.32,4.87,217.1,203.4,normal
2025-10-18 17:10:00,33.82,50.41,1005.76,22.05,3.25,218.3,182.8,normal
2025-10-18 17:20:00,33.91,51.69,1005.55,22.54,4.63,204.7,175.9,normal
2025-10-18 17:30:00,33.86,52.19,1005.25,22.66,3.81,210.9,124.8,normal
2025-10-18 17:40:00,33.43,54.11,1004.97,22.87,3.88,220.2,38.5,normal
2025-10-18 17:50:00,33.18,52.43,1005.19,22.11,3.45,202.5,66.8,normal
2025-10-18 18:00:00,32.88,52.43,1005.0,21.83,3.79,208.2,0.0,normal
2025-10-18 18:10:00,32.92,55.71,1005.14,22.87,3.89,216.4,0.0,normal
2025-10-18 18:20:00,31.94,55.01,1004.65,21.75,3.3,201.0,0.0,normal
2025-10-18 18:30:00,32.48,56.72,1004.57,22.76,3.81,212.8,0.0,normal
2025-10-18 18:40:00,32.04,57.29,1004.26,22.52,3.31,220.2,0.0,normal
2025-10-18 18:50:00,31.15,59.01,1004.18,22.17,2.84,195.6,0.0,normal
2025-10-18 19:00:00,32.01,58.93,1004.07,22.96,2.48,222.8,0.0,normal
2025-10-18 19:10:00,31.53,59.4,1003.74,22.64,3.83,211.3,0.0,normal
2025-10-18 19:20:00,31.48,59.88,1003.86,22.72,4.45,227.1,0.0,normal
2025-10-18 19:30:00,30.7,59.74,1003.56,21.95,3.03,226.4,0.0,normal
2025-10-18 19:40:00,30.27,61.21,1003.79,21.95,3.48,170.6,0.0,normal
2025-10-18 19:50:00,30.92,62.15,1003.77,22.82,3.45,232.6,0.0,normal
2025-10-18 20:00:00,29.7,62.23,1003.5,21.69,2.86,195.4,0.0,normal
2025-10-18 20:10:00,30.1,64.52,1003.45,22.66,3.23,224.8,0.0,normal
2025-10-18 20:20:00,29.27,64.24,1003.33,21.8,3.55,225.5,0.0,normal
2025-10-18 20:30:00,29.49,64.41,1003.31,22.05,2.56,235.5,0.0,normal
2025-10-18 20:40:00,29.46,65.95,1003.19,22.42,2.37,219.3,0.0,normal
2025-10-18 20:50:00,28.87,66.33,1003.35,21.95,1.93,250.0,0.0,normal
2025-10-18 21:00:00,28.57,67.07,1003.02,21.85,2.27,223.8,0.0,normal
2025-10-18 21:10:00,28.38,69.41,1003.17,22.23,2.48,229.1,0.0,normal
2025-10-18 21:20:00,27.7,67.96,1003.11,21.24,1.83,231.9,0.0,normal
2025-10-18 21:30:00,27.27,67.87,1003.58,20.8,1.4,194.8,0.0,normal
2025-10-18 21:40:00,27.97,70.46,1003.38,22.08,1.96,224.8,0.0,normal
2025-10-18 21:50:00,27.61,70.59,1003.4,21.77,2.93,227.9,0.0,normal
2025-10-18 22:00:00,27.56,71.58,1003.28,21.95,1.89,221.6,0.0,normal
2025-10-18 22:10:00,26.8,73.12,1003.53,21.57,0.92,203.0,0.0,normal
2025-10-18 22:20:00,27.14,73.52,1003.77,21.99,2.04,225.1,0.0,normal
2025-10-18 22:30:00,26.5,73.52,1003.67,21.37,2.16,217.4,0.0,normal
2025-10-18 22:40:00,25.93,73.91,1003.92,20.91,1.63,223.0,0.0,normal
2025-10-18 22:50:00,25.84,73.97,1004.29,20.83,1.36,207.6,0.0,normal
2025-10-18 23:00:00,25.8,75.91,1003.75,21.22,1.62,188.5,0.0,normal
2025-10-18 23:10:00,26.06,74.21,1004.29,21.1,1.23,235.8,0.0,normal
2025-10-18 23:20:00,25.75,75.8,1004.54,21.15,1.97,188.2,0.0,normal
2025-10-18 23:30:00,25.12,76.75,1004.52,20.74,1.36,199.5,0.0,normal
2025-10-18 23:40:00,24.83,76.09,1004.68,20.32,1.67,191.4,0.0,normal
2025-10-18 23:50:00,25.26,76.75,1005.25,20.87,0.9,228.7,0.0,normal
2025-10-19 00:00:00,25.33,77.45,1004.98,21.09,1.79,191.0,0.0,normal
2025-10-19 00:10:00,24.95,78.74,1004.86,20.99,1.48,175.7,0.0,normal
2025-10-19 00:20:00,24.06,77.98,1005.35,19.97,2.03,184.9,0.0,normal
2025-10-19 00:30:00,24.21,77.09,1005.67,19.93,0.97,187.7,0.0,normal
2025-10-19 00:40:00,24.77,78.96,1005.64,20.87,1.09,195.7,0.0,normal
2025-10-19 00:50:00,24.26,78.37,1005.63,20.24,1.71,181.6,0.0,normal
2025-10-19 01:00:00,24.05,80.22,1006.07,20.42,0.5,184.2,0.0,normal
2025-10-19 01:10:00,23.97,78.35,1006.3,19.96,0.76,214.0,0.0,normal
2025-10-19 01:20:00,24.38,78.73,1005.97,20.43,1.3,178.0,0.0,normal
2025-10-19 01:30:00,24.22,79.31,1006.43,20.4,0.8,162.8,0.0,normal
2025-10-19 01:40:00,23.68,80.74,1006.49,20.17,1.16,166.3,0.0,normal
2025-10-19 01:50:00,23.94,78.94,1006.29,20.06,0.64,192.0,0.0,normal
2025-10-19 02:00:00,24.01,80.12,1006.45,20.36,0.5,185.2,0.0,normal
2025-10-19 02:10:00,24.53,81.45,1006.68,21.14,1.06,202.5,0.0,normal
2025-10-19 02:20:00,23.73,79.47,1006.66,19.96,1.14,173.6,0.0,normal
2025-10-19 02:30:00,24.5,79.96,1006.94,20.81,0.91,175.2,0.0,normal
2025-10-19 02:40:00,24.0,78.86,1006.77,20.1,0.58,184.0,0.0,normal
2025-10-19 02:50:00,24.31,79.64,1006.75,20.56,1.24,161.3,0.0,normal
2025-10-19 03:00:00,24.15,80.65,1006.66,20.61,0.83,149.1,0.0,normal
2025-10-19 03:10:00,24.29,78.04,1007.01,20.21,0.93,186.5,0.0,normal
2025-10-19 03:20:00,24.38,78.49,1006.93,20.39,0.97,163.2,0.0,normal
2025-10-19 03:30:00,24.29,79.59,1006.66,20.53,0.83,164.9,0.0,normal
2025-10-19 03:40:00,24.67,77.47,1006.52,20.46,1.44,186.9,0.0,normal
2025-10-19 03:50:00,25.19,78.94,1006.88,21.27,0.5,161.7,0.0,normal
2025-10-19 04:00:00,24.99,77.59,1006.33,20.79,1.01,146.9,0.0,normal
2025-10-19 04:10:00,25.09,77.09,1006.49,20.79,0.98,129.2,0.0,normal
2025-10-19 04:20:00,25.22,74.81,1006.4,20.42,1.52,175.1,0.0,normal
2025-10-19 04:30:00,25.11,75.43,1006.18,20.45,2.2,161.1,0.0,normal
2025-10-19 04:40:00,25.08,75.59,1006.14,20.45,1.31,131.9,0.0,normal
2025-10-19 04:50:00,25.11,76.18,1005.85,20.61,1.67,149.1,0.0,normal
2025-10-19 05:00:00,25.92,74.8,1005.94,21.09,1.03,169.7,0.0,normal
2025-10-19 05:10:00,26.2,74.94,1005.55,21.4,1.99,175.8,0.0,normal
2025-10-19 05:20:00,26.06,73.67,1005.64,20.98,2.16,143.7,0.0,normal
2025-10-19 05:30:00,26.65,73.77,1005.28,21.57,1.41,150.3,0.0,normal
2025-10-19 05:40:00,27.13,72.83,1005.46,21.82,2.06,140.5,0.0,normal
2025-10-19 05:50:00,26.08,71.88,1005.36,20.6,3.12,131.2,0.0,normal
2025-10-19 06:00:00,27.35,70.1,1004.89,21.41,1.97,148.7,3.6,normal
2025-10-19 06:10:00,27.43,70.27,1004.91,21.52,1.85,140.0,63.5,normal
2025-10-19 06:20:00,27.23,70.8,1004.98,21.45,2.18,131.3,52.4,normal
2025-10-19 06:30:00,27.69,69.02,1004.76,21.48,3.51,155.1,76.6,normal
2025-10-19 06:40:00,27.97,68.12,1004.44,21.53,1.03,124.3,117.6,normal
2025-10-19 06:50:00,28.16,69.35,1004.28,22.01,2.48,154.0,193.0,normal
2025-10-19 07:00:00,28.5,65.84,1003.93,21.47,2.91,155.7,226.1,normal
2025-10-19 07:10:00,28.79,67.36,1003.95,22.13,2.12,160.9,260.0,normal
2025-10-19 07:20:00,28.35,65.55,1003.92,21.27,2.99,136.3,296.6,normal
2025-10-19 07:30:00,28.94,63.73,1003.81,21.36,2.9,120.9,337.7,normal
2025-10-19 07:40:00,29.46,63.85,1003.71,21.88,3.5,138.8,379.8,normal
2025-10-19 07:50:00,29.54,63.81,1003.44,21.95,3.74,144.6,428.4,normal
2025-10-19 08:00:00,29.69,62.55,1003.73,21.76,3.24,141.1,464.8,normal
2025-10-19 08:10:00,29.94,62.43,1003.51,21.97,2.72,171.4,442.9,normal
2025-10-19 08:20:00,30.31,60.58,1003.35,21.81,2.81,161.6,470.7,normal
2025-10-19 08:30:00,30.52,60.34,1003.3,21.95,3.41,128.6,509.8,normal
2025-10-19 08:40:00,31.44,60.36,1003.18,22.82,3.68,172.8,548.6,normal
2025-10-19 08:50:00,31.29,60.61,1003.18,22.74,3.4,148.8,572.2,normal
2025-10-19 09:00:00,31.65,56.72,1003.34,21.99,3.16,129.0,616.6,normal
2025-10-19 09:10:00,31.77,57.32,1003.33,22.28,3.4,135.1,645.2,normal
2025-10-19 09:20:00,31.68,57.35,1003.3,22.2,3.71,112.7,684.7,normal
2025-10-19 09:30:00,32.48,56.47,1003.52,22.69,3.4,143.9,682.9,normal
2025-10-19 09:40:00,32.58,53.15,1003.68,21.78,4.66,154.4,665.6,normal
2025-10-19 09:50:00,32.89,54.5,1003.37,22.48,4.42,123.1,726.7,normal
2025-10-19 10:00:00,33.15,53.08,1003.48,22.29,4.38,133.4,748.7,normal
2025-10-19 10:10:00,33.16,51.7,1003.85,21.86,4.03,145.4,787.0,normal
2025-10-19 10:20:00,33.62,52.95,1003.53,22.68,3.93,151.8,771.5,normal
2025-10-19 10:30:00,34.05,51.41,1003.75,22.58,3.98,137.2,816.6,normal
2025-10-19 10:40:00,33.47,49.89,1003.73,21.57,4.18,133.0,783.0,normal
2025-10-19 10:50:00,33.96,49.61,1003.94,21.92,4.2,131.8,825.9,normal
2025-10-19 11:00:00,34.12,49.85,1004.23,22.14,5.17,158.8,828.3,normal
2025-10-19 11:10:00,34.56,49.59,1003.96,22.46,4.62,151.9,825.8,normal
2025-10-19 11:20:00,34.18,49.51,1004.28,22.09,3.97,109.1,839.7,normal
2025-10-19 11:30:00,34.82,48.33,1004.67,22.28,4.15,183.6,829.4,normal
2025-10-19 11:40:00,35.14,48.71,1004.5,22.69,3.91,148.2,849.5,normal
2025-10-19 11:50:00,35.01,46.98,1004.56,21.98,4.56,153.4,849.4,normal
2025-10-19 12:00:00,35.27,48.6,1005.07,22.77,4.73,170.2,853.5,normal
2025-10-19 12:10:00,35.63,48.32,1005.16,23.0,5.29,152.7,853.3,normal
2025-10-19 12:20:00,35.73,45.79,1005.4,22.21,4.03,165.3,848.9,normal
2025-10-19 12:30:00,35.32,46.23,1005.59,21.99,3.91,159.1,839.2,normal
2025-10-19 12:40:00,36.18,45.71,1005.48,22.58,4.14,159.1,833.0,normal
2025-10-19 12:50:00,35.59,46.26,1005.44,22.25,5.95,135.8,859.0,normal
2025-10-19 13:00:00,36.16,46.05,1006.16,22.69,5.49,172.8,857.9,normal
2025-10-19 13:10:00,35.89,45.38,1006.07,22.2,4.81,182.1,806.9,normal
2025-10-19 13:20:00,35.86,45.44,1006.04,22.2,5.5,181.6,805.4,normal
2025-10-19 13:30:00,35.67,45.16,1006.3,21.93,3.97,181.1,812.9,normal
2025-10-19 13:40:00,35.38,45.7,1006.32,21.86,5.33,170.6,777.6,normal
2025-10-19 13:50:00,36.27,45.75,1006.32,22.68,3.59,171.0,722.3,normal
2025-10-19 14:00:00,36.23,44.75,1006.28,22.28,5.58,157.5,708.1,normal
2025-10-19 14:10:00,36.03,44.59,1006.9,22.04,4.15,193.6,732.8,normal
2025-10-19 14:20:00,36.02,44.9,1006.9,22.14,5.08,195.3,649.6,normal
2025-10-19 14:30:00,36.06,45.67,1006.58,22.46,5.29,183.0,672.0,normal
2025-10-19 14:40:00,35.85,45.84,1006.76,22.33,4.43,182.4,667.8,normal
2025-10-19 14:50:00,36.06,46.02,1006.89,22.59,4.58,177.1,595.2,normal
2025-10-19 15:00:00,36.08,45.52,1006.96,22.43,4.57,144.6,616.1,normal
2025-10-19 15:10:00,35.69,46.83,1006.91,22.54,4.58,197.0,583.9,normal
2025-10-19 15:20:00,35.67,46.27,1006.59,22.33,3.93,198.1,529.4,normal
2025-10-19 15:30:00,35.74,46.73,1006.68,22.55,4.6,202.3,537.6,normal
2025-10-19 15:40:00,35.76,46.0,1006.74,22.31,5.15,191.3,468.7,normal
2025-10-19 15:50:00,35.36,48.42,1006.56,22.79,4.03,203.0,456.4,normal
2025-10-19 16:00:00,35.24,47.85,1006.47,22.49,4.91,201.8,446.4,normal
2025-10-19 16:10:00,34.98,46.37,1006.48,21.74,4.36,214.9,392.8,normal
2025-10-19 16:20:00,34.82,46.7,1006.58,21.71,4.47,183.6,385.9,normal
2025-10-19 16:30:00,34.35,50.53,1006.28,22.58,4.72,201.7,322.6,normal
2025-10-19 16:40:00,34.11,49.4,1006.15,21.98,5.49,225.7,308.9,normal
2025-10-19 16:50:00,34.28,50.0,1006.09,22.34,4.99,196.0,207.9,normal
2025-10-19 17:00:00,33.59,50.74,1005.72,21.95,4.23,180.7,216.9,normal
2025-10-19 17:10:00,34.17,50.66,1005.88,22.46,4.46,208.3,213.1,normal
2025-10-19 17:20:00,34.11,51.61,1005.64,22.71,4.7,244.3,183.1,normal
2025-10-19 17:30:00,33.43,52.69,1005.56,22.42,4.52,227.4,121.0,normal
2025-10-19 17:40:00,33.48,52.3,1005.38,22.35,4.62,216.0,69.2,normal
2025-10-19 17:50:00,33.16,53.11,1005.37,22.31,3.2,205.1,69.9,normal
2025-10-19 18:00:00,32.9,53.1,1004.91,22.06,4.22,204.0,28.5,normal
2025-10-19 18:10:00,32.44,55.51,1005.01,22.37,3.76,230.1,0.0,normal
2025-10-19 18:20:00,32.8,54.45,1004.57,22.38,3.82,219.1,0.0,normal
2025-10-19 18:30:00,32.65,55.59,1004.52,22.59,4.16,193.3,0.0,normal
2025-10-19 18:40:00,31.64,56.22,1004.86,21.83,3.87,233.0,0.0,normal
2025-10-19 18:50:00,31.49,56.37,1004.19,21.74,3.92,236.3,0.0,normal
2025-10-19 19:00:00,31.64,59.19,1004.12,22.68,3.65,201.6,0.0,normal
2025-10-19 19:10:00,30.88,58.38,1004.13,21.75,3.87,226.5,0.0,normal
2025-10-19 19:20:00,31.14,59.92,1004.1,22.42,2.83,212.5,0.0,normal
2025-10-19 19:30:00,31.18,59.82,1003.59,22.43,3.1,229.9,0.0,normal
2025-10-19 19:40:00,30.89,61.13,1003.58,22.51,3.24,199.1,0.0,normal
2025-10-19 19:50:00,30.56,61.08,1003.7,22.19,3.26,253.7,0.0,normal
2025-10-19 20:00:00,30.27,62.68,1003.56,22.34,2.68,242.6,0.0,normal
2025-10-19 20:10:00,29.8,62.92,1003.51,21.97,3.13,215.9,0.0,normal
2025-10-19 20:20:00,29.32,64.52,1003.15,21.92,3.31,246.7,0.0,normal
2025-10-19 20:30:00,29.68,65.92,1003.27,22.61,3.48,215.9,0.0,normal
2025-10-19 20:40:00,28.67,65.63,1003.01,21.59,2.44,227.0,0.0,normal
2025-10-19 20:50:00,28.51,66.83,1003.27,21.73,2.93,221.1,0.0,normal
2025-10-19 21:00:00,28.39,66.58,1003.4,21.55,2.68,215.9,0.0,normal
2025-10-19 21:10:00,27.96,69.03,1003.02,21.73,1.98,198.2,0.0,normal
2025-10-19 21:20:00,28.0,68.53,1003.19,21.66,2.15,209.1,0.0,normal
2025-10-19 21:30:00,27.83,68.7,1003.35,21.53,1.25,215.3,0.0,normal
2025-10-19 21:40:00,27.68,70.27,1003.31,21.76,2.43,216.5,0.0,normal
2025-10-19 21:50:00,27.63,70.0,1003.3,21.66,2.34,215.1,0.0,normal
2025-10-19 22:00:00,27.54,71.31,1003.81,21.87,2.53,224.2,0.0,normal
2025-10-19 22:10:00,26.74,71.66,1003.61,21.18,2.28,209.4,0.0,normal
2025-10-19 22:20:00,26.0,71.21,1003.81,20.37,2.6,191.4,0.0,normal
2025-10-19 22:30:00,26.29,73.05,1004.03,21.06,2.49,210.2,0.0,normal
2025-10-19 22:40:00,26.02,73.26,1003.86,20.85,2.51,218.2,0.0,normal
2025-10-19 22:50:00,25.9,73.39,1003.98,20.76,1.98,230.6,0.0,normal
2025-10-19 23:00:00,26.1,74.8,1003.93,21.26,1.52,194.1,0.0,normal
2025-10-19 23:10:00,25.84,75.32,1004.07,21.13,1.2,217.4,0.0,normal
2025-10-19 23:20:00,24.91,76.0,1004.54,20.38,1.58,223.1,0.0,normal
2025-10-19 23:30:00,25.24,74.39,1004.78,20.35,1.83,203.1,0.0,normal
2025-10-19 23:40:00,24.49,76.49,1004.73,20.08,1.14,229.2,0.0,normal
2025-10-19 23:50:00,25.06,77.68,1004.87,20.88,1.33,193.1,0.0,normal
2025-10-20 00:00:00,24.6,77.8,1004.88,20.46,1.06,197.0,0.0,normal
2025-10-20 00:10:00,24.42,78.22,1005.0,20.37,0.94,187.7,0.0,normal
2025-10-20 00:20:00,24.55,78.12,1005.57,20.47,1.75,207.9,0.0,normal
2025-10-20 00:30:00,24.44,79.4,1005.62,20.63,1.6,187.8,0.0,normal
2025-10-20 00:40:00,24.42,77.65,1005.73,20.25,1.61,188.7,0.0,normal
2025-10-20 00:50:00,24.39,79.09,1005.58,20.52,1.4,212.3,0.0,normal
2025-10-20 01:00:00,24.09,78.44,1005.9,20.1,0.5,158.2,0.0,normal
2025-10-20 01:10:00,24.49,79.64,1005.94,20.74,1.46,192.6,0.0,normal
2025-10-20 01:20:00,23.87,79.76,1006.22,20.15,0.92,187.2,0.0,normal
2025-10-20 01:30:00,23.96,80.65,1006.48,20.42,1.24,181.7,0.0,normal
2025-10-20 01:40:00,24.55,79.53,1006.37,20.77,0.71,186.9,0.0,normal
2025-10-20 01:50:00,23.99,80.72,1006.4,20.46,1.36,183.8,0.0,normal
2025-10-20 02:00:00,23.57,79.69,1006.67,19.85,0.65,194.0,0.0,normal
2025-10-20 02:10:00,23.99,79.89,1006.53,20.3,0.82,177.6,0.0,normal
2025-10-20 02:20:00,23.99,81.19,1006.65,20.56,1.91,186.0,0.0,normal
2025-10-20 02:30:00,24.04,80.3,1006.69,20.43,2.2,173.4,0.0,normal
2025-10-20 02:40:00,23.85,80.03,1006.62,20.19,1.02,201.6,0.0,normal
2025-10-20 02:50:00,24.1,80.5,1006.9,20.53,0.89,162.9,0.0,normal
2025-10-20 03:00:00,24.2,80.45,1007.1,20.61,1.04,166.0,0.0,normal
2025-10-20 03:10:00,24.48,79.87,1006.93,20.77,1.59,154.3,0.0,normal
2025-10-20 03:20:00,24.31,77.85,1006.86,20.19,0.88,172.1,0.0,normal
2025-10-20 03:30:00,24.88,78.14,1006.71,20.8,1.08,136.6,0.0,normal
2025-10-20 03:40:00,24.35,77.64,1006.65,20.19,1.03,170.3,0.0,normal
2025-10-20 03:50:00,24.54,76.71,1006.87,20.17,1.82,135.1,0.0,normal
2025-10-20 04:00:00,24.73,77.39,1006.85,20.5,1.36,168.5,0.0,normal
2025-10-20 04:10:00,25.46,77.8,1006.39,21.3,1.71,164.3,0.0,normal
2025-10-20 04:20:00,24.77,77.51,1006.43,20.57,1.27,175.8,0.0,normal
2025-10-20 04:30:00,25.4,77.34,1006.07,21.13,0.5,148.7,0.0,normal
2025-10-20 04:40:00,25.8,76.06,1006.12,21.25,2.34,152.7,0.0,normal
2025-10-20 04:50:00,25.21,75.61,1005.93,20.58,1.38,128.5,0.0,normal
2025-10-20 05:00:00,25.76,76.27,1005.86,21.26,2.43,159.2,0.0,normal
2025-10-20 05:10:00,26.19,74.66,1005.66,21.32,2.04,142.3,0.0,normal
2025-10-20 05:20:00,26.01,75.1,1005.51,21.25,0.77,185.1,0.0,normal
2025-10-20 05:30:00,26.15,73.15,1005.36,20.95,2.2,135.6,0.0,normal
2025-10-20 05:40:00,26.86,73.98,1005.22,21.82,1.95,122.8,0.0,normal
2025-10-20 05:50:00,27.03,71.3,1005.17,21.37,0.88,132.8,0.0,normal
2025-10-20 06:00:00,26.98,71.39,1004.71,21.35,2.14,146.7,30.7,normal
2025-10-20 06:10:00,27.47,70.98,1004.6,21.73,2.81,129.2,57.5,normal
2025-10-20 06:20:00,27.45,67.47,1004.65,20.88,2.08,146.2,95.6,normal
2025-10-20 06:30:00,27.78,68.17,1004.65,21.36,3.2,134.3,138.4,normal
2025-10-20 06:40:00,27.78,67.09,1004.66,21.1,3.69,137.1,146.8,normal
2025-10-20 06:50:00,28.21,69.28,1004.16,22.04,2.53,142.5,207.3,normal
2025-10-20 07:00:00,28.66,66.83,1004.14,21.87,2.6,132.2,201.9,normal
2025-10-20 07:10:00,29.02,66.37,1004.06,22.1,2.99,154.0,268.5,normal
2025-10-20 07:20:00,28.86,65.63,1004.09,21.76,2.46,166.1,276.1,normal
2025-10-20 07:30:00,29.28,64.76,1003.75,21.95,2.85,152.1,332.9,normal
2025-10-20 07:40:00,29.39,63.15,1003.42,21.64,3.17,163.2,377.8,normal
2025-10-20 07:50:00,29.78,64.5,1003.33,22.35,2.75,160.4,407.5,normal
2025-10-20 08:00:00,30.23,63.36,1003.54,22.48,2.67,114.4,422.4,normal
2025-10-20 08:10:00,29.7,59.48,1003.41,20.95,2.68,150.4,467.0,normal
2025-10-20 08:20:00,30.55,60.74,1003.17,22.08,3.62,128.3,475.0,normal
2025-10-20 08:30:00,30.14,60.22,1003.3,21.56,3.09,124.1,535.0,normal
2025-10-20 08:40:00,31.35,59.98,1002.97,22.63,2.84,144.4,563.0,normal
2025-10-20 08:50:00,30.92,59.68,1003.14,22.14,3.58,158.8,593.2,normal
2025-10-20 09:00:00,31.85,56.93,1003.01,22.23,3.55,154.7,591.5,normal
2025-10-20 09:10:00,31.61,57.96,1003.23,22.31,3.79,150.4,659.7,normal
2025-10-20 09:20:00,31.71,57.46,1003.18,22.26,3.36,139.6,659.1,normal
2025-10-20 09:30:00,32.6,55.88,1003.69,22.63,3.46,115.5,682.2,normal
2025-10-20 09:40:00,32.37,55.7,1003.12,22.36,4.38,143.2,679.7,normal
2025-10-20 09:50:00,32.61,53.9,1003.2,22.03,4.31,130.5,699.6,normal
2025-10-20 10:00:00,33.16,53.34,1003.33,22.37,4.03,149.8,720.3,normal
2025-10-20 10:10:00,33.28,53.93,1003.42,22.67,5.17,148.7,756.2,normal
2025-10-20 10:20:00,33.28,52.68,1003.99,22.28,4.16,115.8,797.7,normal
2025-10-20 10:30:00,33.59,52.17,1003.63,22.41,4.03,150.4,784.2,normal
2025-10-20 10:40:00,33.71,51.3,1003.7,22.24,4.58,146.8,821.8,normal
2025-10-20 10:50:00,34.32,50.13,1004.21,22.41,3.98,125.7,799.6,normal
2025-10-20 11:00:00,34.03,50.0,1004.2,22.11,4.22,151.6,826.1,normal
2025-10-20 11:10:00,33.77,48.77,1004.41,21.47,5.18,149.0,842.7,normal
2025-10-20 11:20:00,34.56,49.5,1004.42,22.43,4.69,153.1,877.3,normal
2025-10-20 11:30:00,34.57,49.06,1004.67,22.28,5.11,157.1,851.4,normal
2025-10-20 11:40:00,35.25,48.37,1004.65,22.67,4.15,153.6,844.2,normal
2025-10-20 11:50:00,34.36,47.59,1005.23,21.6,5.09,157.7,852.7,normal
2025-10-20 12:00:00,35.62,46.89,1004.69,22.5,4.9,179.5,843.8,normal
2025-10-20 12:10:00,35.5,46.49,1005.38,22.25,4.16,168.5,865.2,normal
2025-10-20 12:20:00,35.19,47.22,1005.18,22.22,4.92,152.5,864.1,normal
2025-10-20 12:30:00,35.85,45.66,1005.68,22.27,4.89,162.9,849.1,normal
2025-10-20 12:40:00,35.07,47.15,1005.45,22.09,5.38,178.7,858.6,normal
2025-10-20 12:50:00,35.72,47.42,1005.74,22.77,4.59,177.6,843.2,normal
2025-10-20 13:00:00,35.84,45.2,1005.91,22.09,5.35,174.0,818.3,normal
2025-10-20 13:10:00,35.71,45.21,1005.97,21.98,5.43,170.7,787.3,normal
2025-10-20 13:20:00,36.28,45.48,1006.21,22.59,5.28,162.8,779.9,normal
2025-10-20 13:30:00,35.98,45.45,1006.36,22.31,5.0,174.5,747.6,normal
2025-10-20 13:40:00,35.9,44.51,1006.22,21.89,5.64,187.4,770.5,normal
2025-10-20 13:50:00,36.27,44.12,1006.43,22.08,5.15,169.9,760.8,normal
2025-10-20 14:00:00,36.04,45.44,1006.81,22.36,4.84,159.5,746.1,normal
2025-10-20 14:10:00,36.19,45.32,1006.84,22.45,5.63,188.7,746.9,normal
2025-10-20 14:20:00,35.2,45.75,1006.66,21.72,4.11,173.5,708.8,normal
2025-10-20 14:30:00,35.76,44.62,1006.96,21.81,4.44,185.5,653.6,normal
2025-10-20 14:40:00,36.55,46.85,1006.56,23.33,5.19,181.2,676.6,normal
2025-10-20 14:50:00,36.07,44.89,1006.92,22.18,5.51,176.6,648.9,normal
2025-10-20 15:00:00,36.0,44.31,1006.79,21.92,4.89,189.4,585.2,normal
2025-10-20 15:10:00,35.99,45.75,1007.07,22.43,5.25,187.2,568.9,normal
2025-10-20 15:20:00,35.8,44.77,1006.62,21.9,4.81,203.1,554.7,normal
2025-10-20 15:30:00,35.26,47.32,1006.47,22.32,4.35,171.8,505.7,normal
2025-10-20 15:40:00,35.25,47.59,1006.61,22.41,5.11,217.8,478.2,normal
2025-10-20 15:50:00,35.19,45.43,1006.69,21.59,4.49,191.6,450.0,normal
2025-10-20 16:00:00,35.02,49.11,1006.52,22.72,5.44,197.3,413.0,normal
2025-10-20 16:10:00,34.87,47.45,1006.36,22.01,5.13,234.4,391.7,normal
2025-10-20 16:20:00,34.79,46.68,1006.69,21.67,4.6,192.3,359.2,normal
2025-10-20 16:30:00,34.38,47.78,1006.24,21.69,4.64,215.3,340.4,normal
2025-10-20 16:40:00,34.93,49.06,1006.16,22.62,4.76,233.6,290.9,normal
2025-10-20 16:50:00,34.59,48.71,1005.93,22.19,5.08,185.5,230.4,normal
2025-10-20 17:00:00,34.0,49.39,1005.66,21.88,4.0,218.9,258.4,normal
2025-10-20 17:10:00,33.62,50.56,1005.89,21.92,4.84,212.7,191.5,normal
2025-10-20 17:20:00,33.34,50.03,1005.4,21.49,4.27,211.9,130.6,normal
2025-10-20 17:30:00,33.29,51.96,1005.56,22.06,3.68,199.5,140.4,normal
2025-10-20 17:40:00,33.3,52.61,1005.33,22.28,3.86,203.2,23.3,normal
2025-10-20 17:50:00,33.36,53.03,1005.11,22.47,4.62,218.2,23.4,normal
2025-10-20 18:00:00,32.6,52.82,1005.02,21.7,4.36,195.0,41.4,normal
2025-10-20 18:10:00,32.64,54.09,1004.83,22.13,4.01,204.8,0.0,normal
2025-10-20 18:20:00,32.14,56.1,1004.65,22.26,3.26,213.0,0.0,normal
2025-10-20 18:30:00,32.04,55.39,1004.68,21.96,3.39,225.3,0.0,normal
2025-10-20 18:40:00,32.26,56.69,1004.21,22.54,4.19,225.4,0.0,normal
2025-10-20 18:50:00,31.82,57.73,1004.11,22.44,3.15,201.3,0.0,normal
2025-10-20 19:00:00,31.31,58.52,1004.22,22.18,3.13,235.2,0.0,normal
2025-10-20 19:10:00,31.64,58.76,1003.92,22.56,3.31,234.3,0.0,normal
2025-10-20 19:20:00,31.32,59.19,1003.79,22.39,3.29,250.3,0.0,normal
2025-10-20 19:30:00,30.62,60.07,1003.97,21.97,4.24,206.6,0.0,normal
2025-10-20 19:40:00,30.39,61.54,1003.5,22.16,3.12,254.3,0.0,normal
2025-10-20 19:50:00,30.15,60.62,1003.49,21.68,3.09,206.3,0.0,normal
2025-10-20 20:00:00,29.45,63.3,1003.15,21.73,2.85,201.2,0.0,normal
2025-10-20 20:10:00,29.54,63.22,1003.42,21.79,2.81,227.2,0.0,normal
2025-10-20 20:20:00,29.13,63.61,1003.48,21.5,2.97,218.2,0.0,normal
2025-10-20 20:30:00,28.85,66.2,1003.17,21.89,2.84,213.3,0.0,normal
2025-10-20 20:40:00,28.81,65.29,1003.27,21.63,2.55,222.0,0.0,normal
2025-10-20 20:50:00,29.36,65.43,1003.21,22.19,2.71,205.9,0.0,normal
2025-10-20 21:00:00,28.76,64.82,1003.34,21.46,2.27,221.6,0.0,normal
2025-10-20 21:10:00,28.51,66.93,1003.5,21.76,2.57,181.9,0.0,normal
2025-10-20 21:20:00,27.96,68.2,1003.2,21.54,2.21,220.9,0.0,normal
2025-10-20 21:30:00,27.93,69.12,1003.09,21.73,2.68,205.3,0.0,normal
2025-10-20 21:40:00,27.58,69.99,1003.26,21.6,3.14,220.9,0.0,normal
2025-10-20 21:50:00,27.78,71.15,1003.58,22.07,1.75,220.6,0.0,normal
2025-10-20 22:00:00,27.5,69.99,1003.21,21.52,2.69,235.5,0.0,normal
2025-10-20 22:10:00,27.18,73.41,1003.58,22.0,2.02,200.1,0.0,normal
2025-10-20 22:20:00,26.08,72.91,1003.78,20.83,1.84,223.7,0.0,normal
2025-10-20 22:30:00,26.28,72.29,1003.6,20.89,1.47,234.5,0.0,normal
2025-10-20 22:40:00,26.16,74.8,1003.91,21.33,2.44,223.0,0.0,normal
2025-10-20 22:50:00,25.8,75.24,1004.36,21.07,1.83,203.8,0.0,normal
2025-10-20 23:00:00,25.17,75.3,1004.0,20.48,1.09,209.5,0.0,normal
2025-10-20 23:10:00,24.96,75.69,1004.37,20.37,1.44,187.1,0.0,normal
2025-10-20 23:20:00,25.73,76.89,1004.41,21.36,1.88,201.3,0.0,normal
2025-10-20 23:30:00,25.67,76.66,1004.39,21.26,0.5,221.1,0.0,normal
2025-10-20 23:40:00,25.32,77.26,1004.56,21.04,1.46,197.0,0.0,normal
2025-10-20 23:50:00,24.86,76.68,1005.02,20.47,1.48,201.4,0.0,normal
2025-10-21 00:00:00,24.4,78.25,1004.99,20.36,0.9,215.7,0.0,normal
2025-10-21 00:10:00,24.37,77.65,1005.28,20.2,1.42,199.1,0.0,normal
2025-10-21 00:20:00,24.42,78.35,1005.22,20.4,0.83,208.4,0.0,normal
2025-10-21 00:30:00,24.69,79.33,1005.62,20.86,0.5,179.2,0.0,normal
2025-10-21 00:40:00,24.61,78.85,1005.67,20.69,1.11,196.6,0.0,normal
2025-10-21 00:50:00,24.09,78.92,1005.9,20.19,0.5,194.8,0.0,normal
2025-10-21 01:00:00,24.31,80.32,1005.77,20.7,0.5,185.3,0.0,normal
2025-10-21 01:10:00,24.76,78.41,1006.19,20.74,1.05,156.4,0.0,normal
2025-10-21 01:20:00,24.35,80.28,1006.31,20.73,1.35,179.0,0.0,normal
2025-10-21 01:30:00,24.23,80.49,1006.16,20.66,1.45,153.1,0.0,normal
2025-10-21 01:40:00,24.1,81.03,1006.49,20.64,1.8,169.8,0.0,normal
2025-10-21 01:50:00,24.18,79.91,1006.53,20.49,0.5,173.5,0.0,normal
2025-10-21 02:00:00,24.27,79.46,1006.28,20.48,0.5,188.9,0.0,normal
2025-10-21 02:10:00,24.21,80.9,1006.64,20.72,0.69,206.6,0.0,normal
2025-10-21 02:20:00,24.26,79.74,1006.55,20.53,1.23,184.4,0.0,normal
2025-10-21 02:30:00,24.04,80.25,1006.97,20.42,1.88,140.8,0.0,normal
2025-10-21 02:40:00,24.66,79.16,1007.04,20.8,0.74,162.4,0.0,normal
2025-10-21 02:50:00,24.08,79.95,1006.92,20.39,0.5,142.6,0.0,normal
2025-10-21 03:00:00,23.68,79.43,1006.64,19.9,0.5,150.9,0.0,normal
2025-10-21 03:10:00,24.26,78.5,1006.65,20.28,0.56,181.6,0.0,normal
2025-10-21 03:20:00,24.34,78.69,1006.69,20.4,2.19,170.4,0.0,normal
2025-10-21 03:30:00,24.7,78.36,1006.64,20.68,1.74,154.0,0.0,normal
2025-10-21 03:40:00,24.82,79.61,1006.71,21.05,1.19,173.7,0.0,normal
2025-10-21 03:50:00,25.03,77.68,1006.62,20.85,1.4,151.4,0.0,normal
2025-10-21 04:00:00,24.31,77.42,1006.3,20.1,0.91,167.5,0.0,normal
2025-10-21 04:10:00,24.59,76.24,1006.56,20.12,0.63,137.0,0.0,normal
2025-10-21 04:20:00,25.02,76.98,1006.25,20.7,1.98,170.6,0.0,normal
2025-10-21 04:30:00,25.23,76.61,1006.42,20.82,0.5,138.8,0.0,normal
2025-10-21 04:40:00,25.28,76.93,1006.04,20.93,0.8,159.3,0.0,normal
2025-10-21 04:50:00,25.51,76.06,1006.04,20.97,1.15,141.0,0.0,normal
2025-10-21 05:00:00,25.7,75.58,1005.89,21.05,1.44,169.7,0.0,normal
2025-10-21 05:10:00,26.31,73.62,1005.8,21.21,1.45,135.5,0.0,normal
2025-10-21 05:20:00,25.92,74.0,1005.67,20.92,2.02,147.1,0.0,normal
2025-10-21 05:30:00,26.55,72.36,1005.47,21.15,1.9,144.6,0.0,normal
2025-10-21 05:40:00,26.15,72.89,1005.46,20.9,2.19,140.4,0.0,normal
2025-10-21 05:50:00,26.88,70.26,1005.37,20.99,1.79,142.3,0.0,normal
2025-10-21 06:00:00,26.76,71.87,1004.86,21.25,1.58,93.8,22.0,normal
2025-10-21 06:10:00,27.27,72.09,1004.89,21.79,1.23,123.4,17.2,normal
2025-10-21 06:20:00,27.42,70.07,1004.62,21.47,2.42,126.9,82.1,normal
2025-10-21 06:30:00,27.3,68.63,1004.49,21.01,1.36,140.3,107.7,normal
2025-10-21 06:40:00,27.83,69.38,1004.37,21.7,1.98,155.4,153.2,normal
2025-10-21 06:50:00,28.31,66.66,1004.27,21.5,2.03,130.9,173.3,normal
2025-10-21 07:00:00,28.3,67.71,1004.14,21.75,1.94,143.3,226.9,normal
2025-10-21 07:10:00,29.03,65.98,1004.05,22.01,2.93,136.7,272.6,normal
2025-10-21 07:20:00,28.96,65.57,1003.96,21.85,2.62,150.2,307.4,normal
2025-10-21 07:30:00,29.0,65.71,1003.77,21.92,3.06,141.7,295.6,normal
2025-10-21 07:40:00,29.85,63.04,1003.49,22.04,3.23,119.7,303.6,normal
2025-10-21 07:50:00,29.41,63.57,1003.44,21.76,3.12,144.7,411.7,normal
2025-10-21 08:00:00,29.76,62.52,1003.31,21.82,2.34,141.7,422.2,normal
2025-10-21 08:10:00,30.21,63.46,1003.34,22.49,2.7,116.7,443.8,normal
2025-10-21 08:20:00,30.27,60.32,1003.38,21.71,2.46,148.8,498.5,normal
2025-10-21 08:30:00,30.94,60.25,1003.17,22.32,2.96,148.5,542.3,normal
2025-10-21 08:40:00,31.1,61.78,1003.23,22.88,3.88,130.4,536.1,normal
2025-10-21 08:50:00,31.17,58.83,1002.88,22.14,3.0,128.1,583.4,normal
2025-10-21 09:00:00,31.3,59.94,1003.1,22.57,3.86,139.3,611.6,normal
2025-10-21 09:10:00,31.84,56.74,1003.3,22.17,3.02,154.7,606.0,normal
2025-10-21 09:20:00,31.97,57.59,1003.22,22.54,3.64,179.6,662.3,normal
2025-10-21 09:30:00,32.15,55.89,1003.24,22.21,3.97,153.6,646.2,normal
2025-10-21 09:40:00,32.45,54.39,1003.13,22.04,4.23,141.6,744.7,normal
2025-10-21 09:50:00,33.2,54.18,1003.43,22.67,3.98,141.9,691.8,normal
2025-10-21 10:00:00,32.78,53.0,1003.53,21.92,4.21,140.7,742.8,normal
2025-10-21 10:10:00,33.43,52.33,1003.6,22.3,3.64,159.9,761.0,normal
2025-10-21 10:20:00,32.99,52.7,1003.58,22.02,4.13,126.9,746.7,normal
2025-10-21 10:30:00,33.85,51.45,1003.66,22.41,4.95,122.9,783.4,normal
2025-10-21 10:40:00,34.27,49.98,1003.85,22.32,4.17,129.6,808.9,normal
2025-10-21 10:50:00,33.83,51.35,1003.86,22.37,4.02,140.7,815.2,normal
2025-10-21 11:00:00,34.34,50.1,1004.05,22.42,4.86,130.6,789.5,normal
2025-10-21 11:10:00,34.95,49.44,1004.27,22.76,4.46,144.5,843.7,normal
2025-10-21 11:20:00,34.63,49.86,1004.31,22.61,3.52,149.5,823.6,normal
2025-10-21 11:30:00,35.04,48.66,1004.45,22.59,4.99,159.3,851.5,normal
2025-10-21 11:40:00,34.85,48.15,1004.67,22.24,4.44,198.5,834.2,normal
2025-10-21 11:50:00,35.07,47.98,1004.78,22.38,4.15,213.5,848.4,normal
2025-10-21 12:00:00,34.85,47.4,1005.26,21.98,4.92,169.7,855.1,normal
2025-10-21 12:10:00,35.47,47.63,1005.02,22.62,4.6,146.1,839.9,normal
2025-10-21 12:20:00,35.53,46.8,1005.31,22.39,4.73,156.8,846.2,normal
2025-10-21 12:30:00,34.79,44.93,1005.46,21.05,4.58,158.0,845.2,normal
2025-10-21 12:40:00,35.46,47.58,1005.65,22.59,5.33,197.4,835.5,normal
2025-10-21 12:50:00,35.42,45.56,1006.0,21.85,5.32,142.4,854.7,normal
2025-10-21 13:00:00,35.74,44.42,1005.87,21.72,4.85,208.1,789.0,normal
2025-10-21 13:10:00,36.22,45.93,1005.88,22.7,4.79,155.4,847.0,normal
2025-10-21 13:20:00,36.09,44.37,1006.11,22.02,4.77,201.2,787.6,normal
2025-10-21 13:30:00,35.58,43.62,1006.03,21.28,5.33,170.6,787.1,normal
2025-10-21 13:40:00,35.76,45.57,1006.34,22.15,5.4,188.8,797.7,normal
2025-10-21 13:50:00,36.49,45.81,1006.53,22.9,5.22,182.2,758.3,normal
2025-10-21 14:00:00,36.0,43.96,1006.68,21.78,5.07,166.8,727.2,normal
2025-10-21 14:10:00,36.08,44.9,1006.74,22.2,5.31,164.7,706.6,normal
2025-10-21 14:20:00,35.97,44.68,1006.58,22.02,5.01,136.5,666.4,normal
2025-10-21 14:30:00,35.83,45.93,1006.55,22.35,4.78,188.2,669.2,normal
2025-10-21 14:40:00,35.81,45.33,1006.56,22.11,4.11,176.9,627.2,normal
2025-10-21 14:50:00,36.15,46.15,1006.69,22.71,5.52,208.0,608.7,normal
2025-10-21 15:00:00,35.84,46.08,1006.54,22.41,4.88,185.8,582.9,normal
2025-10-21 15:10:00,35.64,46.32,1006.67,22.32,5.07,195.6,585.5,normal
2025-10-21 15:20:00,35.61,46.58,1006.79,22.38,5.4,221.0,527.0,normal
2025-10-21 15:30:00,35.64,46.06,1006.7,22.23,5.42,198.7,501.4,normal
2025-10-21 15:40:00,35.12,46.9,1006.72,22.05,4.36,208.7,492.9,normal
2025-10-21 15:50:00,34.95,46.28,1006.46,21.68,4.84,238.0,427.0,normal
2025-10-21 16:00:00,34.98,47.51,1006.46,22.14,4.11,208.1,405.3,normal
2025-10-21 16:10:00,35.02,46.75,1006.57,21.91,4.55,200.3,389.9,normal
2025-10-21 16:20:00,35.3,46.29,1006.37,21.99,4.66,207.5,370.4,normal
2025-10-21 16:30:00,34.71,48.88,1006.31,22.36,4.68,191.0,313.0,normal
2025-10-21 16:40:00,34.38,47.15,1006.02,21.47,4.88,225.9,279.4,normal
2025-10-21 16:50:00,34.08,49.99,1006.19,22.16,4.57,214.8,249.3,normal
2025-10-21 17:00:00,34.79,51.12,1005.84,23.17,4.47,201.2,214.8,normal
2025-10-21 17:10:00,34.25,51.26,1005.38,22.72,3.91,215.9,188.3,normal
2025-10-21 17:20:00,34.06,50.62,1005.58,22.34,4.35,228.6,145.8,normal
2025-10-21 17:30:00,33.99,51.71,1005.48,22.62,4.03,221.6,110.2,normal
2025-10-21 17:40:00,33.62,52.27,1005.15,22.47,3.88,210.4,63.5,normal
2025-10-21 17:50:00,33.76,52.94,1005.26,22.81,3.93,209.0,65.7,normal
2025-10-21 18:00:00,32.96,52.22,1005.0,21.84,3.96,190.1,0.3,normal
2025-10-21 18:10:00,32.72,54.7,1004.89,22.38,3.95,224.0,0.0,normal
2025-10-21 18:20:00,32.3,55.17,1005.05,22.13,3.02,214.6,0.0,normal
2025-10-21 18:30:00,32.42,54.9,1004.35,22.17,3.48,199.0,0.0,normal
2025-10-21 18:40:00,32.16,57.4,1004.39,22.66,4.37,197.6,0.0,normal
2025-10-21 18:50:00,31.43,56.77,1004.26,21.8,3.63,209.4,0.0,normal
2025-10-21 19:00:00,31.9,58.76,1004.07,22.8,4.31,212.1,0.0,normal
2025-10-21 19:10:00,31.45,58.81,1004.53,22.4,4.05,211.8,0.0,normal
2025-10-21 19:20:00,31.63,59.29,1003.68,22.7,3.42,221.5,0.0,normal
2025-10-21 19:30:00,30.37,60.4,1003.56,21.82,1.9,231.0,0.0,normal
2025-10-21 19:40:00,30.89,60.09,1003.78,22.23,3.6,235.4,0.0,normal
2025-10-21 19:50:00,30.49,61.4,1003.72,22.21,3.1,228.7,0.0,normal
2025-10-21 20:00:00,29.75,62.2,1003.3,21.73,2.67,213.3,0.0,normal
2025-10-21 20:10:00,29.8,63.38,1003.27,22.08,3.6,236.6,0.0,normal
2025-10-21 20:20:00,29.23,64.4,1003.34,21.8,2.56,209.1,0.0,normal
2025-10-21 20:30:00,28.83,64.64,1003.39,21.49,2.96,197.1,0.0,normal
2025-10-21 20:40:00,28.65,65.3,1003.18,21.48,2.28,207.6,0.0,normal
2025-10-21 20:50:00,29.29,65.67,1003.19,22.18,3.24,243.5,0.0,normal
2025-10-21 21:00:00,28.14,67.49,1003.25,21.54,2.41,220.6,0.0,normal
2025-10-21 21:10:00,28.14,66.23,1003.3,21.23,2.04,221.0,0.0,normal
2025-10-21 21:20:00,27.47,66.88,1003.24,20.75,2.22,226.7,0.0,normal
2025-10-21 21:30:00,28.26,69.01,1003.27,22.02,2.07,214.9,0.0,normal
2025-10-21 21:40:00,27.48,69.7,1003.44,21.44,1.24,221.9,0.0,normal
2025-10-21 21:50:00,26.73,70.18,1003.31,20.83,1.6,188.9,0.0,normal
2025-10-21 22:00:00,26.39,71.67,1003.14,20.85,2.17,228.4,0.0,normal
2025-10-21 22:10:00,26.66,72.87,1003.48,21.38,2.11,185.9,0.0,normal
2025-10-21 22:20:00,26.92,72.97,1003.77,21.66,1.55,231.4,0.0,normal
2025-10-21 22:30:00,26.69,73.13,1003.46,21.46,2.16,232.4,0.0,normal
2025-10-21 22:40:00,26.42,73.52,1003.86,21.29,2.02,222.4,0.0,normal
2025-10-21 22:50:00,26.08,73.92,1003.95,21.06,1.44,219.3,0.0,normal
2025-10-21 23:00:00,25.56,74.79,1004.07,20.74,1.42,216.3,0.0,normal
2025-10-21 23:10:00,25.63,75.1,1004.23,20.88,2.34,178.8,0.0,normal
2025-10-21 23:20:00,25.53,76.24,1004.16,21.03,0.7,214.0,0.0,normal
2025-10-21 23:30:00,24.89,77.57,1004.36,20.7,0.89,207.1,0.0,normal
2025-10-21 23:40:00,25.36,76.53,1004.44,20.93,2.02,215.4,0.0,normal
2025-10-21 23:50:00,24.31,76.09,1004.65,19.82,0.95,181.2,0.0,normal
2025-10-22 00:00:00,24.95,76.97,1005.0,20.63,1.82,205.4,0.0,normal
2025-10-22 00:10:00,24.98,79.0,1005.05,21.08,1.01,202.5,0.0,normal
2025-10-22 00:20:00,24.26,77.7,1005.21,20.11,1.12,227.3,0.0,normal
2025-10-22 00:30:00,24.68,78.55,1005.65,20.69,1.23,208.2,0.0,normal
2025-10-22 00:40:00,24.27,77.72,1005.72,20.12,0.5,229.5,0.0,normal
2025-10-22 00:50:00,24.4,79.53,1005.61,20.62,1.38,218.1,0.0,normal
2025-10-22 01:00:00,24.18,79.75,1005.72,20.46,2.18,185.8,0.0,normal
2025-10-22 01:10:00,24.51,78.92,1005.8,20.6,0.5,207.1,0.0,normal
2025-10-22 01:20:00,24.33,79.73,1006.44,20.6,1.29,201.3,0.0,normal
2025-10-22 01:30:00,24.14,80.15,1006.35,20.49,0.5,169.2,0.0,normal
2025-10-22 01:40:00,23.94,78.6,1006.52,19.98,0.93,185.3,0.0,normal
2025-10-22 01:50:00,23.87,79.24,1006.56,20.05,0.7,181.4,0.0,normal
2025-10-22 02:00:00,24.18,79.47,1006.64,20.39,0.99,188.0,0.0,normal
2025-10-22 02:10:00,23.79,79.63,1006.44,20.05,1.08,179.7,0.0,normal
2025-10-22 02:20:00,24.13,79.92,1006.53,20.44,1.03,213.9,0.0,normal
2025-10-22 02:30:00,23.93,79.08,1006.38,20.08,1.3,162.9,0.0,normal
2025-10-22 02:40:00,23.88,81.4,1006.87,20.5,1.62,161.3,0.0,normal
2025-10-22 02:50:00,24.59,78.36,1006.74,20.56,1.08,174.8,0.0,normal
2025-10-22 03:00:00,24.27,79.52,1006.81,20.49,1.16,159.9,0.0,normal
2025-10-22 03:10:00,23.78,79.19,1006.75,19.95,0.61,169.2,0.0,normal
2025-10-22 03:20:00,24.37,79.33,1006.69,20.56,0.5,157.2,0.0,normal
2025-10-22 03:30:00,24.55,79.09,1006.83,20.67,0.74,184.5,0.0,normal
2025-10-22 03:40:00,24.29,78.42,1006.64,20.29,1.42,168.5,0.0,normal
2025-10-22 03:50:00,24.19,78.6,1006.55,20.22,1.35,171.6,0.0,normal
2025-10-22 04:00:00,25.03,78.57,1006.41,21.03,1.53,151.9,0.0,normal
2025-10-22 04:10:00,25.15,77.88,1006.36,21.01,1.24,173.8,0.0,normal
2025-10-22 04:20:00,25.58,77.12,1006.44,21.27,0.97,156.0,0.0,normal
2025-10-22 04:30:00,25.54,75.35,1006.19,20.84,2.1,160.2,0.0,normal
2025-10-22 04:40:00,25.34,75.18,1005.94,20.61,0.88,126.7,0.0,normal
2025-10-22 04:50:00,25.11,75.77,1005.97,20.53,2.26,158.9,0.0,normal
2025-10-22 05:00:00,25.73,75.76,1005.81,21.12,0.5,155.1,0.0,normal
2025-10-22 05:10:00,26.16,74.74,1005.94,21.32,1.21,158.0,0.0,normal
2025-10-22 05:20:00,26.27,72.17,1005.6,20.85,1.04,174.2,0.0,normal
2025-10-22 05:30:00,26.78,73.25,1005.22,21.58,1.63,141.2,0.0,normal
2025-10-22 05:40:00,26.73,72.22,1005.16,21.3,2.81,166.2,0.0,normal
2025-10-22 05:50:00,26.71,71.57,1005.11,21.13,1.61,146.5,0.0,normal
2025-10-22 06:00:00,27.41,71.41,1005.03,21.77,1.07,166.7,0.0,normal
2025-10-22 06:10:00,27.83,71.31,1004.67,22.15,2.24,163.8,82.8,normal
2025-10-22 06:20:00,27.63,69.15,1004.93,21.45,2.35,145.8,82.6,normal
2025-10-22 06:30:00,27.37,71.17,1004.76,21.67,2.52,149.7,85.2,normal
2025-10-22 06:40:00,28.23,68.92,1004.48,21.97,2.16,146.4,154.2,normal
2025-10-22 06:50:00,27.73,67.74,1004.08,21.21,2.65,144.2,211.0,normal
2025-10-22 07:00:00,28.15,66.59,1003.96,21.33,2.2,186.7,228.3,normal
2025-10-22 07:10:00,28.92,65.33,1003.82,21.75,3.28,152.8,295.4,normal
2025-10-22 07:20:00,28.31,64.17,1003.85,20.87,3.14,149.2,287.1,normal
2025-10-22 07:30:00,29.1,63.77,1003.71,21.53,2.5,155.8,325.4,normal
2025-10-22 07:40:00,29.53,64.6,1003.7,22.14,2.95,156.9,359.6,normal
2025-10-22 07:50:00,30.1,64.73,1003.37,22.71,2.86,136.0,433.6,normal
2025-10-22 08:00:00,29.83,62.62,1003.48,21.91,2.24,127.9,453.1,normal
2025-10-22 08:10:00,30.05,62.11,1003.5,21.99,3.3,139.6,424.3,normal
2025-10-22 08:20:00,30.81,60.09,1003.38,22.15,2.49,134.9,459.0,normal
2025-10-22 08:30:00,30.37,59.3,1003.68,21.52,1.7,122.9,513.4,normal
2025-10-22 08:40:00,31.04,58.27,1003.2,21.86,3.9,143.8,543.0,normal
2025-10-22 08:50:00,30.75,59.47,1003.06,21.93,3.91,137.6,575.3,normal
2025-10-22 09:00:00,31.67,58.22,1003.13,22.43,3.3,149.0,622.6,normal
2025-10-22 09:10:00,31.41,57.49,1003.26,21.98,2.19,141.2,622.0,normal
2025-10-22 09:20:00,32.13,57.56,1003.36,22.68,2.75,139.4,647.4,normal
2025-10-22 09:30:00,32.56,55.33,1003.64,22.42,4.11,153.1,669.8,normal
2025-10-22 09:40:00,32.69,54.74,1003.33,22.37,2.34,131.2,678.9,normal
2025-10-22 09:50:00,32.53,55.45,1003.29,22.43,3.76,140.1,752.2,normal
2025-10-22 10:00:00,33.57,53.62,1003.45,22.84,4.88,142.2,741.5,normal
2025-10-22 10:10:00,33.63,53.4,1003.3,22.83,4.27,155.4,745.3,normal
2025-10-22 10:20:00,33.54,52.57,1003.6,22.48,4.53,177.4,770.2,normal
2025-10-22 10:30:00,32.74,51.8,1003.58,21.5,3.69,147.0,777.5,normal
2025-10-22 10:40:00,33.61,50.72,1003.86,21.96,4.74,156.1,818.7,normal
2025-10-22 10:50:00,34.72,51.62,1003.76,23.27,5.34,154.7,789.5,normal
2025-10-22 11:00:00,34.37,49.67,1004.4,22.31,4.58,165.3,829.1,normal
2025-10-22 11:10:00,34.69,51.05,1004.33,23.06,4.37,161.2,821.5,normal
2025-10-22 11:20:00,34.41,48.91,1004.45,22.09,4.81,148.0,834.1,normal
2025-10-22 11:30:00,34.82,48.6,1004.32,22.36,4.67,142.9,839.1,normal
2025-10-22 11:40:00,35.25,46.92,1004.78,22.18,3.78,131.7,841.9,normal
2025-10-22 11:50:00,35.21,46.63,1004.69,22.03,4.72,150.6,846.0,normal
2025-10-22 12:00:00,35.61,47.38,1005.04,22.66,4.47,146.5,867.0,normal
2025-10-22 12:10:00,35.34,47.39,1005.11,22.42,4.36,177.6,838.7,normal
2025-10-22 12:20:00,36.08,47.11,1005.24,23.0,4.63,166.9,840.7,normal
2025-10-22 12:30:00,35.75,46.42,1005.44,22.45,5.03,192.6,836.3,normal
2025-10-22 12:40:00,35.51,45.27,1005.51,21.82,5.35,146.8,848.0,normal
2025-10-22 12:50:00,35.75,46.22,1005.91,22.38,5.92,169.2,815.0,normal
2025-10-22 13:00:00,36.27,45.7,1006.28,22.66,4.12,143.7,812.0,normal
2025-10-22 13:10:00,35.82,44.42,1006.11,21.79,4.31,163.6,811.4,normal
2025-10-22 13:20:00,35.78,45.38,1006.31,22.1,5.35,162.1,778.2,normal
2025-10-22 13:30:00,36.12,43.81,1006.19,21.83,5.04,186.3,759.7,normal
2025-10-22 13:40:00,36.34,44.63,1006.48,22.33,4.97,173.1,765.0,normal
2025-10-22 13:50:00,36.01,44.99,1006.69,22.17,5.94,199.7,755.9,normal
2025-10-22 14:00:00,36.07,45.1,1006.78,22.27,4.67,184.2,742.6,normal
2025-10-22 14:10:00,35.14,45.69,1006.56,21.64,4.8,190.1,741.9,normal
2025-10-22 14:20:00,36.22,46.32,1006.46,22.84,5.27,166.0,735.7,normal
2025-10-22 14:30:00,35.81,44.93,1006.95,21.97,5.77,173.7,706.8,normal
2025-10-22 14:40:00,35.3,45.15,1006.79,21.59,5.49,188.8,658.2,normal
2025-10-22 14:50:00,36.28,45.84,1006.58,22.72,4.11,213.0,612.6,normal
2025-10-22 15:00:00,35.68,45.97,1007.02,22.23,4.26,184.1,566.7,normal
2025-10-22 15:10:00,36.34,45.1,1006.63,22.51,5.88,171.1,556.4,normal
2025-10-22 15:20:00,35.52,45.84,1006.74,22.04,4.55,201.5,532.9,normal
2025-10-22 15:30:00,35.99,46.18,1006.73,22.58,4.86,208.8,528.3,normal
2025-10-22 15:40:00,35.15,47.21,1006.45,22.18,4.36,214.6,477.0,normal
2025-10-22 15:50:00,35.69,46.65,1006.57,22.48,4.65,199.0,449.7,normal
2025-10-22 16:00:00,35.1,46.37,1006.65,21.84,6.17,203.4,411.6,normal
2025-10-22 16:10:00,35.42,48.01,1006.53,22.71,4.58,205.4,432.7,normal
2025-10-22 16:20:00,34.47,47.97,1006.35,21.83,5.17,183.1,384.8,normal
2025-10-22 16:30:00,34.87,48.56,1006.53,22.4,3.98,177.1,299.1,normal
2025-10-22 16:40:00,34.57,49.72,1006.13,22.51,4.65,217.8,307.4,normal
2025-10-22 16:50:00,34.35,48.9,1006.03,22.03,3.77,210.5,262.3,normal
2025-10-22 17:00:00,34.28,51.7,1005.85,22.89,4.87,195.1,226.7,normal
2025-10-22 17:10:00,34.15,50.26,1005.56,22.3,3.2,196.3,179.0,normal
2025-10-22 17:20:00,33.91,51.84,1005.8,22.59,4.24,242.0,145.3,normal
2025-10-22 17:30:00,34.3,51.81,1005.45,22.94,3.81,223.8,94.9,normal
2025-10-22 17:40:00,33.66,52.06,1005.5,22.44,3.66,234.8,88.7,normal
2025-10-22 17:50:00,33.3,53.74,1005.01,22.62,4.05,230.9,18.7,normal
2025-10-22 18:00:00,33.05,53.68,1004.82,22.38,4.03,203.3,3.1,normal
2025-10-22 18:10:00,32.83,53.44,1004.53,22.11,4.0,219.4,0.0,normal
2025-10-22 18:20:00,32.36,53.7,1004.61,21.74,2.92,208.4,0.0,normal
2025-10-22 18:30:00,32.75,54.64,1004.41,22.39,4.1,236.8,0.0,normal
2025-10-22 18:40:00,31.99,57.49,1004.25,22.53,3.45,213.5,0.0,normal
2025-10-22 18:50:00,31.41,57.17,1004.35,21.9,3.33,221.7,0.0,normal
2025-10-22 19:00:00,31.55,58.92,1004.19,22.52,2.68,234.5,0.0,normal
2025-10-22 19:10:00,31.26,60.24,1003.9,22.62,3.41,233.3,0.0,normal
2025-10-22 19:20:00,30.48,59.54,1003.68,21.7,3.25,214.0,0.0,normal
2025-10-22 19:30:00,30.93,59.99,1003.8,22.23,2.67,246.0,0.0,normal
2025-10-22 19:40:00,30.62,61.95,1003.63,22.48,3.22,212.0,0.0,normal
2025-10-22 19:50:00,30.32,60.66,1003.46,21.85,3.79,224.9,0.0,normal
2025-10-22 20:00:00,29.99,62.88,1003.35,22.13,3.69,222.7,0.0,normal
2025-10-22 20:10:00,29.73,62.22,1003.56,21.71,3.43,208.4,0.0,normal
2025-10-22 20:20:00,29.05,64.61,1003.4,21.69,3.3,237.8,0.0,normal
2025-10-22 20:30:00,29.19,65.41,1003.0,22.03,2.24,227.1,0.0,normal
2025-10-22 20:40:00,28.03,65.65,1003.12,20.99,3.17,194.6,0.0,normal
2025-10-22 20:50:00,28.47,66.17,1003.1,21.53,2.56,231.7,0.0,normal
2025-10-22 21:00:00,28.87,68.25,1003.26,22.42,2.67,212.8,0.0,normal
2025-10-22 21:10:00,28.03,68.12,1003.07,21.59,2.35,255.1,0.0,normal
2025-10-22 21:20:00,28.25,68.68,1003.11,21.93,2.34,226.7,0.0,normal
2025-10-22 21:30:00,27.64,69.5,1003.35,21.54,2.18,203.6,0.0,normal
2025-10-22 21:40:00,27.55,69.24,1003.54,21.4,2.36,234.6,0.0,normal
2025-10-22 21:50:00,27.61,69.72,1003.54,21.57,2.21,189.4,0.0,normal
2025-10-22 22:00:00,26.74,70.81,1003.46,20.99,2.8,203.1,0.0,normal
2025-10-22 22:10:00,26.99,72.98,1003.28,21.72,2.9,225.6,0.0,normal
2025-10-22 22:20:00,27.27,73.72,1003.57,22.16,2.56,211.0,0.0,normal
2025-10-22 22:30:00,26.51,72.92,1003.67,21.24,1.59,207.7,0.0,normal
2025-10-22 22:40:00,25.89,74.4,1003.75,20.97,2.0,186.5,0.0,normal
2025-10-22 22:50:00,26.04,74.17,1003.91,21.07,2.41,193.0,0.0,normal
2025-10-22 23:00:00,25.38,75.85,1004.16,20.8,0.91,217.6,0.0,normal
2025-10-22 23:10:00,25.63,74.87,1004.09,20.83,1.12,220.7,0.0,normal
2025-10-22 23:20:00,25.58,73.67,1004.59,20.52,0.64,181.0,0.0,normal
2025-10-22 23:30:00,25.22,75.5,1004.5,20.57,1.76,222.9,0.0,normal
2025-10-22 23:40:00,24.49,77.86,1004.63,20.36,1.96,206.7,0.0,normal
2025-10-22 23:50:00,25.33,78.32,1004.81,21.28,1.67,208.8,0.0,normal
2025-10-23 00:00:00,24.66,77.29,1004.86,20.41,1.59,181.8,0.0,normal
2025-10-23 00:10:00,24.68,78.7,1005.41,20.72,1.8,195.4,0.0,normal
2025-10-23 00:20:00,24.11,77.57,1005.23,19.94,0.75,214.5,0.0,normal
2025-10-23 00:30:00,24.36,78.34,1005.47,20.34,1.08,213.9,0.0,normal
2025-10-23 00:40:00,24.52,78.87,1005.63,20.6,1.96,220.2,0.0,normal
2025-10-23 00:50:00,24.3,78.83,1005.79,20.38,1.59,177.7,0.0,normal
2025-10-23 01:00:00,24.08,79.51,1005.74,20.31,1.07,184.6,0.0,normal
2025-10-23 01:10:00,24.26,78.55,1005.92,20.29,1.54,196.2,0.0,normal
2025-10-23 01:20:00,23.51,79.69,1006.0,19.79,1.07,171.2,0.0,normal
2025-10-23 01:30:00,23.25,80.65,1006.35,19.73,1.38,199.0,0.0,normal
2025-10-23 01:40:00,24.35,79.56,1006.55,20.58,0.5,186.6,0.0,normal
2025-10-23 01:50:00,24.03,80.61,1006.54,20.49,1.39,197.2,0.0,normal
2025-10-23 02:00:00,24.19,79.79,1006.41,20.47,1.52,207.1,0.0,normal
2025-10-23 02:10:00,23.85,80.4,1006.4,20.26,0.63,186.4,0.0,normal
2025-10-23 02:20:00,23.91,81.38,1006.78,20.52,1.43,161.5,0.0,normal
2025-10-23 02:30:00,23.84,79.62,1006.65,20.1,1.23,174.2,0.0,normal
2025-10-23 02:40:00,24.51,78.96,1006.88,20.61,0.54,164.6,0.0,normal
2025-10-23 02:50:00,24.38,79.1,1006.77,20.52,1.39,170.6,0.0,normal
2025-10-23 03:00:00,24.16,79.34,1006.92,20.35,0.83,163.8,0.0,normal
2025-10-23 03:10:00,24.45,79.38,1006.95,20.64,0.91,139.2,0.0,normal
2025-10-23 03:20:00,24.66,78.83,1006.77,20.73,1.42,140.1,0.0,normal
2025-10-23 03:30:00,24.34,78.0,1006.56,20.25,0.92,149.0,0.0,normal
2025-10-23 03:40:00,24.52,78.12,1006.56,20.45,1.71,176.8,0.0,normal
2025-10-23 03:50:00,24.28,76.67,1006.48,19.91,1.15,155.4,0.0,normal
2025-10-23 04:00:00,24.63,78.49,1006.82,20.63,1.62,143.4,0.0,normal
2025-10-23 04:10:00,26.0,77.12,1006.55,21.68,1.79,146.9,0.0,normal
2025-10-23 04:20:00,25.26,78.46,1006.04,21.24,2.64,145.7,0.0,normal
2025-10-23 04:30:00,25.41,77.59,1006.42,21.2,1.13,149.7,0.0,normal
2025-10-23 04:40:00,25.02,74.86,1005.86,20.24,1.59,135.7,0.0,normal
2025-10-23 04:50:00,25.57,76.35,1006.21,21.09,1.6,149.2,0.0,normal
2025-10-23 05:00:00,26.32,74.78,1005.61,21.48,0.85,137.3,0.0,normal
2025-10-23 05:10:00,25.4,73.43,1005.76,20.29,2.3,155.6,0.0,normal
2025-10-23 05:20:00,25.79,74.51,1005.2,20.91,1.39,161.1,0.0,normal
2025-10-23 05:30:00,26.18,72.51,1005.67,20.84,2.25,151.7,0.0,normal
2025-10-23 05:40:00,26.58,73.44,1005.23,21.43,1.11,158.2,0.0,normal
2025-10-23 05:50:00,27.42,73.57,1004.94,22.26,1.73,156.0,0.0,normal
2025-10-23 06:00:00,27.31,71.75,1005.1,21.75,1.7,141.3,11.2,normal
2025-10-23 06:10:00,27.06,70.2,1004.66,21.15,2.11,126.0,62.8,normal
2025-10-23 06:20:00,27.29,69.88,1004.66,21.3,1.79,147.3,69.3,normal
2025-10-23 06:30:00,27.56,69.52,1004.42,21.47,1.83,156.4,67.0,normal
2025-10-23 06:40:00,28.28,67.76,1004.34,21.74,2.69,122.1,169.5,normal
2025-10-23 06:50:00,27.96,68.83,1004.08,21.69,2.5,144.3,167.2,normal
2025-10-23 07:00:00,28.73,68.42,1004.27,22.32,2.75,129.9,198.8,normal
2025-10-23 07:10:00,28.32,66.13,1003.98,21.38,3.43,118.7,208.3,normal
2025-10-23 07:20:00,28.64,65.92,1003.39,21.63,2.85,131.9,326.5,normal
2025-10-23 07:30:00,29.58,64.3,1003.63,22.11,2.03,134.5,319.5,normal
2025-10-23 07:40:00,29.91,64.98,1003.73,22.6,3.84,126.3,384.5,normal
2025-10-23 07:50:00,30.06,64.32,1003.41,22.57,2.03,147.2,381.0,normal
2025-10-23 08:00:00,29.65,62.21,1003.28,21.63,1.87,153.2,435.3,normal
2025-10-23 08:10:00,30.06,63.07,1003.14,22.25,3.46,174.4,437.7,normal
2025-10-23 08:20:00,30.01,61.33,1003.22,21.74,3.12,129.7,457.1,normal
2025-10-23 08:30:00,31.17,60.94,1003.03,22.72,3.54,125.3,522.6,normal
2025-10-23 08:40:00,31.4,59.62,1003.16,22.58,3.95,135.3,512.9,normal
2025-10-23 08:50:00,31.21,59.19,1003.03,22.28,3.74,148.4,580.9,normal
2025-10-23 09:00:00,32.21,57.39,1003.33,22.7,4.18,120.4,589.5,normal
2025-10-23 09:10:00,31.83,56.36,1003.18,22.05,4.19,128.2,641.7,normal
2025-10-23 09:20:00,31.83,57.09,1003.1,22.26,3.45,135.2,629.1,normal
2025-10-23 09:30:00,31.92,57.62,1003.25,22.5,3.06,159.6,700.9,normal
2025-10-23 09:40:00,32.61,55.79,1003.47,22.61,4.45,129.4,708.2,normal
2025-10-23 09:50:00,32.17,54.37,1003.41,21.78,3.45,164.7,718.4,normal
2025-10-23 10:00:00,32.56,52.98,1003.37,21.71,3.95,137.5,705.2,normal
2025-10-23 10:10:00,33.57,53.71,1003.49,22.86,4.5,144.2,738.9,normal
2025-10-23 10:20:00,33.18,52.19,1003.88,22.03,4.53,135.9,777.0,normal
2025-10-23 10:30:00,33.23,51.67,1003.45,21.91,4.15,133.1,772.0,normal
2025-10-23 10:40:00,33.18,51.51,1004.0,21.82,3.52,140.9,809.1,normal
2025-10-23 10:50:00,34.11,52.18,1003.98,22.88,5.03,136.8,798.2,normal
2025-10-23 11:00:00,34.68,49.61,1004.07,22.58,4.25,151.9,814.3,normal
2025-10-23 11:10:00,34.29,51.36,1004.26,22.79,4.39,166.4,800.9,normal
2025-10-23 11:20:00,34.71,49.5,1004.45,22.57,5.38,130.6,822.5,normal
2025-10-23 11:30:00,34.62,50.15,1004.72,22.7,4.13,133.7,858.4,normal
2025-10-23 11:40:00,34.86,48.39,1004.67,22.33,4.7,160.9,825.1,normal
2025-10-23 11:50:00,35.21,46.19,1004.83,21.89,4.37,169.2,858.8,normal
2025-10-23 12:00:00,35.17,46.99,1005.08,22.13,5.53,155.7,834.7,normal
2025-10-23 12:10:00,35.36,47.42,1005.07,22.45,4.68,164.2,859.5,normal
2025-10-23 12:20:00,35.69,47.17,1005.46,22.67,4.25,145.3,842.9,normal
2025-10-23 12:30:00,35.9,47.34,1005.51,22.91,5.25,158.3,853.1,normal
2025-10-23 12:40:00,35.59,46.08,1005.49,22.19,4.27,165.4,817.6,normal
2025-10-23 12:50:00,35.88,45.99,1005.55,22.41,4.82,168.1,853.0,normal
2025-10-23 13:00:00,36.09,44.94,1005.69,22.23,4.9,160.0,827.4,normal
2025-10-23 13:10:00,35.72,45.41,1006.11,22.06,6.04,198.7,804.6,normal
2025-10-23 13:20:00,35.94,44.67,1006.39,21.99,5.28,186.9,784.0,normal
2025-10-23 13:30:00,35.89,45.55,1006.27,22.27,4.9,157.4,792.4,normal
2025-10-23 13:40:00,36.57,46.38,1006.64,23.18,5.08,196.4,782.1,normal
2025-10-23 13:50:00,35.67,44.62,1006.5,21.73,4.67,194.0,750.2,normal
2025-10-23 14:00:00,35.61,45.4,1006.55,21.96,5.56,167.3,749.7,normal
2025-10-23 14:10:00,35.96,42.14,1006.75,21.05,4.37,173.2,730.3,normal
2025-10-23 14:20:00,35.45,44.97,1006.78,21.66,4.93,179.4,662.9,normal
2025-10-23 14:30:00,35.77,43.73,1006.81,21.49,5.07,195.7,700.1,normal
2025-10-23 14:40:00,35.88,45.55,1006.53,22.26,4.69,179.2,633.1,normal
2025-10-23 14:50:00,35.83,45.14,1006.52,22.06,4.44,192.1,639.1,normal
2025-10-23 15:00:00,36.13,44.87,1006.74,22.23,5.14,219.8,592.4,normal
2025-10-23 15:10:00,35.58,46.05,1006.93,22.17,4.89,209.8,568.3,normal
2025-10-23 15:20:00,35.62,46.57,1006.71,22.38,5.77,194.9,571.5,normal
2025-10-23 15:30:00,35.83,46.04,1006.76,22.38,4.32,199.6,536.5,normal
2025-10-23 15:40:00,35.49,46.1,1006.61,22.1,5.18,188.3,513.6,normal
2025-10-23 15:50:00,35.44,47.42,1006.35,22.52,4.62,212.0,454.4,normal
2025-10-23 16:00:00,35.08,46.78,1006.65,21.98,4.21,208.6,406.1,normal
2025-10-23 16:10:00,35.15,46.88,1006.29,22.07,4.32,192.5,395.9,normal
2025-10-23 16:20:00,34.7,48.34,1006.31,22.16,4.84,180.9,344.2,normal
2025-10-23 16:30:00,35.11,48.15,1006.36,22.47,4.84,208.0,344.3,normal
2025-10-23 16:40:00,34.72,47.97,1006.23,22.06,5.65,196.7,325.2,normal
2025-10-23 16:50:00,34.15,47.76,1005.86,21.46,3.66,228.0,278.4,normal
2025-10-23 17:00:00,34.1,49.07,1005.78,21.86,5.1,194.1,256.8,normal
2025-10-23 17:10:00,34.29,49.38,1005.63,22.14,4.53,211.4,146.3,normal
2025-10-23 17:20:00,33.88,52.02,1005.75,22.62,3.86,211.5,128.6,normal
2025-10-23 17:30:00,33.83,49.63,1005.37,21.81,4.38,226.1,143.6,normal
2025-10-23 17:40:00,33.77,52.79,1005.47,22.77,3.47,218.6,72.2,normal
2025-10-23 17:50:00,33.24,54.28,1005.42,22.74,4.25,207.1,71.5,normal
2025-10-23 18:00:00,33.45,53.39,1005.13,22.66,4.79,210.7,0.0,normal
2025-10-23 18:10:00,32.46,54.19,1004.77,21.99,3.84,216.5,0.0,normal
2025-10-23 18:20:00,32.39,54.33,1004.47,21.97,3.4,206.9,0.0,normal
2025-10-23 18:30:00,32.74,55.25,1004.5,22.57,3.52,188.2,0.0,normal
2025-10-23 18:40:00,31.97,56.95,1004.39,22.35,4.26,224.2,0.0,normal
2025-10-23 18:50:00,31.92,56.82,1004.32,22.27,3.58,226.7,0.0,normal
2025-10-23 19:00:00,31.69,57.52,1004.1,22.25,3.23,216.2,0.0,normal
2025-10-23 19:10:00,31.57,58.86,1004.22,22.53,5.04,254.5,0.0,normal
2025-10-23 19:20:00,31.33,59.34,1003.87,22.43,2.78,223.7,0.0,normal
2025-10-23 19:30:00,31.23,59.81,1003.68,22.47,3.17,247.6,0.0,normal
2025-10-23 19:40:00,30.76,61.16,1003.65,22.4,3.25,215.0,0.0,normal
2025-10-23 19:50:00,30.66,60.82,1003.42,22.21,3.26,222.7,0.0,normal
2025-10-23 20:00:00,29.89,61.79,1003.6,21.75,3.42,220.2,0.0,normal
2025-10-23 20:10:00,30.01,64.56,1003.22,22.58,1.49,221.3,0.0,normal
2025-10-23 20:20:00,28.9,63.38,1003.4,21.23,3.07,211.2,0.0,normal
2025-10-23 20:30:00,29.27,64.16,1003.12,21.78,1.77,222.5,0.0,normal
2025-10-23 20:40:00,29.19,66.32,1002.96,22.25,2.41,225.9,0.0,normal
2025-10-23 20:50:00,28.66,66.18,1003.08,21.71,2.38,230.2,0.0,normal
2025-10-23 21:00:00,28.7,66.13,1003.46,21.74,2.16,221.8,0.0,normal
2025-10-23 21:10:00,27.77,68.59,1003.29,21.46,3.25,217.5,0.0,normal
2025-10-23 21:20:00,27.73,68.37,1003.37,21.36,1.79,192.7,0.0,normal
2025-10-23 21:30:00,28.03,67.69,1003.23,21.48,1.87,183.4,0.0,normal
2025-10-23 21:40:00,28.03,69.48,1003.21,21.91,2.77,212.4,0.0,normal
2025-10-23 21:50:00,27.31,71.23,1003.38,21.63,2.86,235.6,0.0,normal
2025-10-23 22:00:00,26.76,71.83,1003.35,21.24,1.3,211.0,0.0,normal
2025-10-23 22:10:00,27.04,71.42,1003.56,21.42,2.3,235.0,0.0,normal
2025-10-23 22:20:00,26.51,73.15,1003.57,21.3,2.11,193.7,0.0,normal
2025-10-23 22:30:00,25.85,72.18,1003.54,20.45,1.44,228.0,0.0,normal
2025-10-23 22:40:00,25.73,74.71,1003.85,20.89,1.71,238.9,0.0,normal
2025-10-23 22:50:00,26.02,74.31,1004.14,21.08,1.36,223.0,0.0,normal
2025-10-23 23:00:00,26.13,74.88,1003.85,21.32,1.95,237.4,0.0,normal
2025-10-23 23:10:00,25.41,75.98,1004.18,20.86,0.5,222.8,0.0,normal
2025-10-23 23:20:00,25.84,75.09,1004.31,21.08,1.24,194.0,0.0,normal
2025-10-23 23:30:00,25.04,75.82,1004.34,20.46,1.17,209.5,0.0,normal
2025-10-23 23:40:00,25.06,75.11,1004.61,20.33,1.17,202.9,0.0,normal
2025-10-23 23:50:00,24.8,76.89,1004.69,20.46,1.03,199.9,0.0,normal
2025-10-24 00:00:00,24.74,77.04,1005.09,20.43,0.51,210.4,0.0,normal
2025-10-24 00:10:00,24.28,78.82,1005.28,20.36,1.27,213.4,0.0,normal
2025-10-24 00:20:00,23.9,79.33,1005.25,20.1,1.66,210.7,0.0,normal
2025-10-24 00:30:00,24.3,80.39,1005.53,20.7,0.67,212.5,0.0,normal
2025-10-24 00:40:00,24.59,79.37,1005.58,20.78,1.25,216.1,0.0,normal
2025-10-24 00:50:00,24.51,79.68,1005.9,20.76,0.5,189.7,0.0,normal
2025-10-24 01:00:00,23.74,78.61,1005.49,19.79,1.49,202.9,0.0,normal
2025-10-24 01:10:00,24.61,80.03,1006.22,20.93,0.5,178.0,0.0,normal
2025-10-24 01:20:00,24.22,79.47,1006.18,20.44,1.01,183.2,0.0,normal
2025-10-24 01:30:00,23.76,80.2,1006.26,20.13,1.17,170.8,0.0,normal
2025-10-24 01:40:00,24.78,80.02,1006.23,21.09,1.39,212.5,0.0,normal
2025-10-24 01:50:00,23.95,79.26,1006.53,20.13,0.5,187.1,0.0,normal
2025-10-24 02:00:00,23.91,78.5,1006.39,19.93,0.75,202.9,0.0,normal
2025-10-24 02:10:00,24.22,81.26,1006.76,20.79,0.78,179.1,0.0,normal
2025-10-24 02:20:00,23.97,78.22,1006.61,19.93,0.75,162.4,0.0,normal
2025-10-24 02:30:00,23.96,79.39,1006.61,20.17,0.5,180.1,0.0,normal
2025-10-24 02:40:00,24.84,79.35,1007.04,21.01,1.67,195.6,0.0,normal
2025-10-24 02:50:00,23.74,79.01,1007.08,19.88,1.62,173.6,0.0,normal
2025-10-24 03:00:00,24.57,78.33,1006.74,20.54,1.24,197.0,0.0,normal
2025-10-24 03:10:00,23.96,78.37,1006.87,19.96,1.77,167.4,0.0,normal
2025-10-24 03:20:00,24.22,78.87,1006.79,20.31,0.64,178.5,0.0,normal
2025-10-24 03:30:00,23.34,78.33,1006.82,19.35,0.8,179.3,0.0,normal
2025-10-24 03:40:00,24.71,78.24,1007.05,20.66,1.77,169.5,0.0,normal
2025-10-24 03:50:00,25.04,78.87,1006.68,21.11,1.21,142.1,0.0,normal
2025-10-24 04:00:00,24.57,78.34,1006.52,20.54,1.05,140.6,0.0,normal
2025-10-24 04:10:00,24.56,76.49,1006.31,20.15,1.46,155.7,0.0,normal
2025-10-24 04:20:00,25.0,77.28,1006.58,20.74,1.96,181.5,0.0,normal
2025-10-24 04:30:00,24.87,74.5,1006.42,20.02,0.64,145.6,0.0,normal
2025-10-24 04:40:00,25.17,76.25,1006.4,20.68,2.55,186.5,0.0,normal
2025-10-24 04:50:00,25.54,74.38,1006.11,20.64,1.43,153.6,0.0,normal
2025-10-24 05:00:00,25.35,75.14,1005.86,20.62,1.49,157.2,0.0,normal
2025-10-24 05:10:00,25.69,73.58,1005.66,20.6,2.47,175.3,0.0,normal
2025-10-24 05:20:00,25.67,72.86,1005.43,20.42,1.65,141.5,0.0,normal
2025-10-24 05:30:00,26.61,73.14,1005.48,21.39,1.3,135.4,0.0,normal
2025-10-24 05:40:00,26.48,73.77,1005.57,21.41,1.86,157.2,0.0,normal
2025-10-24 05:50:00,27.08,70.89,1005.21,21.34,2.66,161.6,0.0,normal
2025-10-24 06:00:00,26.97,70.45,1005.28,21.12,2.23,180.1,0.0,normal
2025-10-24 06:10:00,27.13,71.34,1005.04,21.48,2.01,139.9,31.6,normal
2025-10-24 06:20:00,27.35,69.87,1004.73,21.35,2.76,163.1,80.5,normal
2025-10-24 06:30:00,27.86,69.23,1004.69,21.69,2.28,152.7,108.6,normal
2025-10-24 06:40:00,28.09,68.1,1004.38,21.63,2.38,170.8,156.5,normal
2025-10-24 06:50:00,28.13,68.11,1004.23,21.68,2.33,127.3,148.8,normal
2025-10-24 07:00:00,28.85,67.7,1004.07,22.27,1.92,118.6,220.2,normal
2025-10-24 07:10:00,29.06,66.33,1004.11,22.13,2.23,133.6,271.7,normal
2025-10-24 07:20:00,29.4,65.19,1004.07,22.16,2.42,126.9,269.1,normal
2025-10-24 07:30:00,28.92,66.34,1003.9,22.0,1.96,143.0,298.9,normal
2025-10-24 07:40:00,30.14,65.22,1003.53,22.87,3.01,160.3,359.5,normal
2025-10-24 07:50:00,29.85,62.91,1003.24,22.01,3.98,133.6,404.3,normal
2025-10-24 08:00:00,30.07,62.44,1003.46,22.08,3.76,156.7,435.0,normal
2025-10-24 08:10:00,29.94,62.83,1003.06,22.07,3.09,167.5,491.6,normal
2025-10-24 08:20:00,30.39,60.85,1003.31,21.96,3.52,130.1,484.0,normal
2025-10-24 08:30:00,31.04,60.06,1003.43,22.36,3.13,146.7,493.4,normal
2025-10-24 08:40:00,30.66,59.35,1002.98,21.81,3.19,162.5,551.1,normal
2025-10-24 08:50:00,31.38,60.26,1002.97,22.74,3.27,156.2,579.9,normal
2025-10-24 09:00:00,31.71,56.99,1003.25,22.13,3.36,162.3,618.9,normal
2025-10-24 09:10:00,31.84,57.59,1003.15,22.41,3.15,146.7,629.8,normal
2025-10-24 09:20:00,32.37,56.09,1003.14,22.48,3.24,130.8,663.0,normal
2025-10-24 09:30:00,32.52,55.51,1003.46,22.44,3.91,127.6,675.5,normal
2025-10-24 09:40:00,32.54,55.8,1003.3,22.54,4.05,120.5,698.3,normal
2025-10-24 09:50:00,33.2,53.88,1003.11,22.58,4.56,141.7,736.2,normal
2025-10-24 10:00:00,33.07,52.17,1003.53,21.93,3.94,135.2,709.3,normal
2025-10-24 10:10:00,33.43,52.31,1003.72,22.3,4.42,144.3,752.9,normal
2025-10-24 10:20:00,33.24,51.29,1003.56,21.8,4.22,147.5,751.5,normal
2025-10-24 10:30:00,33.47,51.87,1003.68,22.2,4.48,160.0,791.6,normal
2025-10-24 10:40:00,33.83,52.41,1004.07,22.71,4.03,158.7,800.3,normal
2025-10-24 10:50:00,34.19,51.64,1004.05,22.79,3.93,136.0,819.1,normal
2025-10-24 11:00:00,34.13,49.33,1004.38,21.98,4.3,144.6,831.0,normal
2025-10-24 11:10:00,34.12,51.48,1004.4,22.68,4.69,170.5,860.7,normal
2025-10-24 11:20:00,34.62,49.26,1004.36,22.4,4.26,139.7,858.9,normal
2025-10-24 11:30:00,35.09,48.75,1004.44,22.66,3.98,153.3,838.6,normal
2025-10-24 11:40:00,34.87,46.64,1004.85,21.73,5.36,144.7,839.6,normal
2025-10-24 11:50:00,35.25,49.57,1004.74,23.08,4.08,172.5,840.5,normal
2025-10-24 12:00:00,35.01,46.88,1005.15,21.95,5.25,162.2,837.1,normal
2025-10-24 12:10:00,35.5,46.04,1005.19,22.09,3.91,150.9,883.1,normal
2025-10-24 12:20:00,35.34,46.95,1005.16,22.26,4.78,175.1,829.2,normal
2025-10-24 12:30:00,35.42,47.56,1005.66,22.55,4.05,156.3,868.3,normal
2025-10-24 12:40:00,35.56,46.71,1005.63,22.39,5.04,168.6,843.2,normal
2025-10-24 12:50:00,36.01,46.08,1005.77,22.57,4.41,172.9,826.1,normal
2025-10-24 13:00:00,36.06,44.71,1005.83,22.11,4.66,156.8,797.5,normal
2025-10-24 13:10:00,35.64,45.47,1006.21,22.01,4.37,203.7,812.3,normal
2025-10-24 13:20:00,35.94,45.29,1006.32,22.21,5.85,176.5,792.3,normal
2025-10-24 13:30:00,35.65,45.12,1006.36,21.89,4.45,176.9,806.7,normal
2025-10-24 13:40:00,36.16,45.54,1006.39,22.5,4.94,187.5,766.4,normal
2025-10-24 13:50:00,36.12,45.07,1006.59,22.3,4.94,187.2,748.5,normal
2025-10-24 14:00:00,35.74,45.71,1006.61,22.19,5.45,162.4,713.4,normal
2025-10-24 14:10:00,35.83,43.89,1006.75,21.61,4.99,184.4,731.2,normal
2025-10-24 14:20:00,35.8,44.41,1006.82,21.77,5.45,194.3,642.8,normal
2025-10-24 14:30:00,35.51,45.53,1006.76,21.92,3.78,177.0,676.8,normal
2025-10-24 14:40:00,35.77,44.74,1006.3,21.86,4.67,198.5,637.3,normal
2025-10-24 14:50:00,35.95,46.28,1006.75,22.58,3.79,196.1,596.5,normal
2025-10-24 15:00:00,35.75,45.0,1006.85,21.94,4.41,205.5,607.6,normal
2025-10-24 15:10:00,35.71,46.81,1006.69,22.55,5.49,203.2,562.8,normal
2025-10-24 15:20:00,35.58,46.69,1006.8,22.39,4.48,197.1,516.7,normal
2025-10-24 15:30:00,35.47,46.94,1007.13,22.39,3.95,226.8,504.9,normal
2025-10-24 15:40:00,35.39,47.24,1007.01,22.41,4.43,231.9,495.6,normal
2025-10-24 15:50:00,35.27,46.17,1006.62,21.92,4.81,204.7,433.8,normal
2025-10-24 16:00:00,35.5,45.77,1006.84,21.99,5.59,208.5,433.9,normal
2025-10-24 16:10:00,35.25,47.55,1006.57,22.4,4.83,179.8,380.2,normal
2025-10-24 16:20:00,35.46,47.74,1006.28,22.65,4.4,216.1,354.0,normal
2025-10-24 16:30:00,35.2,47.58,1006.46,22.36,4.54,202.1,309.1,normal
2025-10-24 16:40:00,34.61,49.97,1006.39,22.63,5.08,203.5,285.1,normal
2025-10-24 16:50:00,34.37,49.17,1006.05,22.14,4.41,200.5,265.7,normal
2025-10-24 17:00:00,33.9,49.56,1006.01,21.85,3.94,232.1,236.1,normal
2025-10-24 17:10:00,34.38,50.99,1005.98,22.76,4.87,215.5,200.2,normal
2025-10-24 17:20:00,33.88,52.14,1005.62,22.66,3.8,208.7,128.0,normal
2025-10-24 17:30:00,33.26,50.32,1005.41,21.51,4.45,221.9,81.8,normal
2025-10-24 17:40:00,33.37,53.52,1005.3,22.63,4.26,172.7,36.0,normal
2025-10-24 17:50:00,33.27,53.56,1004.87,22.54,3.43,233.8,37.9,normal
2025-10-24 18:00:00,32.55,52.19,1005.05,21.46,3.79,217.9,0.0,normal
2025-10-24 18:10:00,32.25,54.18,1004.91,21.79,3.57,224.7,0.0,normal
2025-10-24 18:20:00,32.8,53.63,1004.67,22.13,3.36,210.9,0.0,normal
2025-10-24 18:30:00,33.21,57.07,1004.72,23.54,3.88,204.5,0.0,normal
2025-10-24 18:40:00,31.88,56.77,1004.44,22.22,3.34,219.4,0.0,normal
2025-10-24 18:50:00,31.78,57.32,1004.15,22.28,3.1,221.6,0.0,normal
2025-10-24 19:00:00,31.53,58.83,1004.43,22.48,3.49,233.3,0.0,normal
2025-10-24 19:10:00,31.43,56.21,1004.01,21.64,3.37,229.1,0.0,normal
2025-10-24 19:20:00,30.91,59.13,1003.97,21.98,1.76,231.0,0.0,normal
2025-10-24 19:30:00,30.87,60.02,1003.64,22.19,3.09,187.2,0.0,normal
2025-10-24 19:40:00,30.5,59.53,1003.56,21.71,2.55,208.1,0.0,normal
2025-10-24 19:50:00,29.95,61.73,1003.49,21.79,2.53,215.4,0.0,normal
2025-10-24 20:00:00,29.73,62.29,1003.31,21.73,3.18,225.7,0.0,normal
2025-10-24 20:10:00,29.19,63.52,1003.45,21.55,2.73,232.6,0.0,normal
2025-10-24 20:20:00,28.91,65.45,1003.3,21.77,2.9,204.3,0.0,normal
2025-10-24 20:30:00,29.16,63.73,1003.43,21.57,3.69,223.8,0.0,normal
2025-10-24 20:40:00,29.27,64.27,1002.99,21.81,2.17,227.7,0.0,normal
2025-10-24 20:50:00,28.91,66.07,1003.25,21.92,3.02,228.2,0.0,normal
2025-10-24 21:00:00,28.33,65.76,1003.28,21.3,2.44,203.6,0.0,normal
2025-10-24 21:10:00,28.03,67.88,1003.24,21.52,2.51,225.8,0.0,normal
2025-10-24 21:20:00,28.37,67.28,1003.03,21.7,2.42,224.2,0.0,normal
2025-10-24 21:30:00,27.55,70.48,1003.04,21.68,2.39,197.3,0.0,normal
2025-10-24 21:40:00,27.57,69.09,1003.36,21.38,2.56,238.0,0.0,normal
2025-10-24 21:50:00,26.9,70.37,1003.44,21.03,2.05,194.8,0.0,normal
2025-10-24 22:00:00,26.64,72.85,1003.51,21.36,1.77,240.9,0.0,normal
2025-10-24 22:10:00,26.78,71.01,1003.36,21.07,2.07,198.5,0.0,normal
2025-10-24 22:20:00,27.04,72.29,1003.76,21.61,2.37,197.8,0.0,normal
2025-10-24 22:30:00,26.36,71.95,1003.64,20.89,2.34,221.9,0.0,normal
2025-10-24 22:40:00,25.9,73.67,1003.77,20.82,3.04,239.0,0.0,normal
2025-10-24 22:50:00,26.0,74.27,1003.79,21.06,1.33,228.9,0.0,normal
2025-10-24 23:00:00,26.19,75.22,1003.73,21.45,1.03,209.0,0.0,normal
2025-10-24 23:10:00,25.52,74.63,1004.25,20.67,1.08,183.1,0.0,normal
2025-10-24 23:20:00,25.26,76.32,1004.45,20.78,1.73,205.8,0.0,normal
2025-10-24 23:30:00,25.22,75.79,1004.53,20.63,1.02,213.8,0.0,normal
2025-10-24 23:40:00,25.17,77.6,1004.44,20.97,2.26,208.9,0.0,normal
2025-10-24 23:50:00,25.19,78.01,1004.78,21.07,1.55,200.6,0.0,normal
2025-10-25 00:00:00,24.69,77.83,1005.03,20.56,1.07,205.2,0.0,normal
2025-10-25 00:10:00,24.84,77.74,1005.31,20.68,0.5,225.0,0.0,normal
2025-10-25 00:20:00,24.26,79.08,1005.17,20.39,1.45,202.9,0.0,normal
2025-10-25 00:30:00,24.38,79.41,1005.56,20.58,1.46,220.7,0.0,normal
2025-10-25 00:40:00,24.12,79.33,1005.66,20.31,1.46,187.2,0.0,normal
2025-10-25 00:50:00,24.22,80.06,1005.59,20.55,1.29,169.3,0.0,normal
2025-10-25 01:00:00,24.17,80.33,1005.65,20.56,0.51,184.7,0.0,normal
2025-10-25 01:10:00,24.33,79.92,1006.11,20.64,1.03,185.1,0.0,normal
2025-10-25 01:20:00,24.43,79.64,1006.01,20.68,1.05,159.4,0.0,normal
2025-10-25 01:30:00,24.25,80.36,1006.42,20.64,0.94,206.9,0.0,normal
2025-10-25 01:40:00,23.59,78.98,1006.47,19.72,1.17,185.0,0.0,normal
2025-10-25 01:50:00,23.54,81.73,1006.37,20.23,1.34,216.2,0.0,normal
2025-10-25 02:00:00,24.16,78.68,1006.49,20.21,0.77,210.0,0.0,normal
2025-10-25 02:10:00,24.35,79.41,1006.89,20.55,1.22,191.1,0.0,normal
2025-10-25 02:20:00,23.33,78.72,1006.74,19.42,0.83,190.2,0.0,normal
2025-10-25 02:30:00,24.08,78.91,1006.68,20.19,1.68,162.1,0.0,normal
2025-10-25 02:40:00,23.95,78.98,1006.78,20.07,1.39,141.7,0.0,normal
2025-10-25 02:50:00,24.64,80.41,1006.7,21.03,0.85,156.8,0.0,normal
2025-10-25 03:00:00,24.0,79.42,1006.87,20.21,1.64,159.5,0.0,normal
2025-10-25 03:10:00,24.42,80.79,1006.73,20.89,0.98,171.8,0.0,normal
2025-10-25 03:20:00,24.25,77.45,1007.1,20.05,1.38,176.8,0.0,normal
2025-10-25 03:30:00,24.15,78.57,1006.34,20.18,0.93,189.3,0.0,normal
2025-10-25 03:40:00,24.24,78.42,1006.72,20.23,1.9,170.0,0.0,normal
2025-10-25 03:50:00,24.34,79.35,1006.79,20.53,1.74,153.7,0.0,normal
2025-10-25 04:00:00,25.07,76.06,1006.6,20.54,0.5,148.8,0.0,normal
2025-10-25 04:10:00,25.13,76.55,1006.59,20.7,1.37,158.9,0.0,normal
2025-10-25 04:20:00,25.08,76.63,1006.01,20.68,2.09,129.9,0.0,normal
2025-10-25 04:30:00,25.13,76.49,1006.17,20.7,1.87,147.6,0.0,normal
2025-10-25 04:40:00,25.93,74.83,1006.12,21.11,1.05,164.1,0.0,normal
2025-10-25 04:50:00,26.05,74.95,1005.8,21.25,1.68,170.1,0.0,normal
2025-10-25 05:00:00,25.92,75.46,1006.19,21.24,0.54,158.7,0.0,normal
2025-10-25 05:10:00,25.37,74.33,1005.54,20.46,1.38,124.9,0.0,normal
2025-10-25 05:20:00,26.08,74.65,1005.64,21.21,1.43,155.5,0.0,normal
2025-10-25 05:30:00,26.27,74.31,1005.37,21.32,1.69,144.5,0.0,normal
2025-10-25 05:40:00,26.56,72.78,1005.0,21.26,2.24,143.4,0.0,normal
2025-10-25 05:50:00,27.17,71.55,1005.33,21.57,1.52,154.5,0.0,normal
2025-10-25 06:00:00,26.97,71.42,1005.08,21.35,1.35,147.2,0.0,normal
2025-10-25 06:10:00,27.45,70.84,1004.85,21.68,1.49,143.0,61.5,normal
2025-10-25 06:20:00,27.19,70.01,1004.89,21.23,1.86,129.2,45.0,normal
2025-10-25 06:30:00,27.67,70.31,1004.46,21.76,2.53,143.8,127.1,normal
2025-10-25 06:40:00,28.58,68.19,1004.6,22.13,2.82,130.3,132.7,normal
2025-10-25 06:50:00,28.22,68.19,1004.02,21.78,3.03,147.7,175.3,normal
2025-10-25 07:00:00,28.44,66.65,1004.17,21.62,2.57,134.8,219.5,normal
2025-10-25 07:10:00,28.51,67.35,1003.9,21.85,2.23,141.3,236.9,normal
2025-10-25 07:20:00,29.15,65.38,1003.77,21.98,1.83,137.2,309.2,normal
2025-10-25 07:30:00,29.07,63.86,1003.6,21.51,1.89,139.8,342.1,normal
2025-10-25 07:40:00,29.96,65.26,1003.83,22.71,3.38,125.0,353.2,normal
2025-10-25 07:50:00,29.44,63.59,1003.46,21.8,3.5,140.8,412.7,normal
2025-10-25 08:00:00,29.84,62.23,1003.4,21.82,3.36,130.5,403.4,normal
2025-10-25 08:10:00,30.51,62.51,1003.12,22.52,4.18,140.2,439.1,normal
2025-10-25 08:20:00,30.26,60.4,1003.47,21.72,3.05,137.9,489.9,normal
2025-10-25 08:30:00,31.04,59.68,1003.21,22.26,2.35,111.4,528.8,normal
2025-10-25 08:40:00,31.28,59.51,1003.19,22.43,3.21,175.3,536.3,normal
2025-10-25 08:50:00,31.21,59.14,1002.95,22.26,3.97,151.0,569.0,normal
2025-10-25 09:00:00,31.91,57.46,1003.1,22.45,3.82,151.7,563.1,normal
2025-10-25 09:10:00,31.74,56.75,1003.23,22.08,3.22,127.1,652.1,normal
2025-10-25 09:20:00,31.92,55.34,1003.18,21.83,3.09,127.0,635.9,normal
2025-10-25 09:30:00,32.1,55.44,1002.97,22.03,3.6,140.8,667.4,normal
2025-10-25 09:40:00,32.58,56.74,1003.53,22.86,4.54,122.0,707.2,normal
2025-10-25 09:50:00,32.77,53.08,1003.46,21.93,3.61,147.4,739.6,normal
2025-10-25 10:00:00,33.8,54.32,1003.38,23.27,3.63,149.7,716.6,normal
2025-10-25 10:10:00,33.29,53.38,1003.61,22.5,4.47,167.8,756.0,normal
2025-10-25 10:20:00,33.58,52.12,1003.46,22.38,3.63,127.4,772.9,normal
2025-10-25 10:30:00,33.82,53.11,1003.67,22.91,4.64,171.9,789.1,normal
2025-10-25 10:40:00,33.46,50.0,1003.88,21.59,4.59,146.9,844.2,normal
2025-10-25 10:50:00,34.32,50.44,1003.83,22.51,4.51,168.5,828.9,normal
2025-10-25 11:00:00,34.07,51.25,1003.78,22.55,4.62,153.8,846.9,normal
2025-10-25 11:10:00,34.25,48.96,1004.17,21.97,3.59,158.0,812.5,normal
2025-10-25 11:20:00,34.24,49.15,1004.13,22.02,4.32,142.6,857.5,normal
2025-10-25 11:30:00,34.94,48.08,1004.92,22.3,4.52,187.7,852.5,normal
2025-10-25 11:40:00,34.81,46.74,1004.72,21.71,5.18,170.2,828.9,normal
2025-10-25 11:50:00,35.12,46.93,1004.82,22.06,4.4,151.3,874.6,normal
2025-10-25 12:00:00,35.65,47.03,1005.08,22.57,5.12,172.8,878.4,normal
2025-10-25 12:10:00,35.63,47.22,1005.22,22.62,5.69,156.2,801.5,normal
2025-10-25 12:20:00,35.28,46.53,1005.39,22.06,4.32,172.7,842.7,normal
2025-10-25 12:30:00,35.45,45.95,1005.33,22.01,4.41,178.3,822.7,normal
2025-10-25 12:40:00,34.85,44.69,1005.76,21.01,4.86,148.9,843.8,normal
2025-10-25 12:50:00,35.64,45.24,1005.77,21.93,4.3,162.1,797.8,normal
2025-10-25 13:00:00,36.1,46.07,1005.95,22.64,5.68,168.0,790.2,normal
2025-10-25 13:10:00,35.36,44.55,1006.09,21.43,4.28,182.9,806.5,normal
2025-10-25 13:20:00,36.21,44.41,1006.1,22.14,4.45,167.4,758.8,normal
2025-10-25 13:30:00,35.93,44.88,1006.13,22.06,5.19,177.3,815.6,normal
2025-10-25 13:40:00,35.99,44.75,1006.45,22.06,4.04,199.0,730.4,normal
2025-10-25 13:50:00,35.85,44.72,1006.64,21.93,4.42,147.7,755.6,normal
2025-10-25 14:00:00,35.88,43.8,1006.6,21.62,4.53,168.6,752.9,normal
2025-10-25 14:10:00,36.03,46.21,1006.65,22.63,4.96,199.4,729.9,normal
2025-10-25 14:20:00,35.66,45.91,1006.68,22.19,4.92,174.3,701.0,normal
2025-10-25 14:30:00,36.06,45.2,1006.83,22.3,4.56,197.0,685.4,normal
2025-10-25 14:40:00,36.11,45.71,1006.77,22.52,5.02,195.4,675.9,normal
2025-10-25 14:50:00,35.83,45.66,1006.96,22.25,4.99,194.2,613.6,normal
2025-10-25 15:00:00,35.63,45.24,1006.7,21.92,5.1,178.8,618.7,normal
2025-10-25 15:10:00,35.87,45.22,1006.99,22.13,4.44,159.3,605.7,normal
2025-10-25 15:20:00,35.86,47.36,1006.67,22.88,4.46,208.8,556.8,normal
2025-10-25 15:30:00,35.64,46.72,1006.64,22.46,4.92,206.5,539.6,normal
2025-10-25 15:40:00,35.2,46.01,1006.82,21.8,4.69,204.2,507.3,normal
2025-10-25 15:50:00,34.87,45.86,1006.59,21.46,4.67,211.1,452.1,normal
2025-10-25 16:00:00,35.42,46.99,1006.79,22.35,4.5,173.5,440.4,normal
2025-10-25 16:10:00,35.23,47.84,1006.56,22.48,4.56,190.7,378.9,normal
2025-10-25 16:20:00,34.44,47.34,1006.62,21.58,4.57,204.1,334.9,normal
2025-10-25 16:30:00,34.89,47.68,1006.63,22.11,4.32,188.2,338.7,normal
2025-10-25 16:40:00,34.95,48.58,1006.15,22.48,4.81,211.3,239.1,normal
2025-10-25 16:50:00,34.19,50.29,1005.92,22.35,5.11,192.8,264.3,normal
2025-10-25 17:00:00,34.6,49.53,1006.02,22.47,4.08,191.9,201.1,normal
2025-10-25 17:10:00,34.02,49.82,1005.75,22.04,4.82,201.1,174.6,normal
2025-10-25 17:20:00,34.02,51.87,1005.87,22.71,4.1,216.0,140.4,normal
2025-10-25 17:30:00,34.23,53.4,1005.54,23.38,3.37,194.2,101.4,normal
2025-10-25 17:40:00,33.51,52.25,1005.25,22.36,5.0,203.8,91.3,normal
2025-10-25 17:50:00,33.28,51.36,1005.01,21.86,4.03,213.5,76.9,normal
2025-10-25 18:00:00,33.33,53.09,1004.88,22.45,4.14,202.9,0.0,normal
2025-10-25 18:10:00,32.42,54.53,1004.66,22.06,4.15,218.4,0.0,normal
2025-10-25 18:20:00,32.7,56.13,1004.52,22.79,3.88,236.7,0.0,normal
2025-10-25 18:30:00,32.59,55.0,1004.6,22.36,3.99,231.1,0.0,normal
2025-10-25 18:40:00,31.53,57.59,1004.56,22.13,3.68,225.2,0.0,normal
2025-10-25 18:50:00,31.83,58.47,1004.4,22.66,4.5,209.2,0.0,normal
2025-10-25 19:00:00,31.73,56.53,1003.92,22.01,2.58,229.0,0.0,normal
2025-10-25 19:10:00,31.48,60.01,1004.09,22.76,2.11,219.7,0.0,normal
2025-10-25 19:20:00,31.19,59.31,1003.74,22.3,3.8,251.4,0.0,normal
2025-10-25 19:30:00,31.04,60.84,1003.9,22.57,3.54,217.5,0.0,normal
2025-10-25 19:40:00,30.47,61.65,1003.55,22.26,2.82,202.9,0.0,normal
2025-10-25 19:50:00,30.07,61.37,1003.54,21.8,2.98,229.2,0.0,normal
2025-10-25 20:00:00,29.92,60.98,1003.4,21.56,2.74,232.2,0.0,normal
2025-10-25 20:10:00,30.47,63.54,1003.67,22.76,2.26,221.5,0.0,normal
2025-10-25 20:20:00,29.3,64.6,1003.45,21.92,2.17,217.8,0.0,normal
2025-10-25 20:30:00,29.69,64.97,1003.3,22.38,3.52,210.7,0.0,normal
2025-10-25 20:40:00,28.52,64.93,1003.14,21.27,1.47,220.3,0.0,normal
2025-10-25 20:50:00,28.33,65.63,1003.26,21.26,2.44,220.7,0.0,normal
2025-10-25 21:00:00,28.87,68.89,1003.22,22.57,2.6,223.5,0.0,normal
2025-10-25 21:10:00,28.43,67.57,1003.09,21.84,2.86,206.9,0.0,normal
2025-10-25 21:20:00,27.85,69.62,1003.28,21.78,2.7,191.4,0.0,normal
2025-10-25 21:30:00,27.57,69.31,1003.29,21.43,2.22,216.5,0.0,normal
2025-10-25 21:40:00,27.22,70.74,1003.33,21.43,1.34,220.1,0.0,normal
2025-10-25 21:50:00,27.25,70.32,1003.51,21.36,2.06,222.3,0.0,normal
2025-10-25 22:00:00,26.76,72.37,1003.52,21.36,1.45,222.8,0.0,normal
2025-10-25 22:10:00,26.59,72.24,1003.62,21.17,1.81,247.7,0.0,normal
2025-10-25 22:20:00,26.5,73.1,1003.53,21.28,2.06,226.7,0.0,normal
2025-10-25 22:30:00,26.48,72.58,1003.68,21.14,2.35,211.5,0.0,normal
2025-10-25 22:40:00,26.09,73.23,1003.73,20.91,1.22,187.3,0.0,normal
2025-10-25 22:50:00,25.93,75.62,1003.79,21.29,2.27,215.8,0.0,normal
2025-10-25 23:00:00,25.51,72.94,1004.04,20.29,1.32,204.6,0.0,normal
2025-10-25 23:10:00,25.24,74.53,1004.26,20.38,0.94,182.4,0.0,normal
2025-10-25 23:20:00,25.5,76.99,1004.44,21.16,1.71,203.2,0.0,normal
2025-10-25 23:30:00,25.64,75.15,1004.74,20.9,1.91,185.7,0.0,normal
2025-10-25 23:40:00,25.28,76.96,1004.49,20.94,1.26,210.3,0.0,normal
2025-10-25 23:50:00,24.52,77.77,1004.67,20.38,0.93,204.6,0.0,normal
2025-10-26 00:00:00,25.06,77.8,1004.85,20.91,0.98,184.4,0.0,normal
2025-10-26 00:10:00,24.35,77.01,1005.21,20.05,1.64,196.3,0.0,normal
2025-10-26 00:20:00,24.78,78.65,1005.49,20.81,1.31,198.3,0.0,normal
2025-10-26 00:30:00,24.5,77.83,1005.22,20.37,1.4,182.8,0.0,normal
2025-10-26 00:40:00,23.64,78.54,1005.57,19.68,1.1,220.5,0.0,normal
2025-10-26 00:50:00,24.63,78.17,1005.95,20.57,1.02,195.9,0.0,normal
2025-10-26 01:00:00,24.25,80.23,1006.01,20.62,0.89,192.5,0.0,normal
2025-10-26 01:10:00,24.48,80.49,1006.1,20.9,0.61,178.8,0.0,normal
2025-10-26 01:20:00,23.74,81.31,1006.25,20.34,0.78,198.7,0.0,normal
2025-10-26 01:30:00,24.24,79.83,1006.21,20.53,0.86,187.6,0.0,normal
2025-10-26 01:40:00,23.87,80.49,1006.4,20.3,0.73,190.3,0.0,normal
2025-10-26 01:50:00,23.94,79.85,1006.35,20.24,1.32,171.3,0.0,normal
2025-10-26 02:00:00,23.62,79.62,1006.39,19.89,0.5,194.5,0.0,normal
2025-10-26 02:10:00,23.99,81.94,1006.38,20.71,1.35,185.6,0.0,normal
2025-10-26 02:20:00,24.09,80.9,1006.83,20.6,1.15,165.5,0.0,normal
2025-10-26 02:30:00,23.97,81.17,1006.74,20.53,0.5,180.8,0.0,normal
2025-10-26 02:40:00,23.86,80.08,1006.94,20.21,1.19,160.2,0.0,normal
2025-10-26 02:50:00,24.24,78.28,1006.95,20.21,0.5,163.9,0.0,normal
2025-10-26 03:00:00,24.49,78.6,1007.02,20.52,1.36,176.2,0.0,normal
2025-10-26 03:10:00,23.91,78.59,1006.54,19.95,0.57,160.8,0.0,normal
2025-10-26 03:20:00,24.59,78.67,1006.96,20.63,1.1,163.7,0.0,normal
2025-10-26 03:30:00,24.31,78.57,1006.68,20.34,1.14,143.5,0.0,normal
2025-10-26 03:40:00,24.36,79.09,1006.58,20.5,0.82,168.5,0.0,normal
2025-10-26 03:50:00,24.18,77.29,1006.89,19.95,0.53,148.6,0.0,normal
2025-10-26 04:00:00,24.53,77.63,1006.45,20.35,1.2,133.4,0.0,normal
2025-10-26 04:10:00,24.47,75.55,1006.41,19.86,1.35,156.5,0.0,normal
2025-10-26 04:20:00,24.8,77.56,1006.4,20.61,2.18,149.5,0.0,normal
2025-10-26 04:30:00,25.24,76.2,1006.42,20.74,1.6,139.7,0.0,normal
2025-10-26 04:40:00,25.48,76.26,1006.11,20.99,1.89,162.4,0.0,normal
2025-10-26 04:50:00,25.8,75.2,1006.12,21.07,1.39,143.1,0.0,normal
2025-10-26 05:00:00,25.84,75.07,1005.8,21.08,2.36,133.1,0.0,normal
2025-10-26 05:10:00,25.95,74.53,1005.81,21.07,1.34,134.0,0.0,normal
2025-10-26 05:20:00,26.18,74.59,1005.51,21.3,1.94,117.0,0.0,normal
2025-10-26 05:30:00,26.31,73.66,1005.47,21.22,1.75,145.1,0.0,normal
2025-10-26 05:40:00,26.26,72.71,1005.33,20.96,1.63,140.7,0.0,normal
2025-10-26 05:50:00,27.08,71.96,1005.16,21.58,2.17,148.7,0.0,normal
2025-10-26 06:00:00,27.14,70.73,1004.87,21.36,2.07,163.1,53.6,normal
2025-10-26 06:10:00,27.15,70.38,1004.91,21.28,3.01,127.4,34.3,normal
2025-10-26 06:20:00,27.51,70.48,1004.82,21.65,2.1,149.4,66.5,normal
2025-10-26 06:30:00,27.32,70.07,1004.24,21.37,3.12,136.3,64.6,normal
2025-10-26 06:40:00,28.15,68.52,1004.28,21.8,0.98,141.0,107.8,normal
2025-10-26 06:50:00,28.91,68.61,1004.06,22.54,1.83,135.2,193.2,normal
2025-10-26 07:00:00,28.88,67.6,1003.96,22.27,2.11,153.1,237.6,normal
2025-10-26 07:10:00,28.82,65.57,1004.05,21.72,2.57,117.1,255.1,normal
2025-10-26 07:20:00,28.91,65.33,1004.07,21.73,3.43,161.7,281.0,normal
2025-10-26 07:30:00,29.13,65.27,1003.67,21.93,1.91,141.4,338.5,normal
2025-10-26 07:40:00,29.87,64.67,1003.58,22.48,2.65,123.4,383.5,normal
2025-10-26 07:50:00,29.53,62.63,1003.46,21.63,2.1,139.2,383.1,normal
2025-10-26 08:00:00,30.04,63.99,1003.58,22.47,2.68,158.7,440.7,normal
2025-10-26 08:10:00,30.68,61.8,1003.34,22.5,2.67,139.1,459.8,normal
2025-10-26 08:20:00,30.65,60.04,1003.59,21.99,2.63,133.1,464.9,normal
2025-10-26 08:30:00,30.67,60.53,1003.51,22.14,3.45,153.8,507.0,normal
2025-10-26 08:40:00,31.24,59.0,1003.06,22.26,2.89,142.7,543.6,normal
2025-10-26 08:50:00,31.18,58.64,1003.0,22.1,3.26,153.1,573.3,normal
2025-10-26 09:00:00,31.47,57.9,1003.14,22.16,2.91,147.6,580.8,normal
2025-10-26 09:10:00,32.06,58.67,1003.07,22.93,4.16,141.7,601.5,normal
2025-10-26 09:20:00,31.99,54.76,1003.37,21.72,2.74,128.8,676.0,normal
2025-10-26 09:30:00,32.81,56.95,1003.05,23.13,3.74,117.4,663.8,normal
2025-10-26 09:40:00,32.33,55.83,1003.15,22.36,3.54,157.8,682.1,normal
2025-10-26 09:50:00,33.21,54.75,1003.28,22.85,4.11,149.7,719.8,normal
2025-10-26 10:00:00,33.62,54.69,1003.61,23.21,4.08,110.1,748.5,normal
2025-10-26 10:10:00,33.44,51.25,1003.55,21.98,4.06,156.8,741.0,normal
2025-10-26 10:20:00,33.41,51.63,1003.55,22.07,4.54,136.4,748.2,normal
2025-10-26 10:30:00,33.24,51.5,1003.66,21.87,4.7,155.5,768.4,normal
2025-10-26 10:40:00,33.49,49.83,1004.09,21.56,4.66,158.0,747.7,normal
2025-10-26 10:50:00,34.11,50.04,1004.07,22.19,4.55,133.9,784.4,normal
2025-10-26 11:00:00,34.2,50.52,1004.05,22.44,4.04,166.8,807.9,normal
2025-10-26 11:10:00,34.52,48.99,1004.17,22.22,4.21,136.9,815.7,normal
2025-10-26 11:20:00,34.77,50.35,1004.65,22.91,3.64,147.4,850.1,normal
2025-10-26 11:30:00,34.58,49.78,1004.71,22.54,4.93,171.3,851.9,normal
2025-10-26 11:40:00,34.07,49.06,1004.9,21.84,4.87,129.4,880.7,normal
2025-10-26 11:50:00,35.33,47.58,1004.68,22.48,5.28,150.5,879.1,normal
2025-10-26 12:00:00,35.02,46.67,1004.94,21.88,4.34,141.4,823.4,normal
2025-10-26 12:10:00,34.96,48.54,1005.08,22.47,4.62,159.5,850.5,normal
2025-10-26 12:20:00,35.35,46.89,1005.37,22.25,4.83,175.5,854.1,normal
2025-10-26 12:30:00,35.47,47.47,1005.59,22.57,4.71,198.6,858.9,normal
2025-10-26 12:40:00,35.73,45.32,1005.61,22.03,4.95,150.9,843.3,normal
2025-10-26 12:50:00,35.34,44.44,1005.83,21.36,4.09,178.0,832.5,normal
2025-10-26 13:00:00,35.63,47.02,1005.79,22.55,4.16,186.6,828.9,normal
2025-10-26 13:10:00,35.48,45.05,1006.2,21.71,5.57,199.7,800.3,normal
2025-10-26 13:20:00,35.34,44.44,1005.93,21.36,4.44,162.5,805.0,normal
2025-10-26 13:30:00,36.53,46.18,1006.19,23.07,4.7,169.9,799.7,normal
2025-10-26 13:40:00,35.89,44.07,1006.26,21.72,4.88,152.8,768.3,normal
2025-10-26 13:50:00,35.89,44.81,1006.51,22.0,4.52,175.7,767.4,normal
2025-10-26 14:00:00,36.23,44.24,1006.92,22.09,4.59,196.2,704.9,normal
2025-10-26 14:10:00,35.82,45.13,1006.53,22.05,4.67,191.1,728.3,normal
2025-10-26 14:20:00,35.8,43.75,1006.69,21.52,4.6,198.9,672.7,normal
2025-10-26 14:30:00,35.75,45.77,1006.83,22.22,5.12,161.8,664.3,normal
2025-10-26 14:40:00,36.14,44.97,1006.48,22.28,5.18,175.5,648.6,normal
2025-10-26 14:50:00,35.87,45.36,1006.89,22.18,4.99,202.5,605.1,normal
2025-10-26 15:00:00,36.05,46.04,1006.78,22.58,4.7,184.3,611.9,normal
2025-10-26 15:10:00,35.77,45.12,1006.52,22.01,4.53,196.2,568.9,normal
2025-10-26 15:20:00,35.67,46.86,1006.74,22.53,5.83,160.6,527.0,normal
2025-10-26 15:30:00,35.82,46.05,1006.67,22.38,4.77,201.3,506.2,normal
2025-10-26 15:40:00,35.33,46.57,1006.75,22.13,5.26,195.0,453.4,normal
2025-10-26 15:50:00,35.57,47.8,1006.69,22.77,4.06,220.9,416.1,normal
2025-10-26 16:00:00,34.97,48.05,1006.48,22.31,4.44,184.6,422.2,normal
2025-10-26 16:10:00,35.08,47.91,1006.53,22.37,4.91,195.6,376.5,normal
2025-10-26 16:20:00,35.31,47.78,1006.6,22.53,4.53,185.1,351.1,normal
2025-10-26 16:30:00,34.35,47.98,1006.31,21.73,5.9,212.4,345.8,normal
2025-10-26 16:40:00,35.03,49.48,1006.23,22.85,4.36,200.0,268.6,normal
2025-10-26 16:50:00,34.2,49.98,1005.81,22.26,3.42,199.3,267.4,normal
2025-10-26 17:00:00,33.8,49.94,1006.08,21.88,4.08,199.3,216.3,normal
2025-10-26 17:10:00,33.74,51.32,1005.76,22.27,2.88,207.7,190.9,normal
2025-10-26 17:20:00,33.73,52.33,1005.38,22.59,3.32,218.0,149.7,normal
2025-10-26 17:30:00,34.16,51.28,1005.53,22.65,4.09,222.9,120.2,normal
2025-10-26 17:40:00,33.66,52.63,1005.22,22.61,4.16,228.6,104.7,normal
2025-10-26 17:50:00,33.28,52.8,1005.19,22.32,3.67,200.1,12.9,normal
2025-10-26 18:00:00,33.01,55.37,1005.02,22.85,3.52,200.5,0.0,normal
2025-10-26 18:10:00,32.87,55.51,1005.18,22.77,3.8,214.2,0.0,normal
2025-10-26 18:20:00,32.12,54.47,1004.82,21.76,3.32,224.9,0.0,normal
2025-10-26 18:30:00,31.68,55.41,1004.56,21.63,3.28,233.1,0.0,normal
2025-10-26 18:40:00,31.72,57.37,1004.28,22.24,3.88,186.9,0.0,normal
2025-10-26 18:50:00,31.94,57.54,1004.19,22.49,2.83,224.8,0.0,normal
2025-10-26 19:00:00,32.06,58.6,1004.04,22.91,3.57,217.7,0.0,normal
2025-10-26 19:10:00,31.45,58.83,1003.96,22.4,2.96,229.3,0.0,normal
2025-10-26 19:20:00,31.14,59.46,1003.86,22.29,3.48,192.1,0.0,normal
2025-10-26 19:30:00,30.87,60.63,1003.49,22.36,3.66,199.8,0.0,normal
2025-10-26 19:40:00,31.12,61.48,1003.44,22.82,2.9,228.7,0.0,normal
2025-10-26 19:50:00,30.31,61.08,1003.61,21.96,3.19,205.2,0.0,normal
2025-10-26 20:00:00,29.83,61.59,1003.29,21.64,3.76,229.1,0.0,normal
2025-10-26 20:10:00,29.94,63.4,1003.2,22.21,3.02,217.8,0.0,normal
2025-10-26 20:20:00,29.43,63.76,1003.57,21.83,3.29,220.7,0.0,normal
2025-10-26 20:30:00,29.4,65.04,1003.24,22.12,3.01,249.5,0.0,normal
2025-10-26 20:40:00,29.19,64.65,1003.29,21.83,2.62,241.5,0.0,normal
2025-10-26 20:50:00,28.89,67.26,1003.06,22.19,2.52,238.9,0.0,normal
2025-10-26 21:00:00,28.92,66.2,1003.23,21.97,2.87,209.1,0.0,normal
2025-10-26 21:10:00,27.86,68.51,1003.23,21.52,2.38,232.7,0.0,normal
2025-10-26 21:20:00,28.23,70.81,1003.1,22.41,2.31,196.4,0.0,normal
2025-10-26 21:30:00,28.35,69.43,1003.47,22.2,2.17,194.7,0.0,normal
2025-10-26 21:40:00,27.35,71.3,1003.25,21.69,2.15,221.2,0.0,normal
2025-10-26 21:50:00,27.72,69.74,1003.29,21.67,1.25,235.0,0.0,normal
2025-10-26 22:00:00,26.79,71.56,1003.35,21.21,2.35,192.5,0.0,normal
2025-10-26 22:10:00,26.76,71.95,1003.47,21.26,2.36,200.3,0.0,normal
2025-10-26 22:20:00,26.65,71.67,1004.01,21.1,1.83,230.1,0.0,normal
2025-10-26 22:30:00,26.05,72.84,1003.63,20.79,2.12,225.5,0.0,normal
2025-10-26 22:40:00,26.31,73.1,1003.81,21.1,1.46,218.3,0.0,normal
2025-10-26 22:50:00,25.64,75.17,1003.87,20.91,1.52,205.9,0.0,normal
2025-10-26 23:00:00,25.48,74.69,1004.07,20.65,1.43,196.6,0.0,normal
2025-10-26 23:10:00,25.84,76.3,1004.16,21.34,0.86,209.9,0.0,normal
2025-10-26 23:20:00,25.46,75.26,1004.34,20.75,0.5,200.4,0.0,normal
2025-10-26 23:30:00,25.4,77.63,1004.49,21.2,0.92,200.9,0.0,normal
2025-10-26 23:40:00,24.94,76.62,1004.66,20.54,0.95,203.3,0.0,normal
2025-10-26 23:50:00,25.02,75.24,1004.99,20.33,1.12,170.6,0.0,normal
2025-10-27 00:00:00,24.68,77.14,1004.99,20.4,0.76,207.1,0.0,normal
2025-10-27 00:10:00,24.76,78.06,1005.4,20.66,0.9,203.8,0.0,normal
2025-10-27 00:20:00,24.66,78.76,1005.27,20.72,0.5,175.8,0.0,normal
2025-10-27 00:30:00,24.3,78.52,1005.59,20.32,0.5,208.5,0.0,normal
2025-10-27 00:40:00,24.32,79.37,1005.76,20.52,0.72,190.6,0.0,normal
2025-10-27 00:50:00,24.16,80.07,1005.86,20.5,0.56,179.9,0.0,normal
2025-10-27 01:00:00,23.99,79.27,1006.08,20.17,1.37,178.0,0.0,normal
2025-10-27 01:10:00,24.61,80.6,1006.05,21.05,0.5,215.8,0.0,normal
2025-10-27 01:20:00,24.45,79.89,1006.08,20.74,0.5,170.1,0.0,normal
2025-10-27 01:30:00,24.44,80.35,1006.11,20.83,0.56,167.3,0.0,normal
2025-10-27 01:40:00,23.74,79.9,1006.58,20.06,1.01,208.5,0.0,normal
2025-10-27 01:50:00,23.78,80.55,1006.36,20.23,1.01,186.5,0.0,normal
2025-10-27 02:00:00,24.04,80.87,1006.74,20.54,1.34,197.9,0.0,normal
2025-10-27 02:10:00,24.01,80.51,1006.4,20.44,1.1,174.0,0.0,normal
2025-10-27 02:20:00,24.3,80.16,1006.58,20.65,1.32,183.3,0.0,normal
2025-10-27 02:30:00,24.0,80.16,1006.87,20.36,0.64,176.8,0.0,normal
2025-10-27 02:40:00,24.27,79.68,1006.79,20.53,0.5,179.6,0.0,normal
2025-10-27 02:50:00,24.32,78.82,1006.9,20.39,1.25,159.5,0.0,normal
2025-10-27 03:00:00,24.21,79.09,1007.1,20.35,0.8,162.1,0.0,normal
2025-10-27 03:10:00,24.37,78.48,1007.01,20.38,0.5,179.8,0.0,normal
2025-10-27 03:20:00,24.07,78.71,1006.92,20.13,1.0,169.8,0.0,normal
2025-10-27 03:30:00,25.01,79.08,1006.88,21.12,1.8,140.1,0.0,normal
2025-10-27 03:40:00,25.26,78.85,1006.84,21.31,1.48,137.4,0.0,normal
2025-10-27 03:50:00,24.29,78.42,1006.67,20.29,2.0,167.4,0.0,normal
2025-10-27 04:00:00,24.94,78.04,1006.65,20.84,0.5,157.8,0.0,normal
2025-10-27 04:10:00,24.93,77.06,1006.54,20.62,1.2,161.7,0.0,normal
2025-10-27 04:20:00,25.41,78.48,1006.39,21.39,1.11,154.9,0.0,normal
2025-10-27 04:30:00,24.92,75.96,1006.27,20.38,0.65,178.0,0.0,normal
2025-10-27 04:40:00,25.62,75.52,1006.27,20.96,0.5,135.1,0.0,normal
2025-10-27 04:50:00,25.15,76.6,1005.96,20.74,0.82,179.5,0.0,normal
2025-10-27 05:00:00,26.23,74.67,1005.83,21.36,1.81,157.6,0.0,normal
2025-10-27 05:10:00,25.73,75.18,1005.73,21.0,1.89,175.3,0.0,normal
2025-10-27 05:20:00,26.98,73.79,1005.42,21.9,1.61,149.6,0.0,normal
2025-10-27 05:30:00,26.29,73.03,1005.58,21.06,2.31,149.6,0.0,normal
2025-10-27 05:40:00,26.47,70.8,1005.24,20.73,1.53,127.3,0.0,normal
2025-10-27 05:50:00,26.62,71.66,1005.3,21.07,1.61,137.4,0.0,normal
2025-10-27 06:00:00,27.3,71.42,1005.2,21.67,2.27,103.8,42.0,normal
2025-10-27 06:10:00,26.96,70.83,1004.59,21.21,2.75,147.5,59.5,normal
2025-10-27 06:20:00,27.37,68.06,1004.74,20.94,1.18,150.3,48.9,normal
2025-10-27 06:30:00,27.62,69.17,1004.46,21.44,2.17,154.6,88.1,normal
2025-10-27 06:40:00,27.89,69.11,1004.63,21.68,2.73,102.3,179.7,normal
2025-10-27 06:50:00,27.4,67.24,1004.5,20.77,2.08,164.9,183.8,normal
2025-10-27 07:00:00,28.54,67.01,1003.9,21.81,2.38,116.0,239.7,normal
2025-10-27 07:10:00,28.67,65.78,1004.1,21.63,2.41,135.5,267.8,normal
2025-10-27 07:20:00,29.07,64.31,1003.91,21.63,2.6,140.2,320.8,normal
2025-10-27 07:30:00,29.5,64.78,1003.58,22.16,2.97,125.5,308.9,normal
2025-10-27 07:40:00,29.38,65.9,1003.72,22.33,2.83,177.2,368.7,normal
2025-10-27 07:50:00,29.27,64.99,1003.23,21.99,1.59,132.3,398.3,normal
2025-10-27 08:00:00,30.14,62.9,1003.44,22.28,3.96,142.8,407.4,normal
2025-10-27 08:10:00,30.3,60.81,1003.55,21.87,3.54,136.1,476.8,normal
2025-10-27 08:20:00,30.68,60.79,1003.3,22.23,2.76,115.7,488.0,normal
2025-10-27 08:30:00,30.74,59.41,1003.11,21.9,3.66,117.5,497.1,normal
2025-10-27 08:40:00,30.97,58.32,1003.19,21.81,4.62,145.5,544.2,normal
2025-10-27 08:50:00,31.82,58.44,1003.16,22.64,3.47,152.2,600.1,normal
2025-10-27 09:00:00,31.16,55.88,1003.18,21.29,4.02,144.5,598.9,normal
2025-10-27 09:10:00,31.68,57.34,1003.19,22.19,3.0,132.9,628.2,normal
2025-10-27 09:20:00,32.26,56.94,1003.19,22.61,3.77,130.8,642.0,normal
2025-10-27 09:30:00,32.47,53.85,1003.47,21.9,4.58,134.7,657.8,normal
2025-10-27 09:40:00,32.37,55.62,1003.62,22.33,4.04,136.1,657.5,normal
2025-10-27 09:50:00,33.0,55.6,1003.12,22.91,4.77,156.2,723.6,normal
2025-10-27 10:00:00,33.09,53.43,1003.34,22.34,4.45,152.3,713.6,normal
2025-10-27 10:10:00,33.68,52.29,1003.52,22.53,3.84,138.7,767.9,normal
2025-10-27 10:20:00,33.39,53.25,1003.77,22.55,3.99,159.6,799.1,normal
2025-10-27 10:30:00,33.81,52.04,1003.66,22.57,3.72,157.4,771.4,normal
2025-10-27 10:40:00,33.77,53.42,1003.84,22.96,3.91,164.5,798.9,normal
2025-10-27 10:50:00,34.31,51.17,1003.95,22.75,4.19,139.3,796.8,normal
2025-10-27 11:00:00,34.6,49.58,1004.08,22.49,5.0,153.4,816.4,normal
2025-10-27 11:10:00,34.74,49.73,1004.33,22.67,4.24,143.0,825.0,normal
2025-10-27 11:20:00,34.74,50.54,1004.17,22.94,4.35,146.0,819.2,normal
2025-10-27 11:30:00,34.85,48.12,1004.5,22.22,3.8,147.1,842.0,normal
2025-10-27 11:40:00,34.45,48.08,1004.54,21.85,4.88,157.3,855.4,normal
2025-10-27 11:50:00,35.22,46.66,1004.94,22.06,5.38,179.9,851.8,normal
2025-10-27 12:00:00,35.96,49.07,1004.85,23.56,4.58,152.6,833.3,normal
2025-10-27 12:10:00,35.02,45.22,1005.1,21.37,4.9,155.7,838.4,normal
2025-10-27 12:20:00,35.62,46.12,1005.1,22.22,4.68,156.0,882.0,normal
2025-10-27 12:30:00,35.4,46.94,1005.17,22.31,4.81,160.2,832.0,normal
2025-10-27 12:40:00,35.87,45.36,1005.38,22.18,5.67,195.6,832.0,normal
2025-10-27 12:50:00,35.52,47.02,1005.7,22.45,5.3,159.8,818.9,normal
2025-10-27 13:00:00,35.05,45.17,1005.83,21.37,5.22,186.0,823.7,normal
2025-10-27 13:10:00,35.99,44.82,1006.03,22.09,4.22,178.1,829.0,normal
2025-10-27 13:20:00,35.65,44.7,1006.24,21.74,5.09,166.4,806.2,normal
2025-10-27 13:30:00,35.53,45.43,1006.28,21.9,5.11,186.2,761.7,normal
2025-10-27 13:40:00,35.96,44.48,1006.44,21.94,4.45,197.6,773.0,normal
2025-10-27 13:50:00,36.13,44.92,1006.28,22.25,5.09,170.3,710.8,normal
2025-10-27 14:00:00,36.14,44.41,1006.56,22.08,5.08,194.1,737.2,normal
2025-10-27 14:10:00,35.96,46.44,1006.6,22.65,5.06,194.9,717.1,normal
2025-10-27 14:20:00,36.13,43.99,1006.72,21.91,3.64,202.2,700.5,normal
2025-10-27 14:30:00,35.82,43.73,1006.95,21.54,4.87,170.0,707.4,normal
2025-10-27 14:40:00,35.79,44.56,1006.77,21.81,5.66,190.4,663.0,normal
2025-10-27 14:50:00,35.79,46.23,1006.6,22.42,5.15,178.1,642.8,normal
2025-10-27 15:00:00,35.6,44.8,1006.71,21.73,4.89,175.2,612.8,normal
2025-10-27 15:10:00,35.94,45.86,1006.72,22.43,5.48,192.9,581.4,normal
2025-10-27 15:20:00,35.64,45.44,1006.74,22.01,5.06,158.0,557.5,normal
2025-10-27 15:30:00,35.64,45.67,1006.66,22.08,5.11,188.4,483.7,normal
2025-10-27 15:40:00,35.81,46.28,1006.5,22.46,4.89,189.3,485.2,normal
2025-10-27 15:50:00,35.31,46.78,1006.55,22.18,4.49,203.5,449.4,normal
2025-10-27 16:00:00,34.86,46.37,1006.51,21.63,3.41,202.4,428.0,normal
2025-10-27 16:10:00,35.41,47.47,1006.18,22.51,4.9,210.5,413.9,normal
2025-10-27 16:20:00,34.59,48.43,1006.22,22.1,4.54,202.8,331.6,normal
2025-10-27 16:30:00,34.6,47.17,1006.44,21.67,5.22,204.7,340.7,normal
2025-10-27 16:40:00,34.7,48.57,1006.05,22.24,4.64,222.3,261.1,normal
2025-10-27 16:50:00,34.58,50.49,1006.05,22.77,4.2,244.9,266.0,normal
2025-10-27 17:00:00,34.38,50.53,1005.74,22.6,3.96,196.3,217.1,normal
2025-10-27 17:10:00,33.77,50.72,1005.99,22.11,5.18,222.1,186.3,normal
2025-10-27 17:20:00,33.5,50.29,1005.55,21.72,4.89,218.5,148.0,normal
2025-10-27 17:30:00,33.87,52.65,1005.34,22.82,3.85,188.4,122.6,normal
2025-10-27 17:40:00,33.12,50.92,1005.44,21.58,4.18,234.3,48.6,normal
2025-10-27 17:50:00,32.86,53.15,1005.28,22.04,4.06,250.6,53.3,normal
2025-10-27 18:00:00,33.02,54.25,1004.79,22.53,4.65,238.0,0.0,normal
2025-10-27 18:10:00,32.77,53.38,1004.83,22.02,3.19,234.8,0.0,normal
2025-10-27 18:20:00,32.43,55.53,1004.97,22.36,3.22,227.5,0.0,normal
2025-10-27 18:30:00,32.24,56.78,1004.68,22.56,3.65,233.7,0.0,normal
2025-10-27 18:40:00,31.91,56.03,1004.38,22.03,3.6,235.7,0.0,normal
2025-10-27 18:50:00,31.5,56.35,1004.18,21.75,3.98,225.3,0.0,normal
2025-10-27 19:00:00,31.74,57.41,1004.12,22.27,3.74,204.7,0.0,normal
2025-10-27 19:10:00,31.33,58.7,1004.18,22.25,3.55,205.6,0.0,normal
2025-10-27 19:20:00,30.77,59.25,1003.58,21.88,4.72,245.7,0.0,normal
2025-10-27 19:30:00,30.51,59.98,1003.83,21.84,3.5,228.7,0.0,normal
2025-10-27 19:40:00,30.63,60.37,1003.62,22.06,4.14,227.5,0.0,normal
2025-10-27 19:50:00,30.07,60.73,1003.47,21.63,2.79,225.0,0.0,normal
2025-10-27 20:00:00,29.36,62.4,1003.4,21.41,3.33,203.1,0.0,normal
2025-10-27 20:10:00,29.92,62.83,1003.43,22.05,3.01,239.5,0.0,normal
2025-10-27 20:20:00,29.19,64.58,1003.52,21.82,2.86,228.2,0.0,normal
2025-10-27 20:30:00,29.41,64.41,1003.13,21.98,4.08,227.8,0.0,normal
2025-10-27 20:40:00,29.03,65.42,1003.36,21.87,1.68,235.4,0.0,normal
2025-10-27 20:50:00,28.47,64.08,1003.18,21.01,2.06,215.4,0.0,normal
2025-10-27 21:00:00,28.15,67.06,1003.14,21.44,2.53,226.5,0.0,normal
2025-10-27 21:10:00,28.05,69.22,1003.19,21.87,1.54,241.5,0.0,normal
2025-10-27 21:20:00,28.14,68.53,1003.33,21.79,2.37,255.1,0.0,normal
2025-10-27 21:30:00,27.59,69.09,1003.48,21.4,1.53,202.1,0.0,normal
2025-10-27 21:40:00,27.64,68.28,1003.44,21.25,1.79,222.4,0.0,normal
2025-10-27 21:50:00,26.63,70.13,1003.42,20.73,1.75,229.5,0.0,normal
2025-10-27 22:00:00,26.49,72.39,1003.29,21.11,2.13,211.9,0.0,normal
2025-10-27 22:10:00,26.16,71.23,1003.34,20.53,1.08,198.5,0.0,normal
2025-10-27 22:20:00,26.11,74.03,1003.82,21.11,0.89,197.3,0.0,normal
2025-10-27 22:30:00,26.55,73.13,1003.63,21.33,1.45,223.9,0.0,normal
2025-10-27 22:40:00,25.54,73.62,1003.95,20.47,1.28,216.8,0.0,normal
2025-10-27 22:50:00,25.54,72.82,1004.06,20.3,1.56,229.2,0.0,normal
2025-10-27 23:00:00,25.22,74.29,1004.18,20.31,1.85,199.4,0.0,normal
2025-10-27 23:10:00,25.66,75.59,1004.24,21.01,1.27,216.5,0.0,normal
2025-10-27 23:20:00,25.69,75.28,1004.48,20.98,1.43,222.5,0.0,normal
2025-10-27 23:30:00,24.99,76.46,1004.58,20.56,1.04,214.9,0.0,normal
2025-10-27 23:40:00,25.25,77.33,1004.82,20.99,1.09,229.9,0.0,normal
2025-10-27 23:50:00,24.43,77.24,1004.92,20.18,1.3,225.0,0.0,normal
2025-10-28 00:00:00,25.03,77.82,1005.07,20.88,1.41,203.3,0.0,normal
2025-10-28 00:10:00,24.7,77.95,1005.01,20.59,0.5,184.7,0.0,normal
2025-10-28 00:20:00,24.43,77.28,1005.28,20.19,0.56,219.2,0.0,normal
2025-10-28 00:30:00,24.6,78.46,1005.48,20.6,2.05,200.3,0.0,normal
2025-10-28 00:40:00,24.27,77.58,1005.49,20.1,1.17,200.3,0.0,normal
2025-10-28 00:50:00,24.26,78.86,1006.02,20.35,0.96,189.0,0.0,normal
2025-10-28 01:00:00,24.47,77.63,1005.94,20.29,0.96,173.7,0.0,normal
2025-10-28 01:10:00,24.39,80.26,1005.95,20.76,1.71,204.7,0.0,normal
2025-10-28 01:20:00,24.65,80.01,1006.32,20.97,2.92,190.6,0.0,normal
2025-10-28 01:30:00,24.28,79.37,1006.21,20.47,0.5,181.3,0.0,normal
2025-10-28 01:40:00,24.61,80.19,1006.48,20.97,0.5,180.7,0.0,normal
2025-10-28 01:50:00,23.68,80.25,1006.21,20.07,0.67,155.2,0.0,normal
2025-10-28 02:00:00,24.17,80.43,1006.44,20.58,0.5,192.2,0.0,normal
2025-10-28 02:10:00,24.0,80.42,1006.65,20.41,1.76,190.3,0.0,normal
2025-10-28 02:20:00,24.27,80.75,1006.54,20.75,1.64,168.4,0.0,normal
2025-10-28 02:30:00,24.18,79.63,1006.98,20.43,1.16,177.8,0.0,normal
2025-10-28 02:40:00,24.14,79.69,1006.87,20.4,0.94,164.1,0.0,normal
2025-10-28 02:50:00,24.72,79.86,1006.62,21.0,0.5,174.6,0.0,normal
2025-10-28 03:00:00,24.34,79.54,1006.92,20.57,0.91,219.2,0.0,normal
2025-10-28 03:10:00,24.69,79.56,1006.8,20.91,0.85,177.4,0.0,normal
2025-10-28 03:20:00,24.17,80.11,1006.79,20.52,1.43,180.8,0.0,normal
2025-10-28 03:30:00,23.69,78.88,1006.71,19.8,0.88,198.1,0.0,normal
2025-10-28 03:40:00,24.48,78.18,1006.8,20.42,1.72,162.9,0.0,normal
2025-10-28 03:50:00,24.7,78.22,1006.63,20.65,1.1,168.6,0.0,normal
2025-10-28 04:00:00,24.79,78.69,1006.34,20.82,0.5,178.9,0.0,normal
2025-10-28 04:10:00,24.85,76.6,1006.42,20.45,0.75,192.0,0.0,normal
2025-10-28 04:20:00,24.91,77.1,1006.54,20.62,0.76,151.0,0.0,normal
2025-10-28 04:30:00,25.43,76.85,1006.06,21.06,0.5,147.7,0.0,normal
2025-10-28 04:40:00,25.92,75.69,1006.23,21.29,1.99,138.5,0.0,normal
2025-10-28 04:50:00,25.67,75.47,1005.94,20.99,1.73,168.1,0.0,normal
2025-10-28 05:00:00,26.03,75.83,1005.88,21.42,1.15,137.1,0.0,normal
2025-10-28 05:10:00,25.86,75.26,1005.8,21.14,2.31,147.9,0.0,normal
2025-10-28 05:20:00,26.13,74.8,1005.74,21.29,2.24,186.4,0.0,normal
2025-10-28 05:30:00,26.46,74.65,1005.5,21.58,1.88,130.6,0.0,normal
2025-10-28 05:40:00,27.54,72.47,1005.23,22.14,2.2,144.4,0.0,normal
2025-10-28 05:50:00,26.86,71.96,1005.09,21.36,1.25,144.0,0.0,normal
2025-10-28 06:00:00,26.57,71.07,1005.05,20.88,2.52,128.9,0.0,normal
2025-10-28 06:10:00,27.33,69.41,1004.93,21.23,1.95,141.5,25.7,normal
2025-10-28 06:20:00,27.53,69.22,1004.81,21.37,2.63,136.9,50.9,normal
2025-10-28 06:30:00,27.71,68.83,1004.55,21.45,1.71,159.5,124.6,normal
2025-10-28 06:40:00,28.66,68.62,1004.38,22.31,2.01,127.1,151.0,normal
2025-10-28 06:50:00,28.8,67.58,1004.41,22.19,2.5,149.8,199.4,normal
2025-10-28 07:00:00,28.35,64.26,1004.09,20.94,1.84,158.7,237.3,normal
2025-10-28 07:10:00,29.35,66.21,1003.87,22.38,2.48,157.8,294.2,normal
2025-10-28 07:20:00,29.12,65.54,1003.61,21.99,2.0,143.3,284.4,normal
2025-10-28 07:30:00,29.39,65.17,1003.69,22.15,2.93,126.2,343.8,normal
2025-10-28 07:40:00,29.35,63.55,1003.82,21.7,3.2,156.1,359.7,normal
2025-10-28 07:50:00,29.49,63.01,1003.8,21.69,3.0,150.6,384.2,normal
2025-10-28 08:00:00,30.39,61.49,1003.31,22.14,3.78,141.4,398.7,normal
2025-10-28 08:10:00,30.61,61.58,1003.73,22.37,3.04,147.4,431.3,normal
2025-10-28 08:20:00,30.3,60.56,1003.34,21.8,2.43,142.5,531.6,normal
2025-10-28 08:30:00,30.34,60.16,1003.29,21.73,3.99,159.0,513.6,normal
2025-10-28 08:40:00,30.87,59.26,1003.22,21.99,3.38,128.4,547.4,normal
2025-10-28 08:50:00,31.33,56.83,1003.12,21.72,3.93,122.2,576.6,normal
2025-10-28 09:00:00,31.15,56.8,1003.2,21.54,4.06,145.0,582.0,normal
2025-10-28 09:10:00,32.32,59.32,1003.12,23.35,3.32,139.7,628.6,normal
2025-10-28 09:20:00,32.06,56.91,1003.34,22.43,4.17,102.8,662.5,normal
2025-10-28 09:30:00,32.55,55.94,1003.2,22.59,2.84,140.6,700.0,normal
2025-10-28 09:40:00,32.75,55.71,1003.38,22.72,3.64,155.1,712.2,normal
2025-10-28 09:50:00,33.05,53.5,1003.52,22.32,4.05,130.9,719.2,normal
2025-10-28 10:00:00,32.68,53.82,1003.32,22.08,3.37,128.0,744.1,normal
2025-10-28 10:10:00,33.27,53.52,1003.54,22.53,4.04,144.7,741.7,normal
2025-10-28 10:20:00,33.27,52.25,1003.82,22.14,3.92,148.9,788.4,normal
2025-10-28 10:30:00,33.5,50.93,1003.62,21.92,4.38,116.1,836.4,normal
2025-10-28 10:40:00,33.42,51.57,1003.94,22.06,5.11,162.3,760.2,normal
2025-10-28 10:50:00,34.32,51.94,1003.81,23.0,5.06,168.2,810.8,normal
2025-10-28 11:00:00,34.14,51.21,1004.01,22.61,4.85,147.1,821.1,normal
2025-10-28 11:10:00,34.3,49.36,1004.38,22.15,5.01,169.8,843.3,normal
2025-10-28 11:20:00,33.94,49.64,1004.67,21.91,4.3,143.0,833.7,normal
2025-10-28 11:30:00,34.7,48.67,1004.46,22.27,4.09,161.9,850.6,normal
2025-10-28 11:40:00,34.33,47.29,1004.65,21.47,3.6,169.0,844.2,normal
2025-10-28 11:50:00,34.17,48.94,1004.74,21.89,3.62,159.6,814.7,normal
2025-10-28 12:00:00,35.49,48.62,1005.08,22.98,4.53,137.6,853.9,normal
2025-10-28 12:10:00,35.39,47.92,1005.1,22.65,4.64,154.0,857.9,normal
2025-10-28 12:20:00,35.28,47.22,1005.26,22.31,4.21,166.1,836.9,normal
2025-10-28 12:30:00,35.56,47.18,1005.61,22.55,4.5,188.3,820.5,normal
2025-10-28 12:40:00,35.77,45.83,1005.63,22.26,4.63,186.9,815.9,normal
2025-10-28 12:50:00,35.7,46.51,1005.69,22.44,4.34,164.5,802.4,normal
2025-10-28 13:00:00,35.62,44.86,1006.12,21.77,4.73,185.4,842.1,normal
2025-10-28 13:10:00,35.89,45.99,1005.9,22.43,4.98,180.1,817.3,normal
2025-10-28 13:20:00,35.73,46.25,1006.28,22.37,6.03,165.8,836.4,normal
2025-10-28 13:30:00,35.8,46.08,1006.28,22.37,6.3,146.9,809.9,normal
2025-10-28 13:40:00,36.09,47.05,1006.42,22.98,5.78,187.2,766.6,normal
2025-10-28 13:50:00,35.92,44.41,1006.49,21.88,4.66,161.2,766.0,normal
2025-10-28 14:00:00,36.27,45.24,1006.67,22.49,4.54,190.8,717.6,normal
2025-10-28 14:10:00,36.24,44.72,1006.49,22.28,4.79,176.9,714.5,normal
2025-10-28 14:20:00,36.32,45.0,1006.62,22.45,5.67,208.0,683.0,normal
2025-10-28 14:30:00,35.73,44.64,1006.82,21.79,5.07,194.1,675.3,normal
2025-10-28 14:40:00,35.64,44.92,1006.99,21.81,5.68,170.1,634.2,normal
2025-10-28 14:50:00,36.37,45.36,1006.76,22.63,5.08,187.5,631.5,normal
2025-10-28 15:00:00,36.15,46.96,1006.77,23.01,5.1,188.0,589.7,normal
2025-10-28 15:10:00,35.48,44.46,1006.91,21.5,4.79,186.3,556.0,normal
2025-10-28 15:20:00,35.8,46.62,1006.98,22.57,4.99,200.9,530.6,normal
2025-10-28 15:30:00,35.62,46.99,1006.57,22.53,4.8,192.8,492.2,normal
2025-10-28 15:40:00,35.03,45.13,1006.69,21.33,4.89,204.0,442.1,normal
2025-10-28 15:50:00,35.07,47.24,1006.78,22.13,5.85,204.3,471.6,normal
2025-10-28 16:00:00,35.53,46.75,1006.61,22.37,5.33,185.4,433.7,normal
2025-10-28 16:10:00,35.28,48.13,1006.54,22.62,4.94,190.6,388.4,normal
2025-10-28 16:20:00,34.82,48.1,1006.56,22.19,3.83,188.8,352.0,normal
2025-10-28 16:30:00,34.48,48.11,1006.28,21.89,4.73,184.8,334.4,normal
2025-10-28 16:40:00,34.66,48.57,1006.24,22.2,4.21,187.6,285.7,normal
2025-10-28 16:50:00,34.51,49.43,1006.1,22.36,4.41,208.7,271.0,normal
2025-10-28 17:00:00,33.99,49.89,1006.07,22.04,5.06,207.2,250.8,normal
2025-10-28 17:10:00,33.79,51.97,1005.81,22.53,4.35,203.4,161.6,normal
2025-10-28 17:20:00,33.63,51.69,1005.36,22.29,3.42,201.3,156.4,normal
2025-10-28 17:30:00,33.41,50.07,1005.46,21.57,3.86,207.3,98.5,normal
2025-10-28 17:40:00,33.43,53.45,1005.18,22.65,3.51,212.1,80.7,normal
2025-10-28 17:50:00,32.77,53.81,1005.09,22.16,3.95,205.3,41.2,normal
2025-10-28 18:00:00,33.4,53.25,1004.94,22.57,4.65,218.2,0.0,normal
2025-10-28 18:10:00,33.35,52.89,1004.68,22.41,3.8,223.4,0.0,normal
2025-10-28 18:20:00,32.45,55.3,1004.68,22.31,4.18,178.5,0.0,normal
2025-10-28 18:30:00,32.77,56.51,1004.77,22.96,3.85,222.1,0.0,normal
2025-10-28 18:40:00,31.92,56.02,1004.52,22.04,3.85,232.3,0.0,normal
2025-10-28 18:50:00,32.12,57.32,1004.45,22.6,3.58,203.8,0.0,normal
2025-10-28 19:00:00,31.28,58.92,1004.01,22.27,3.53,203.9,0.0,normal
2025-10-28 19:10:00,31.13,59.36,1004.01,22.25,3.56,242.2,0.0,normal
2025-10-28 19:20:00,30.93,59.56,1003.97,22.12,4.21,222.9,0.0,normal
2025-10-28 19:30:00,31.25,59.89,1003.7,22.51,3.42,218.6,0.0,normal
2025-10-28 19:40:00,29.99,61.85,1003.88,21.85,3.67,225.6,0.0,normal
2025-10-28 19:50:00,29.89,62.56,1003.43,21.95,2.3,226.8,0.0,normal
2025-10-28 20:00:00,30.55,62.71,1003.24,22.61,2.54,213.1,0.0,normal
2025-10-28 20:10:00,29.71,64.76,1003.24,22.35,3.38,199.0,0.0,normal
2025-10-28 20:20:00,29.16,64.88,1003.35,21.86,2.45,184.6,0.0,normal
2025-10-28 20:30:00,29.82,63.32,1003.14,22.08,2.99,198.3,0.0,normal
2025-10-28 20:40:00,29.29,65.83,1003.21,22.23,3.26,195.2,0.0,normal
2025-10-28 20:50:00,28.96,65.39,1003.21,21.8,2.16,206.8,0.0,normal
2025-10-28 21:00:00,28.25,66.61,1003.52,21.43,2.26,219.8,0.0,normal
2025-10-28 21:10:00,27.84,68.27,1003.23,21.44,3.03,224.7,0.0,normal
2025-10-28 21:20:00,27.89,68.7,1003.01,21.59,3.09,238.3,0.0,normal
2025-10-28 21:30:00,27.93,69.97,1003.27,21.93,1.92,208.7,0.0,normal
2025-10-28 21:40:00,27.25,69.83,1003.21,21.25,1.93,202.9,0.0,normal
2025-10-28 21:50:00,27.57,68.81,1003.27,21.32,1.48,234.3,0.0,normal
2025-10-28 22:00:00,27.37,70.92,1003.4,21.62,2.54,207.5,0.0,normal
2025-10-28 22:10:00,26.49,73.28,1003.74,21.31,2.61,206.8,0.0,normal
2025-10-28 22:20:00,26.44,73.1,1003.8,21.22,2.05,198.0,0.0,normal
2025-10-28 22:30:00,26.3,74.2,1003.7,21.33,0.69,219.5,0.0,normal
2025-10-28 22:40:00,25.94,73.7,1004.17,20.88,2.59,220.1,0.0,normal
2025-10-28 22:50:00,26.23,75.54,1003.88,21.56,1.67,204.0,0.0,normal
2025-10-28 23:00:00,25.77,75.22,1004.56,21.04,3.02,233.4,0.0,normal
2025-10-28 23:10:00,25.69,75.45,1004.3,21.01,0.81,222.5,0.0,normal
2025-10-28 23:20:00,25.23,75.66,1004.39,20.61,0.81,210.0,0.0,normal
2025-10-28 23:30:00,25.34,76.45,1004.58,20.89,1.17,182.1,0.0,normal
2025-10-28 23:40:00,24.91,76.94,1004.94,20.58,1.34,227.8,0.0,normal
2025-10-28 23:50:00,24.8,75.49,1004.99,20.17,1.17,208.7,0.0,normal
2025-10-29 00:00:00,24.25,77.8,1005.28,20.12,0.5,209.1,0.0,normal
2025-10-29 00:10:00,24.63,78.06,1005.1,20.54,0.96,197.8,0.0,normal
2025-10-29 00:20:00,24.74,77.78,1005.06,20.59,1.28,208.0,0.0,normal
2025-10-29 00:30:00,24.83,79.78,1005.38,21.09,1.82,210.2,0.0,normal
2025-10-29 00:40:00,24.48,77.62,1005.56,20.3,0.53,210.0,0.0,normal
2025-10-29 00:50:00,24.33,79.09,1005.54,20.46,1.11,200.5,0.0,normal
2025-10-29 01:00:00,23.82,80.26,1005.82,20.21,1.13,200.0,0.0,normal
2025-10-29 01:10:00,24.35,79.06,1006.02,20.48,1.2,196.0,0.0,normal
2025-10-29 01:20:00,24.3,79.75,1005.98,20.57,1.74,208.3,0.0,normal
2025-10-29 01:30:00,23.85,80.78,1006.39,20.34,1.23,199.8,0.0,normal
2025-10-29 01:40:00,23.94,79.26,1006.29,20.12,1.07,177.7,0.0,normal
2025-10-29 01:50:00,24.09,79.23,1006.53,20.26,2.58,166.9,0.0,normal
2025-10-29 02:00:00,23.79,79.69,1006.63,20.06,1.24,207.9,0.0,normal
2025-10-29 02:10:00,23.56,80.16,1006.78,19.93,0.94,192.1,0.0,normal
2025-10-29 02:20:00,23.94,79.52,1006.83,20.18,1.6,168.7,0.0,normal
2025-10-29 02:30:00,24.09,80.54,1006.71,20.52,2.0,180.3,0.0,normal
2025-10-29 02:40:00,24.75,79.29,1006.75,20.91,2.11,146.7,0.0,normal
2025-10-29 02:50:00,23.84,80.31,1006.85,20.23,1.9,173.5,0.0,normal
2025-10-29 03:00:00,24.14,79.34,1007.14,20.33,0.69,133.4,0.0,normal
2025-10-29 03:10:00,24.53,77.76,1006.73,20.39,1.7,151.8,0.0,normal
2025-10-29 03:20:00,23.92,79.97,1006.8,20.25,1.27,155.9,0.0,normal
2025-10-29 03:30:00,24.69,78.38,1006.75,20.67,1.58,176.9,0.0,normal
2025-10-29 03:40:00,24.62,78.19,1006.49,20.56,1.5,146.2,0.0,normal
2025-10-29 03:50:00,24.81,77.8,1006.68,20.66,1.39,171.6,0.0,normal
2025-10-29 04:00:00,24.83,76.82,1006.63,20.48,1.51,153.4,0.0,normal
2025-10-29 04:10:00,24.54,77.47,1006.69,20.33,1.37,150.5,0.0,normal
2025-10-29 04:20:00,25.15,77.13,1006.16,20.85,1.65,135.5,0.0,normal
2025-10-29 04:30:00,24.62,75.92,1006.39,20.08,0.5,142.1,0.0,normal
2025-10-29 04:40:00,25.82,76.22,1006.18,21.31,1.94,141.4,0.0,normal
2025-10-29 04:50:00,25.31,75.96,1005.97,20.76,1.72,139.0,0.0,normal
2025-10-29 05:00:00,25.73,74.35,1006.0,20.81,0.96,176.7,0.0,normal
2025-10-29 05:10:00,25.59,73.87,1005.89,20.57,1.46,140.1,0.0,normal
2025-10-29 05:20:00,25.74,72.09,1005.66,20.32,1.88,153.8,0.0,normal
2025-10-29 05:30:00,26.8,74.09,1005.6,21.78,1.46,159.1,0.0,normal
2025-10-29 05:40:00,26.24,72.46,1005.43,20.88,1.96,166.9,0.0,normal
2025-10-29 05:50:00,26.74,71.78,1005.1,21.21,2.37,140.6,0.0,normal
2025-10-29 06:00:00,27.22,70.77,1005.0,21.44,2.68,126.4,0.0,normal
2025-10-29 06:10:00,26.73,69.68,1004.93,20.71,3.11,181.7,54.1,normal
2025-10-29 06:20:00,27.32,69.07,1004.58,21.13,2.74,132.9,79.7,normal
2025-10-29 06:30:00,28.27,70.53,1004.68,22.39,2.36,135.3,116.1,normal
2025-10-29 06:40:00,27.7,69.97,1004.37,21.71,2.09,126.4,127.8,normal
2025-10-29 06:50:00,28.54,67.81,1004.18,22.0,2.19,145.9,182.5,normal
2025-10-29 07:00:00,28.36,67.75,1003.91,21.81,2.28,139.4,177.7,normal
2025-10-29 07:10:00,28.73,67.75,1003.82,22.17,2.21,170.5,255.9,normal
2025-10-29 07:20:00,28.8,66.51,1004.27,21.92,2.39,148.6,296.3,normal
2025-10-29 07:30:00,29.33,64.15,1003.93,21.84,2.83,137.5,296.9,normal
2025-10-29 07:40:00,29.46,65.97,1003.73,22.42,3.03,140.0,337.9,normal
2025-10-29 07:50:00,29.68,63.38,1003.38,21.97,3.62,136.6,389.6,normal
2025-10-29 08:00:00,30.2,62.32,1003.58,22.18,3.08,152.9,420.1,normal
2025-10-29 08:10:00,30.51,60.92,1003.45,22.1,4.16,106.9,455.3,normal
2025-10-29 08:20:00,30.93,60.25,1003.23,22.31,3.44,139.6,465.8,normal
2025-10-29 08:30:00,30.68,60.27,1003.43,22.08,3.76,120.2,569.1,normal
2025-10-29 08:40:00,30.87,60.46,1003.1,22.31,3.74,123.3,591.5,normal
2025-10-29 08:50:00,31.29,56.87,1003.41,21.69,3.11,140.8,568.9,normal
2025-10-29 09:00:00,31.16,57.29,1003.22,21.69,3.78,121.0,593.6,normal
2025-10-29 09:10:00,31.64,57.91,1003.26,22.32,3.48,138.6,634.4,normal
2025-10-29 09:20:00,31.91,56.37,1003.19,22.13,3.17,162.6,659.0,normal
2025-10-29 09:30:00,32.51,55.29,1003.0,22.36,3.32,133.5,672.8,normal
2025-10-29 09:40:00,32.14,53.67,1003.2,21.54,4.73,159.9,692.9,normal
2025-10-29 09:50:00,33.0,54.94,1003.27,22.71,3.29,138.4,718.5,normal
2025-10-29 10:00:00,32.37,53.29,1003.49,21.63,3.6,158.2,756.1,normal
2025-10-29 10:10:00,32.99,53.61,1003.55,22.3,4.19,130.1,750.2,normal
2025-10-29 10:20:00,33.8,52.31,1003.2,22.65,4.31,145.1,756.5,normal
2025-10-29 10:30:00,33.68,51.99,1003.5,22.43,4.94,168.8,811.7,normal
2025-10-29 10:40:00,33.41,51.86,1003.86,22.14,4.19,150.0,800.9,normal
2025-10-29 10:50:00,33.79,49.75,1004.18,21.81,3.84,131.9,839.8,normal
2025-10-29 11:00:00,34.46,50.46,1004.27,22.65,4.24,149.0,841.1,normal
2025-10-29 11:10:00,34.75,47.99,1003.99,22.09,4.28,151.1,823.5,normal
2025-10-29 11:20:00,34.43,49.75,1004.39,22.39,5.74,160.4,805.2,normal
2025-10-29 11:30:00,35.05,47.85,1004.45,22.32,5.09,131.8,833.0,normal
2025-10-29 11:40:00,34.94,49.97,1004.78,22.93,5.44,156.2,837.3,normal
2025-10-29 11:50:00,35.08,46.11,1004.66,21.73,4.43,149.7,855.1,normal
2025-10-29 12:00:00,35.46,47.25,1005.12,22.48,4.9,159.1,830.8,normal
2025-10-29 12:10:00,35.21,46.53,1005.05,22.0,5.27,163.7,833.9,normal
2025-10-29 12:20:00,35.54,47.53,1005.21,22.65,5.57,182.7,831.1,normal
2025-10-29 12:30:00,35.31,46.4,1005.48,22.04,4.59,177.2,874.0,normal
2025-10-29 12:40:00,35.32,46.74,1005.7,22.17,4.54,163.8,865.5,normal
2025-10-29 12:50:00,36.04,46.11,1005.77,22.6,3.51,165.8,849.1,normal
2025-10-29 13:00:00,35.8,45.8,1005.92,22.28,4.42,184.4,826.0,normal
2025-10-29 13:10:00,35.93,45.45,1005.98,22.27,5.19,171.4,811.2,normal
2025-10-29 13:20:00,35.72,45.35,1006.1,22.04,3.96,154.2,816.0,normal
2025-10-29 13:30:00,36.08,44.22,1006.49,21.96,4.35,171.9,760.5,normal
2025-10-29 13:40:00,35.54,43.37,1006.45,21.15,4.62,181.7,739.8,normal
2025-10-29 13:50:00,35.9,44.09,1006.48,21.74,4.83,181.9,758.2,normal
2025-10-29 14:00:00,36.12,45.23,1006.52,22.36,5.05,196.1,738.4,normal
2025-10-29 14:10:00,35.61,44.5,1006.3,21.63,5.75,195.2,684.9,normal
2025-10-29 14:20:00,36.27,45.69,1006.67,22.66,4.65,228.3,714.1,normal
2025-10-29 14:30:00,35.92,44.9,1006.69,22.06,6.72,193.7,695.2,normal
2025-10-29 14:40:00,35.7,44.6,1006.73,21.75,4.64,198.4,687.6,normal
2025-10-29 14:50:00,35.47,44.68,1006.74,21.57,5.28,192.4,603.8,normal
2025-10-29 15:00:00,35.85,45.96,1006.98,22.38,4.13,185.2,602.4,normal
2025-10-29 15:10:00,35.32,45.98,1006.72,21.91,4.86,186.6,565.6,normal
2025-10-29 15:20:00,35.66,45.24,1006.72,21.95,4.38,179.0,559.6,normal
2025-10-29 15:30:00,35.78,47.05,1006.76,22.7,5.16,185.0,524.1,normal
2025-10-29 15:40:00,35.6,47.05,1006.6,22.54,5.04,168.5,516.4,normal
2025-10-29 15:50:00,35.48,47.42,1006.69,22.56,4.68,195.4,461.8,normal
2025-10-29 16:00:00,35.06,47.42,1006.74,22.18,4.3,195.7,459.3,normal
2025-10-29 16:10:00,35.37,47.51,1006.18,22.49,4.97,193.5,373.4,normal
2025-10-29 16:20:00,34.7,48.97,1006.38,22.38,4.73,186.4,345.5,normal
2025-10-29 16:30:00,34.93,48.08,1006.16,22.29,4.01,213.7,337.8,normal
2025-10-29 16:40:00,34.94,48.58,1006.16,22.47,3.86,214.6,286.2,normal
2025-10-29 16:50:00,34.57,49.98,1006.37,22.6,4.16,217.2,271.7,normal
2025-10-29 17:00:00,33.82,50.83,1005.61,22.19,3.91,200.1,225.4,normal
2025-10-29 17:10:00,34.3,52.17,1005.75,23.06,3.59,212.4,190.7,normal
2025-10-29 17:20:00,34.07,51.5,1005.6,22.63,3.44,205.3,166.8,normal
2025-10-29 17:30:00,33.41,51.88,1005.64,22.15,4.18,214.3,133.1,normal
2025-10-29 17:40:00,32.95,52.55,1005.29,21.94,4.29,206.7,101.1,normal
2025-10-29 17:50:00,33.21,51.82,1005.32,21.95,3.73,208.2,48.4,normal
2025-10-29 18:00:00,33.04,52.87,1004.87,22.12,4.21,208.9,0.0,normal
2025-10-29 18:10:00,32.8,53.7,1004.56,22.15,3.96,206.8,0.0,normal
2025-10-29 18:20:00,32.77,54.25,1004.85,22.3,3.83,208.3,0.0,normal
2025-10-29 18:30:00,32.21,54.66,1004.58,21.89,4.17,233.3,0.0,normal
2025-10-29 18:40:00,31.61,55.9,1004.32,21.71,3.68,226.9,0.0,normal
2025-10-29 18:50:00,31.38,57.83,1004.15,22.06,3.27,204.2,0.0,normal
2025-10-29 19:00:00,31.7,58.35,1004.08,22.5,2.93,203.0,0.0,normal
2025-10-29 19:10:00,31.43,60.22,1003.97,22.77,3.64,204.8,0.0,normal
2025-10-29 19:20:00,31.09,59.05,1003.93,22.13,3.18,214.4,0.0,normal
2025-10-29 19:30:00,30.67,59.44,1003.57,21.85,3.45,226.4,0.0,normal
2025-10-29 19:40:00,30.47,60.73,1003.66,22.01,3.83,194.4,0.0,normal
2025-10-29 19:50:00,30.07,63.46,1003.83,22.36,3.07,203.4,0.0,normal
2025-10-29 20:00:00,30.15,62.67,1003.23,22.23,3.46,196.0,0.0,normal
2025-10-29 20:10:00,29.9,63.08,1003.12,22.09,3.13,222.5,0.0,normal
2025-10-29 20:20:00,29.41,64.17,1003.28,21.92,3.47,217.5,0.0,normal
2025-10-29 20:30:00,29.4,65.1,1003.12,22.14,3.57,250.6,0.0,normal
2025-10-29 20:40:00,29.06,65.39,1003.42,21.89,2.92,201.7,0.0,normal
2025-10-29 20:50:00,28.5,65.15,1002.97,21.3,1.98,239.1,0.0,normal
2025-10-29 21:00:00,28.55,66.65,1003.3,21.72,2.15,245.0,0.0,normal
2025-10-29 21:10:00,28.37,69.02,1003.18,22.12,2.72,242.6,0.0,normal
2025-10-29 21:20:00,27.41,69.34,1003.11,21.29,2.77,224.5,0.0,normal
2025-10-29 21:30:00,27.74,68.95,1003.59,21.51,2.4,206.2,0.0,normal
2025-10-29 21:40:00,27.51,69.92,1003.63,21.52,2.8,216.8,0.0,normal
2025-10-29 21:50:00,26.81,69.84,1003.46,20.83,2.07,206.9,0.0,normal
2025-10-29 22:00:00,27.13,69.79,1003.42,21.13,2.34,216.9,0.0,normal
2025-10-29 22:10:00,26.67,72.4,1003.72,21.29,1.13,204.3,0.0,normal
2025-10-29 22:20:00,26.59,72.46,1003.49,21.22,1.83,184.7,0.0,normal
2025-10-29 22:30:00,26.51,74.25,1003.6,21.54,1.92,214.6,0.0,normal
2025-10-29 22:40:00,26.31,74.14,1003.8,21.33,1.95,228.6,0.0,normal
2025-10-29 22:50:00,25.88,75.06,1004.03,21.11,1.36,209.7,0.0,normal
2025-10-29 23:00:00,25.64,74.9,1004.12,20.85,1.29,208.5,0.0,normal
2025-10-29 23:10:00,25.87,75.04,1004.33,21.1,1.31,219.0,0.0,normal
2025-10-29 23:20:00,24.94,75.01,1004.55,20.2,1.79,216.0,0.0,normal
2025-10-29 23:30:00,25.29,76.01,1004.38,20.75,1.66,217.6,0.0,normal
2025-10-29 23:40:00,25.8,75.83,1004.44,21.2,1.75,214.2,0.0,normal
2025-10-29 23:50:00,25.09,76.21,1004.65,20.6,1.38,186.8,0.0,normal
2025-10-30 00:00:00,24.86,79.05,1005.1,20.97,1.08,180.9,0.0,normal
2025-10-30 00:10:00,24.92,78.57,1005.47,20.93,1.35,180.5,0.0,normal
2025-10-30 00:20:00,24.79,77.88,1005.27,20.66,0.71,203.3,0.0,normal
2025-10-30 00:30:00,23.99,77.88,1005.69,19.89,1.11,168.5,0.0,normal
2025-10-30 00:40:00,24.61,81.0,1005.89,21.12,0.66,198.0,0.0,normal
2025-10-30 00:50:00,24.08,78.6,1005.86,20.12,1.28,168.2,0.0,normal
2025-10-30 01:00:00,24.39,79.44,1005.65,20.6,0.76,188.8,0.0,normal
2025-10-30 01:10:00,24.43,80.93,1005.9,20.94,0.6,203.3,0.0,normal
2025-10-30 01:20:00,24.96,79.61,1006.15,21.18,0.84,170.7,0.0,normal
2025-10-30 01:30:00,24.22,80.28,1006.26,20.6,1.04,153.0,0.0,normal
2025-10-30 01:40:00,23.91,79.68,1006.24,20.18,1.95,199.2,0.0,normal
2025-10-30 01:50:00,23.99,81.14,1006.28,20.55,0.5,165.4,0.0,normal
2025-10-30 02:00:00,24.57,78.86,1006.23,20.65,0.93,201.8,0.0,normal
2025-10-30 02:10:00,24.23,79.29,1006.62,20.41,1.27,175.0,0.0,normal
2025-10-30 02:20:00,24.49,80.5,1006.97,20.91,1.77,174.2,0.0,normal
2025-10-30 02:30:00,24.7,81.33,1006.49,21.28,0.75,189.7,0.0,normal
2025-10-30 02:40:00,24.06,79.52,1006.82,20.29,1.16,169.6,0.0,normal
2025-10-30 02:50:00,24.17,79.13,1006.49,20.32,1.08,171.9,0.0,normal
2025-10-30 03:00:00,24.32,80.42,1006.75,20.72,0.63,177.6,0.0,normal
2025-10-30 03:10:00,23.75,78.01,1006.77,19.68,0.84,165.8,0.0,normal
2025-10-30 03:20:00,23.94,78.02,1006.82,19.87,0.57,153.1,0.0,normal
2025-10-30 03:30:00,24.12,79.55,1006.67,20.36,0.98,175.0,0.0,normal
2025-10-30 03:40:00,24.72,78.84,1006.69,20.79,0.68,141.2,0.0,normal
2025-10-30 03:50:00,24.75,77.43,1006.84,20.53,1.13,153.8,0.0,normal
2025-10-30 04:00:00,24.92,78.5,1006.44,20.92,1.35,173.8,0.0,normal
2025-10-30 04:10:00,24.82,77.35,1006.65,20.57,1.08,162.1,0.0,normal
2025-10-30 04:20:00,24.52,77.88,1006.64,20.4,1.32,149.3,0.0,normal
2025-10-30 04:30:00,25.76,74.57,1006.46,20.89,1.14,154.9,0.0,normal
2025-10-30 04:40:00,25.38,76.39,1006.03,20.91,1.65,140.1,0.0,normal
2025-10-30 04:50:00,25.67,76.76,1005.94,21.28,0.5,148.6,0.0,normal
2025-10-30 05:00:00,25.07,74.93,1006.02,20.3,1.74,135.8,0.0,normal
2025-10-30 05:10:00,25.55,74.28,1005.85,20.62,2.41,162.4,0.0,normal
2025-10-30 05:20:00,26.78,74.38,1005.64,21.83,2.2,140.9,0.0,normal
2025-10-30 05:30:00,26.6,72.8,1005.55,21.3,1.99,160.7,0.0,normal
2025-10-30 05:40:00,26.68,71.42,1005.16,21.07,2.5,165.0,0.0,normal
2025-10-30 05:50:00,27.01,71.92,1005.17,21.5,1.95,140.0,0.0,normal
2025-10-30 06:00:00,27.43,72.42,1004.97,22.02,2.11,147.3,1.5,normal
2025-10-30 06:10:00,27.12,70.36,1004.67,21.25,2.26,142.1,64.2,normal
2025-10-30 06:20:00,27.59,69.74,1004.63,21.55,3.25,138.8,117.2,normal
2025-10-30 06:30:00,27.94,69.92,1004.68,21.93,1.67,150.9,96.3,normal
2025-10-30 06:40:00,28.19,68.42,1004.47,21.82,1.99,152.8,140.4,normal
2025-10-30 06:50:00,27.98,67.48,1004.3,21.39,2.08,148.0,191.4,normal
2025-10-30 07:00:00,28.41,66.59,1004.1,21.58,1.73,144.3,216.3,normal
2025-10-30 07:10:00,28.59,64.77,1004.17,21.29,2.76,106.6,240.9,normal
2025-10-30 07:20:00,29.17,65.89,1003.75,22.13,2.16,128.3,307.2,normal
2025-10-30 07:30:00,29.66,65.18,1003.55,22.41,2.9,151.0,338.9,normal
2025-10-30 07:40:00,29.36,63.31,1003.48,21.65,3.0,177.9,336.2,normal
2025-10-30 07:50:00,29.7,64.22,1003.48,22.21,3.62,135.6,400.9,normal
2025-10-30 08:00:00,29.85,62.8,1003.4,21.98,1.96,141.8,459.2,normal
2025-10-30 08:10:00,29.99,61.37,1003.27,21.73,2.69,136.9,436.6,normal
2025-10-30 08:20:00,31.05,60.89,1003.41,22.59,2.53,105.2,487.6,normal
2025-10-30 08:30:00,31.35,59.67,1003.29,22.55,2.31,146.8,520.4,normal
2025-10-30 08:40:00,30.89,57.78,1003.02,21.59,3.42,171.1,524.3,normal
2025-10-30 08:50:00,30.8,59.21,1003.0,21.9,4.23,161.5,560.9,normal
2025-10-30 09:00:00,31.93,58.16,1003.31,22.66,2.6,145.7,604.4,normal
2025-10-30 09:10:00,32.06,54.83,1002.96,21.81,3.7,156.6,650.1,normal
2025-10-30 09:20:00,31.91,55.59,1003.02,21.9,3.8,145.3,626.9,normal
2025-10-30 09:30:00,32.09,54.51,1003.19,21.74,3.22,130.2,712.5,normal
2025-10-30 09:40:00,32.3,56.37,1003.34,22.5,4.44,146.9,699.4,normal
2025-10-30 09:50:00,33.26,54.52,1003.21,22.83,4.07,138.2,730.8,normal
2025-10-30 10:00:00,33.02,52.46,1003.55,21.97,4.08,139.4,740.2,normal
2025-10-30 10:10:00,33.54,53.13,1003.22,22.66,4.14,167.1,737.1,normal
2025-10-30 10:20:00,33.62,51.48,1003.5,22.21,4.14,127.9,766.1,normal
2025-10-30 10:30:00,33.64,53.16,1003.82,22.76,3.79,154.9,769.8,normal
2025-10-30 10:40:00,33.55,52.11,1003.81,22.35,4.65,163.9,811.7,normal
2025-10-30 10:50:00,33.39,50.0,1003.93,21.52,3.69,147.3,808.5,normal
2025-10-30 11:00:00,33.99,50.41,1004.25,22.21,4.29,144.9,818.7,normal
2025-10-30 11:10:00,34.06,49.68,1004.27,22.03,5.07,161.0,807.7,normal
2025-10-30 11:20:00,34.5,50.15,1004.33,22.59,4.75,142.3,846.5,normal
2025-10-30 11:30:00,34.89,48.26,1004.48,22.32,4.41,137.3,804.6,normal
2025-10-30 11:40:00,34.97,47.46,1004.68,22.11,4.5,149.4,851.8,normal
2025-10-30 11:50:00,35.36,47.85,1004.82,22.6,4.19,148.0,842.2,normal
2025-10-30 12:00:00,35.49,45.69,1004.87,21.95,4.34,154.4,839.4,normal
2025-10-30 12:10:00,35.24,47.09,1005.14,22.22,4.78,182.7,843.1,normal
2025-10-30 12:20:00,35.41,45.21,1005.1,21.71,4.81,148.2,851.9,normal
2025-10-30 12:30:00,35.83,47.61,1005.2,22.94,5.01,167.5,826.6,normal
2025-10-30 12:40:00,35.67,45.94,1005.74,22.21,4.19,126.4,801.3,normal
2025-10-30 12:50:00,35.51,44.58,1005.75,21.57,4.74,163.5,797.2,normal
2025-10-30 13:00:00,36.31,46.14,1005.67,22.86,4.91,184.4,777.5,normal
2025-10-30 13:10:00,35.61,45.87,1006.0,22.13,6.13,183.3,843.6,normal
2025-10-30 13:20:00,35.41,46.05,1005.9,22.01,6.05,190.6,824.6,normal
2025-10-30 13:30:00,36.12,45.0,1006.15,22.27,5.62,175.9,797.6,normal
2025-10-30 13:40:00,36.12,44.82,1006.57,22.21,5.59,168.4,762.5,normal
2025-10-30 13:50:00,36.38,44.6,1006.79,22.36,4.91,180.2,747.7,normal
2025-10-30 14:00:00,36.2,43.0,1006.55,21.6,5.85,172.8,772.8,normal
2025-10-30 14:10:00,36.1,45.41,1006.47,22.41,5.81,194.0,707.9,normal
2025-10-30 14:20:00,35.24,44.97,1006.74,21.47,4.6,202.5,717.8,normal
2025-10-30 14:30:00,36.14,47.08,1007.07,23.04,5.3,194.9,663.7,normal
2025-10-30 14:40:00,36.26,45.16,1006.77,22.46,4.69,156.0,641.9,normal
2025-10-30 14:50:00,35.97,45.99,1006.64,22.5,5.3,190.6,631.1,normal
2025-10-30 15:00:00,36.03,46.19,1006.92,22.62,5.33,159.0,577.0,normal
2025-10-30 15:10:00,35.84,46.05,1006.88,22.4,5.36,191.9,619.7,normal
2025-10-30 15:20:00,36.33,45.54,1006.72,22.66,4.55,199.8,560.2,normal
2025-10-30 15:30:00,35.51,45.08,1006.66,21.76,4.45,181.8,515.2,normal
2025-10-30 15:40:00,35.34,47.01,1006.78,22.29,4.72,191.4,484.4,normal
2025-10-30 15:50:00,34.93,46.7,1006.61,21.81,5.27,181.3,464.2,normal
2025-10-30 16:00:00,35.14,46.53,1006.54,21.94,5.81,182.6,434.3,normal
2025-10-30 16:10:00,35.34,48.75,1006.72,22.89,5.08,204.3,385.4,normal
2025-10-30 16:20:00,34.79,47.61,1006.3,21.99,3.77,193.7,409.9,normal
2025-10-30 16:30:00,34.96,48.17,1006.22,22.34,4.45,206.9,348.0,normal
2025-10-30 16:40:00,34.19,49.54,1006.21,22.11,4.78,206.0,275.8,normal
2025-10-30 16:50:00,34.78,48.97,1006.17,22.45,4.48,214.9,241.7,normal
2025-10-30 17:00:00,34.39,49.57,1006.21,22.29,5.57,194.6,162.4,normal
2025-10-30 17:10:00,34.15,50.57,1005.56,22.41,4.06,212.6,161.2,normal
2025-10-30 17:20:00,34.32,51.0,1005.61,22.7,3.96,210.2,114.5,normal
2025-10-30 17:30:00,33.76,52.79,1005.61,22.76,4.22,192.6,52.3,normal
2025-10-30 17:40:00,33.01,51.95,1005.2,21.81,3.69,201.4,20.2,normal
2025-10-30 17:50:00,32.99,52.48,1005.12,21.96,4.26,194.1,28.1,normal
2025-10-30 18:00:00,33.5,53.36,1005.13,22.69,4.21,220.5,15.2,normal
2025-10-30 18:10:00,33.23,56.03,1004.37,23.25,3.97,236.8,0.0,normal
2025-10-30 18:20:00,32.51,55.21,1004.71,22.34,4.95,181.5,0.0,normal
2025-10-30 18:30:00,31.76,56.14,1004.67,21.92,3.36,209.6,0.0,normal
2025-10-30 18:40:00,31.81,57.45,1004.4,22.35,4.48,216.4,0.0,normal
2025-10-30 18:50:00,31.4,57.11,1004.35,21.87,2.87,209.5,0.0,normal
2025-10-30 19:00:00,31.34,57.99,1003.92,22.06,3.27,228.4,0.0,normal
2025-10-30 19:10:00,30.97,60.02,1004.0,22.28,3.69,212.8,0.0,normal
2025-10-30 19:20:00,31.02,59.73,1003.79,22.25,2.28,248.1,0.0,normal
2025-10-30 19:30:00,30.79,60.64,1004.18,22.28,2.68,213.1,0.0,normal
2025-10-30 19:40:00,30.33,61.24,1003.68,22.01,3.35,207.9,0.0,normal
2025-10-30 19:50:00,30.7,62.35,1003.4,22.66,2.79,227.6,0.0,normal
2025-10-30 20:00:00,29.85,61.69,1003.59,21.68,2.39,225.3,0.0,normal
2025-10-30 20:10:00,29.69,63.21,1003.4,21.93,2.29,230.1,0.0,normal
2025-10-30 20:20:00,29.08,63.43,1003.3,21.41,2.21,247.9,0.0,normal
2025-10-30 20:30:00,29.51,63.3,1003.46,21.79,2.86,227.0,0.0,normal
2025-10-30 20:40:00,29.32,64.8,1003.22,21.99,1.65,223.3,0.0,normal
2025-10-30 20:50:00,28.29,66.22,1003.4,21.37,2.91,215.0,0.0,normal
2025-10-30 21:00:00,28.53,65.56,1002.82,21.43,3.0,225.7,0.0,normal
2025-10-30 21:10:00,28.47,66.41,1003.4,21.59,2.38,228.4,0.0,normal
2025-10-30 21:20:00,27.82,67.62,1003.36,21.27,2.07,214.4,0.0,normal
2025-10-30 21:30:00,28.04,69.23,1003.2,21.86,2.4,214.3,0.0,normal
2025-10-30 21:40:00,27.84,69.83,1003.2,21.81,2.28,208.2,0.0,normal
2025-10-30 21:50:00,27.21,70.53,1003.43,21.37,2.19,237.4,0.0,normal
2025-10-30 22:00:00,27.33,70.63,1003.25,21.51,2.22,201.4,0.0,normal
2025-10-30 22:10:00,26.95,72.61,1003.7,21.6,2.01,207.4,0.0,normal
2025-10-30 22:20:00,26.49,73.37,1003.8,21.33,1.41,239.8,0.0,normal
2025-10-30 22:30:00,25.97,73.79,1003.82,20.92,3.2,211.4,0.0,normal
2025-10-30 22:40:00,26.42,74.58,1003.78,21.53,1.62,220.1,0.0,normal
2025-10-30 22:50:00,26.13,75.63,1004.17,21.47,2.05,211.7,0.0,normal
2025-10-30 23:00:00,26.2,74.61,1004.32,21.32,1.21,192.4,0.0,normal
2025-10-30 23:10:00,25.59,75.7,1004.07,20.97,1.13,207.9,0.0,normal
2025-10-30 23:20:00,25.22,75.7,1004.42,20.61,2.09,215.8,0.0,normal
2025-10-30 23:30:00,25.47,77.36,1004.85,21.21,1.92,204.0,0.0,normal
2025-10-30 23:40:00,24.75,76.23,1004.48,20.27,2.51,230.5,0.0,normal
2025-10-30 23:50:00,25.06,77.16,1004.86,20.77,0.97,192.8,0.0,normal
2025-10-31 00:00:00,24.75,77.42,1004.9,20.52,0.82,199.3,0.0,normal
2025-10-31 00:10:00,24.52,77.04,1005.36,20.23,2.02,203.7,0.0,normal
2025-10-31 00:20:00,24.49,78.53,1004.99,20.5,1.49,191.3,0.0,normal
2025-10-31 00:30:00,24.02,79.09,1005.51,20.16,0.62,172.9,0.0,normal
2025-10-31 00:40:00,24.75,78.97,1005.45,20.84,2.15,169.5,0.0,normal
2025-10-31 00:50:00,24.58,78.62,1005.78,20.61,0.56,196.2,0.0,normal
2025-10-31 01:00:00,24.12,79.19,1006.15,20.28,0.97,184.4,0.0,normal
2025-10-31 01:10:00,24.23,79.77,1006.11,20.51,1.07,183.2,0.0,normal
2025-10-31 01:20:00,24.57,80.78,1006.11,21.04,1.17,176.0,0.0,normal
2025-10-31 01:30:00,23.87,79.05,1006.49,20.01,0.5,186.0,0.0,normal
2025-10-31 01:40:00,24.0,79.89,1006.42,20.31,0.5,184.3,0.0,normal
2025-10-31 01:50:00,24.39,79.52,1006.43,20.61,0.62,174.8,0.0,normal
2025-10-31 02:00:00,23.59,80.07,1006.67,19.94,0.95,185.0,0.0,normal
2025-10-31 02:10:00,24.61,79.51,1006.73,20.83,1.0,206.4,0.0,normal
2025-10-31 02:20:00,23.39,79.02,1006.62,19.53,0.96,157.8,0.0,normal
2025-10-31 02:30:00,23.79,78.94,1006.68,19.91,1.79,173.9,0.0,normal
2025-10-31 02:40:00,23.51,79.32,1006.62,19.72,1.54,184.6,0.0,normal
2025-10-31 02:50:00,24.65,78.48,1007.08,20.65,1.4,195.0,0.0,normal
2025-10-31 03:00:00,24.18,77.94,1006.6,20.08,1.28,179.9,0.0,normal
2025-10-31 03:10:00,24.78,79.51,1006.59,20.99,0.95,161.6,0.0,normal
2025-10-31 03:20:00,24.21,78.03,1006.85,20.13,1.35,160.3,0.0,normal
2025-10-31 03:30:00,24.27,78.35,1006.82,20.25,1.17,183.0,0.0,normal
2025-10-31 03:40:00,24.5,79.02,1006.76,20.61,2.06,159.6,0.0,normal
2025-10-31 03:50:00,24.8,78.41,1006.68,20.78,1.62,141.8,0.0,normal
2025-10-31 04:00:00,24.7,77.55,1006.64,20.51,1.62,184.2,0.0,normal
2025-10-31 04:10:00,25.19,78.21,1006.27,21.12,1.11,165.1,0.0,normal
2025-10-31 04:20:00,25.32,76.01,1006.59,20.78,1.89,140.0,0.0,normal
2025-10-31 04:30:00,25.27,77.48,1006.22,21.04,1.09,143.4,0.0,normal
2025-10-31 04:40:00,25.32,77.35,1006.25,21.06,1.52,157.2,0.0,normal
2025-10-31 04:50:00,25.35,76.33,1006.09,20.87,1.25,139.9,0.0,normal
2025-10-31 05:00:00,25.83,74.62,1005.75,20.97,2.3,182.2,0.0,normal
2025-10-31 05:10:00,25.57,73.43,1005.5,20.46,2.23,158.9,0.0,normal
2025-10-31 05:20:00,25.95,73.11,1005.69,20.75,1.98,145.7,0.0,normal
2025-10-31 05:30:00,26.27,70.81,1005.21,20.53,2.23,147.1,0.0,normal
2025-10-31 05:40:00,26.62,73.07,1005.42,21.39,1.64,160.3,0.0,normal
2025-10-31 05:50:00,26.74,72.49,1005.42,21.37,1.9,121.4,0.0,normal
2025-10-31 06:00:00,27.05,71.42,1005.12,21.42,2.16,145.2,0.0,normal
2025-10-31 06:10:00,27.72,69.53,1004.72,21.63,2.84,152.4,21.4,normal
2025-10-31 06:20:00,27.6,70.98,1004.98,21.85,2.53,128.9,45.4,normal
2025-10-31 06:30:00,27.84,69.14,1004.53,21.65,2.65,131.7,126.2,normal
2025-10-31 06:40:00,27.84,67.57,1004.01,21.27,1.89,131.7,147.2,normal
2025-10-31 06:50:00,27.97,67.79,1004.32,21.45,2.44,137.7,213.9,normal
2025-10-31 07:00:00,28.52,66.31,1003.92,21.61,2.65,136.6,251.9,normal
2025-10-31 07:10:00,28.74,65.92,1003.83,21.72,2.67,125.4,232.9,normal
2025-10-31 07:20:00,29.16,64.93,1004.15,21.88,1.85,138.1,279.4,normal
2025-10-31 07:30:00,29.41,64.08,1003.82,21.9,3.21,130.8,303.7,normal
2025-10-31 07:40:00,29.97,64.64,1003.49,22.57,2.39,156.2,353.7,normal
2025-10-31 07:50:00,29.37,64.59,1003.51,21.98,2.35,162.8,441.3,normal
2025-10-31 08:00:00,30.43,60.83,1003.72,21.99,3.45,129.6,433.5,normal
2025-10-31 08:10:00,30.6,62.28,1003.47,22.55,2.75,146.8,459.2,normal
2025-10-31 08:20:00,30.75,61.15,1003.41,22.38,3.14,134.8,445.6,normal
2025-10-31 08:30:00,30.68,59.42,1003.48,21.85,2.53,126.6,529.2,normal
2025-10-31 08:40:00,31.0,59.21,1003.43,22.09,3.29,161.5,557.3,normal
2025-10-31 08:50:00,31.68,59.16,1003.36,22.71,4.0,155.0,582.8,normal
2025-10-31 09:00:00,31.9,58.23,1003.32,22.66,4.06,152.1,593.8,normal
2025-10-31 09:10:00,31.77,57.17,1003.18,22.23,2.88,135.1,619.1,normal
2025-10-31 09:20:00,32.05,57.25,1003.01,22.51,5.38,146.9,666.5,normal
2025-10-31 09:30:00,32.54,55.84,1003.25,22.55,3.25,149.5,678.9,normal
2025-10-31 09:40:00,32.5,55.18,1003.34,22.33,3.87,130.9,699.8,normal
2025-10-31 09:50:00,33.26,53.94,1003.51,22.65,3.78,151.8,702.4,normal
2025-10-31 10:00:00,32.89,54.11,1003.45,22.36,4.5,177.7,747.9,normal
2025-10-31 10:10:00,33.09,52.66,1003.59,22.1,3.83,155.7,749.2,normal
2025-10-31 10:20:00,32.88,53.76,1003.82,22.24,3.92,149.6,742.9,normal
2025-10-31 10:30:00,33.76,52.85,1003.74,22.78,3.79,138.0,803.8,normal
2025-10-31 10:40:00,34.07,50.14,1003.96,22.19,3.79,139.7,820.5,normal
2025-10-31 10:50:00,33.63,50.71,1003.87,21.98,4.2,143.2,810.1,normal
2025-10-31 11:00:00,34.34,50.35,1004.25,22.51,4.52,140.3,811.5,normal
2025-10-31 11:10:00,34.28,48.93,1004.22,21.98,5.28,165.3,850.4,normal
2025-10-31 11:20:00,34.69,50.53,1004.54,22.89,3.78,142.5,836.0,normal
2025-10-31 11:30:00,35.04,48.79,1004.81,22.63,4.4,154.1,815.7,normal
2025-10-31 11:40:00,35.07,50.14,1004.93,23.11,4.71,157.4,833.9,normal
2025-10-31 11:50:00,34.82,45.62,1004.86,21.32,4.76,144.9,847.0,normal
2025-10-31 12:00:00,35.27,47.18,1005.08,22.28,5.17,157.8,790.3,normal
2025-10-31 12:10:00,35.54,47.13,1005.3,22.51,3.74,170.5,847.8,normal
2025-10-31 12:20:00,35.62,46.64,1005.35,22.41,4.6,155.9,840.9,normal
2025-10-31 12:30:00,35.48,46.4,1005.61,22.2,4.39,146.7,803.1,normal
2025-10-31 12:40:00,35.91,46.97,1005.64,22.79,4.82,177.7,848.1,normal
2025-10-31 12:50:00,36.0,46.68,1005.97,22.77,5.46,177.5,854.1,normal
2025-10-31 13:00:00,35.33,44.33,1005.92,21.31,4.48,193.6,807.5,normal
2025-10-31 13:10:00,35.88,46.28,1006.15,22.52,5.45,171.8,781.1,normal
2025-10-31 13:20:00,35.69,42.16,1006.15,20.82,5.22,209.5,801.5,normal
2025-10-31 13:30:00,36.29,47.52,1006.42,23.33,5.03,184.9,766.5,normal
2025-10-31 13:40:00,35.69,45.06,1006.53,21.91,4.41,177.3,760.7,normal
2025-10-31 13:50:00,35.7,44.59,1006.56,21.74,5.32,193.4,753.1,normal
2025-10-31 14:00:00,35.81,45.16,1006.46,22.05,3.98,182.8,728.9,normal
2025-10-31 14:10:00,35.95,43.78,1006.65,21.67,5.54,178.2,718.1,normal
2025-10-31 14:20:00,35.67,44.81,1006.48,21.8,5.38,200.7,727.5,normal
2025-10-31 14:30:00,36.33,43.59,1006.55,21.94,5.23,175.6,694.4,normal
2025-10-31 14:40:00,36.06,46.26,1006.9,22.68,5.58,159.8,629.2,normal
2025-10-31 14:50:00,35.96,45.92,1007.07,22.46,6.1,181.1,620.2,normal
2025-10-31 15:00:00,36.08,45.82,1006.85,22.54,4.99,225.2,578.6,normal
2025-10-31 15:10:00,36.13,46.26,1006.7,22.74,4.39,199.2,595.8,normal
2025-10-31 15:20:00,35.59,44.88,1006.78,21.75,4.56,198.5,565.4,normal
2025-10-31 15:30:00,36.24,45.86,1006.67,22.69,5.09,183.6,529.0,normal
2025-10-31 15:40:00,34.86,47.14,1006.81,21.9,5.23,194.2,491.6,normal
2025-10-31 15:50:00,35.91,47.76,1006.59,23.07,4.24,220.5,491.3,normal
2025-10-31 16:00:00,35.23,47.22,1006.39,22.26,4.14,219.6,427.1,normal
2025-10-31 16:10:00,34.48,47.6,1006.49,21.71,5.51,206.5,411.3,normal
2025-10-31 16:20:00,34.78,48.04,1006.59,22.14,4.21,192.3,349.6,normal
2025-10-31 16:30:00,34.41,47.73,1006.38,21.69,4.76,174.4,317.2,normal
2025-10-31 16:40:00,34.77,50.25,1006.09,22.87,4.82,203.1,297.4,normal
2025-10-31 16:50:00,34.27,49.51,1006.01,22.17,4.49,210.9,235.4,normal
2025-10-31 17:00:00,34.2,50.82,1005.95,22.53,5.36,218.6,204.4,normal
2025-10-31 17:10:00,34.87,48.82,1005.99,22.48,4.73,186.6,187.4,normal
2025-10-31 17:20:00,34.22,50.25,1005.77,22.36,4.27,204.4,127.3,normal
2025-10-31 17:30:00,33.75,51.84,1005.7,22.45,4.62,205.2,158.3,normal
2025-10-31 17:40:00,33.47,52.96,1005.26,22.55,4.48,254.5,42.6,normal
2025-10-31 17:50:00,33.04,52.85,1005.24,22.11,4.89,207.7,44.3,normal
2025-10-31 18:00:00,32.86,54.07,1005.0,22.33,2.77,204.1,5.5,normal
2025-10-31 18:10:00,32.4,54.84,1005.13,22.13,4.22,229.2,0.0,normal
2025-10-31 18:20:00,32.95,54.23,1004.69,22.45,3.06,209.7,0.0,normal
2025-10-31 18:30:00,32.36,55.82,1004.43,22.38,3.38,208.3,0.0,normal
2025-10-31 18:40:00,32.26,55.58,1004.45,22.22,3.85,237.7,0.0,normal
2025-10-31 18:50:00,32.16,57.51,1004.14,22.69,2.54,217.3,0.0,normal
2025-10-31 19:00:00,31.42,56.75,1003.9,21.78,4.03,241.7,0.0,normal
2025-10-31 19:10:00,31.15,58.7,1004.06,22.08,3.99,212.5,0.0,normal
2025-10-31 19:20:00,31.42,57.99,1003.93,22.14,3.4,218.4,0.0,normal
2025-10-31 19:30:00,31.01,60.5,1003.61,22.45,3.2,224.8,0.0,normal
2025-10-31 19:40:00,30.4,60.11,1003.79,21.77,2.52,220.5,0.0,normal
2025-10-31 19:50:00,30.33,61.65,1003.59,22.12,3.68,234.1,0.0,normal
2025-10-31 20:00:00,30.31,63.67,1003.35,22.63,2.96,217.3,0.0,normal
2025-10-31 20:10:00,29.69,62.84,1003.62,21.83,3.36,222.9,0.0,normal
2025-10-31 20:20:00,29.14,64.21,1003.4,21.68,2.98,226.2,0.0,normal
2025-10-31 20:30:00,29.65,65.4,1003.26,22.45,3.17,226.8,0.0,normal
2025-10-31 20:40:00,29.13,65.4,1003.16,21.96,2.11,216.8,0.0,normal
2025-10-31 20:50:00,28.53,65.69,1003.39,21.46,3.04,190.1,0.0,normal
2025-10-31 21:00:00,28.45,66.67,1003.23,21.63,2.6,202.3,0.0,normal
2025-10-31 21:10:00,28.41,67.04,1003.01,21.68,2.48,236.9,0.0,normal
2025-10-31 21:20:00,27.62,68.02,1003.67,21.17,2.35,220.5,0.0,normal
2025-10-31 21:30:00,27.95,68.36,1003.17,21.57,1.64,204.9,0.0,normal
2025-10-31 21:40:00,27.64,70.19,1003.26,21.71,1.62,221.4,0.0,normal
2025-10-31 21:50:00,28.0,70.34,1003.51,22.08,2.08,211.1,0.0,normal
2025-10-31 22:00:00,26.82,72.61,1003.52,21.48,2.01,231.6,0.0,normal
2025-10-31 22:10:00,26.79,71.48,1003.5,21.19,1.38,222.1,0.0,normal
2025-10-31 22:20:00,26.11,72.6,1003.55,20.79,1.35,234.3,0.0,normal
2025-10-31 22:30:00,26.08,74.03,1003.79,21.08,1.98,195.9,0.0,normal
2025-10-31 22:40:00,25.5,73.99,1003.83,20.51,1.18,221.6,0.0,normal
2025-10-31 22:50:00,26.37,73.41,1003.9,21.23,1.71,212.9,0.0,normal
2025-10-31 23:00:00,26.07,73.2,1003.94,20.89,1.94,197.7,0.0,normal
2025-10-31 23:10:00,25.57,75.74,1004.11,20.96,1.52,202.6,0.0,normal
2025-10-31 23:20:00,25.32,75.66,1004.46,20.71,0.8,226.6,0.0,normal
2025-10-31 23:30:00,25.32,75.18,1004.46,20.6,1.33,209.0,0.0,normal
2025-10-31 23:40:00,25.2,77.68,1004.58,21.01,1.48,210.4,0.0,normal
2025-10-31 23:50:00,24.95,76.51,1004.94,20.53,1.48,177.6,0.0,normal
2025-11-01 00:00:00,24.47,79.86,1005.21,20.75,1.52,217.6,0.0,normal
2025-11-01 00:10:00,24.62,78.52,1005.32,20.63,0.99,203.9,0.0,normal
2025-11-01 00:20:00,25.16,80.34,1005.2,21.53,1.86,211.5,0.0,normal
2025-11-01 00:30:00,24.81,78.55,1005.24,20.82,1.21,172.0,0.0,normal
2025-11-01 00:40:00,23.91,79.15,1005.56,20.07,1.34,206.9,0.0,normal
2025-11-01 00:50:00,24.81,78.6,1005.57,20.83,1.5,186.0,0.0,normal
2025-11-01 01:00:00,24.56,79.4,1005.82,20.75,1.07,180.2,0.0,normal
2025-11-01 01:10:00,24.28,79.92,1006.06,20.59,1.67,194.8,0.0,normal
2025-11-01 01:20:00,23.83,79.18,1006.15,20.0,1.75,182.3,0.0,normal
2025-11-01 01:30:00,23.79,78.95,1006.15,19.91,1.69,186.2,0.0,normal
2025-11-01 01:40:00,23.34,78.85,1006.33,19.45,0.5,170.8,0.0,normal
2025-11-01 01:50:00,23.64,80.36,1006.45,20.05,1.38,163.9,0.0,normal
2025-11-01 02:00:00,23.88,80.32,1006.56,20.28,0.71,166.8,0.0,normal
2025-11-01 02:10:00,23.96,79.57,1006.71,20.21,0.5,219.7,0.0,normal
2025-11-01 02:20:00,25.0,80.23,1006.53,21.35,1.16,160.0,0.0,normal
2025-11-01 02:30:00,24.38,78.96,1006.79,20.48,0.5,169.0,0.0,normal
2025-11-01 02:40:00,23.92,78.53,1007.09,19.95,1.12,157.5,0.0,normal
2025-11-01 02:50:00,23.81,79.16,1006.92,19.97,0.5,170.8,0.0,normal
2025-11-01 03:00:00,24.25,79.56,1006.62,20.49,1.66,186.9,0.0,normal
2025-11-01 03:10:00,24.45,80.23,1006.8,20.81,1.19,178.1,0.0,normal
2025-11-01 03:20:00,24.63,78.38,1006.68,20.61,1.47,173.1,0.0,normal
2025-11-01 03:30:00,24.13,78.45,1006.41,20.13,1.54,172.0,0.0,normal
2025-11-01 03:40:00,25.01,78.61,1006.7,21.02,0.91,166.2,0.0,normal
2025-11-01 03:50:00,25.21,77.25,1006.87,20.93,2.17,151.4,0.0,normal
2025-11-01 04:00:00,25.2,79.71,1006.53,21.44,0.72,174.1,0.0,normal
2025-11-01 04:10:00,25.0,77.32,1006.53,20.75,1.42,179.2,0.0,normal
2025-11-01 04:20:00,25.64,76.05,1006.22,21.09,1.95,149.6,0.0,normal
2025-11-01 04:30:00,25.25,76.52,1006.13,20.82,1.62,141.0,0.0,normal
2025-11-01 04:40:00,25.56,76.98,1006.41,21.21,1.31,146.8,0.0,normal
2025-11-01 04:50:00,25.8,74.34,1006.0,20.88,2.4,163.3,0.0,normal
2025-11-01 05:00:00,26.1,74.09,1005.86,21.12,2.48,155.9,0.0,normal
2025-11-01 05:10:00,26.01,74.43,1005.94,21.1,1.95,156.9,0.0,normal
2025-11-01 05:20:00,26.31,73.83,1005.5,21.26,2.28,132.1,0.0,normal
2025-11-01 05:30:00,26.72,73.02,1005.33,21.47,2.52,152.9,0.0,normal
2025-11-01 05:40:00,26.57,72.35,1005.3,21.17,1.31,138.1,0.0,normal
2025-11-01 05:50:00,26.49,71.63,1005.12,20.94,1.91,157.8,0.0,normal
2025-11-01 06:00:00,26.95,71.29,1004.99,21.3,1.79,138.2,3.2,normal
2025-11-01 06:10:00,27.56,70.86,1004.79,21.78,2.03,151.1,33.4,normal
2025-11-01 06:20:00,27.41,69.76,1004.77,21.39,1.76,132.0,49.9,normal
2025-11-01 06:30:00,27.51,69.97,1004.62,21.53,2.94,144.9,115.0,normal
2025-11-01 06:40:00,27.57,67.87,1004.74,21.09,2.59,161.4,156.1,normal
2025-11-01 06:50:00,27.9,68.86,1004.54,21.64,2.76,168.0,215.7,normal
2025-11-01 07:00:00,28.04,68.5,1003.95,21.69,2.82,103.1,247.2,normal
2025-11-01 07:10:00,28.22,67.82,1003.93,21.69,2.97,141.3,252.2,normal
2025-11-01 07:20:00,28.99,65.65,1004.05,21.89,2.42,140.4,306.9,normal
2025-11-01 07:30:00,29.32,64.03,1003.81,21.8,2.2,165.0,319.8,normal
2025-11-01 07:40:00,29.39,64.49,1003.95,21.98,2.72,133.3,406.7,normal
2025-11-01 07:50:00,29.21,62.89,1003.37,21.4,3.0,137.1,415.0,normal
2025-11-01 08:00:00,30.22,63.39,1003.37,22.48,3.34,149.7,450.0,normal
2025-11-01 08:10:00,29.94,61.33,1003.62,21.68,2.33,135.3,453.6,normal
2025-11-01 08:20:00,30.61,60.2,1003.3,22.0,3.6,126.1,475.8,normal
2025-11-01 08:30:00,30.78,60.32,1003.4,22.19,3.0,137.0,515.6,normal
2025-11-01 08:40:00,30.83,59.61,1003.3,22.04,2.39,136.1,543.9,normal
2025-11-01 08:50:00,31.22,58.39,1003.37,22.07,3.55,139.7,580.2,normal
2025-11-01 09:00:00,31.68,58.58,1003.11,22.55,3.47,151.0,618.5,normal
2025-11-01 09:10:00,31.84,57.34,1003.46,22.34,2.47,145.8,628.6,normal
2025-11-01 09:20:00,31.86,55.92,1003.1,21.95,3.58,142.7,649.1,normal
2025-11-01 09:30:00,32.81,54.92,1003.04,22.53,3.61,109.6,686.7,normal
2025-11-01 09:40:00,33.09,54.69,1003.31,22.73,3.15,145.7,693.6,normal
2025-11-01 09:50:00,32.49,53.7,1003.39,21.87,4.05,168.4,720.6,normal
2025-11-01 10:00:00,33.09,52.81,1003.22,22.15,5.08,149.0,732.2,normal
2025-11-01 10:10:00,33.49,52.8,1003.56,22.51,3.44,152.7,713.4,normal
2025-11-01 10:20:00,33.21,52.72,1003.26,22.23,3.96,152.3,736.3,normal
2025-11-01 10:30:00,33.78,51.94,1003.82,22.51,4.47,159.3,782.3,normal
2025-11-01 10:40:00,34.05,49.75,1003.85,22.04,5.19,139.6,820.5,normal
2025-11-01 10:50:00,34.25,50.83,1003.96,22.58,4.48,161.9,850.0,normal
2025-11-01 11:00:00,34.49,49.73,1004.06,22.44,4.85,149.7,830.5,normal
2025-11-01 11:10:00,34.73,48.79,1003.95,22.35,4.12,172.5,799.6,normal
2025-11-01 11:20:00,34.81,49.78,1004.69,22.75,5.13,163.2,844.4,normal
2025-11-01 11:30:00,34.81,49.31,1004.51,22.59,3.92,164.6,857.3,normal
2025-11-01 11:40:00,35.1,46.34,1004.68,21.83,4.94,136.3,883.1,normal
2025-11-01 11:50:00,35.29,46.82,1004.81,22.17,4.35,152.4,892.6,normal
2025-11-01 12:00:00,35.12,46.76,1005.0,22.0,4.97,160.3,860.3,normal
2025-11-01 12:10:00,35.65,46.11,1005.02,22.25,4.85,162.3,828.8,normal
2025-11-01 12:20:00,34.89,48.38,1005.31,22.35,4.78,152.8,855.8,normal
2025-11-01 12:30:00,35.39,46.3,1005.38,22.08,5.34,177.3,867.2,normal
2025-11-01 12:40:00,36.25,46.11,1005.43,22.79,5.66,165.8,835.1,normal
2025-11-01 12:50:00,35.98,45.41,1005.92,22.3,5.25,150.0,870.0,normal
2025-11-01 13:00:00,35.54,45.52,1005.84,21.93,5.19,167.7,806.6,normal
2025-11-01 13:10:00,35.31,45.3,1006.07,21.65,4.64,195.8,824.9,normal
2025-11-01 13:20:00,35.88,45.59,1005.9,22.27,4.33,192.2,787.2,normal
2025-11-01 13:30:00,36.23,46.77,1006.39,23.01,5.42,181.4,792.2,normal
2025-11-01 13:40:00,36.06,45.84,1006.37,22.52,5.07,147.4,741.4,normal
2025-11-01 13:50:00,35.92,45.75,1006.49,22.37,5.13,181.7,777.8,normal
2025-11-01 14:00:00,35.71,43.51,1006.42,21.35,4.86,181.4,750.1,normal
2025-11-01 14:10:00,36.35,45.27,1006.61,22.58,5.31,179.2,721.2,normal
2025-11-01 14:20:00,36.16,44.64,1006.67,22.18,5.21,182.1,681.3,normal
2025-11-01 14:30:00,35.65,46.6,1006.56,22.42,4.73,164.7,706.8,normal
2025-11-01 14:40:00,35.99,44.99,1006.55,22.15,4.6,194.5,634.6,normal
2025-11-01 14:50:00,36.23,45.94,1006.49,22.71,4.28,178.5,616.3,normal
2025-11-01 15:00:00,36.27,45.73,1006.73,22.67,5.45,198.3,590.9,normal
2025-11-01 15:10:00,36.03,45.94,1006.77,22.53,5.62,203.5,541.1,normal
2025-11-01 15:20:00,35.68,46.37,1006.65,22.37,5.01,195.8,576.1,normal
2025-11-01 15:30:00,35.26,47.09,1006.69,22.25,4.76,193.3,475.7,normal
2025-11-01 15:40:00,35.0,46.32,1006.81,21.74,4.9,180.5,488.7,normal
2025-11-01 15:50:00,35.35,47.32,1006.65,22.41,4.78,194.3,460.0,normal
2025-11-01 16:00:00,35.47,46.49,1006.8,22.22,4.36,199.7,410.6,normal
2025-11-01 16:10:00,35.29,48.55,1006.42,22.77,4.45,196.6,377.8,normal
2025-11-01 16:20:00,34.71,47.51,1006.42,21.89,4.34,193.4,389.5,normal
2025-11-01 16:30:00,34.62,47.93,1006.14,21.95,4.42,198.6,309.6,normal
2025-11-01 16:40:00,34.91,48.57,1006.22,22.44,4.18,226.7,294.1,normal
2025-11-01 16:50:00,34.61,49.18,1006.21,22.37,5.3,210.7,260.0,normal
2025-11-01 17:00:00,34.36,49.09,1005.88,22.11,4.21,207.2,207.1,normal
2025-11-01 17:10:00,34.15,48.79,1005.98,21.81,3.63,217.2,209.1,normal
2025-11-01 17:20:00,33.09,52.42,1005.77,22.03,3.79,222.7,154.2,normal
2025-11-01 17:30:00,34.01,52.84,1005.46,23.0,4.55,218.5,115.8,normal
2025-11-01 17:40:00,33.17,53.03,1005.3,22.29,3.23,177.9,86.4,normal
2025-11-01 17:50:00,33.0,53.68,1005.42,22.34,4.2,207.0,36.0,normal
2025-11-01 18:00:00,33.01,53.81,1004.87,22.38,3.66,206.0,0.0,normal
2025-11-01 18:10:00,33.29,53.39,1004.88,22.51,4.76,220.5,0.0,normal
2025-11-01 18:20:00,32.71,54.63,1004.85,22.35,4.7,208.4,0.0,normal
2025-11-01 18:30:00,32.72,56.0,1004.57,22.77,3.64,229.6,0.0,normal
2025-11-01 18:40:00,31.95,55.75,1004.36,21.99,3.8,210.0,0.0,normal
2025-11-01 18:50:00,31.84,56.23,1004.35,22.02,3.31,219.1,0.0,normal
2025-11-01 19:00:00,31.44,56.29,1004.32,21.67,3.24,202.6,0.0,normal
2025-11-01 19:10:00,31.55,59.62,1003.85,22.71,3.32,212.3,0.0,normal
2025-11-01 19:20:00,31.47,59.39,1003.93,22.58,3.17,232.4,0.0,normal
2025-11-01 19:30:00,31.09,59.68,1003.71,22.31,3.11,238.7,0.0,normal
2025-11-01 19:40:00,30.72,60.54,1003.82,22.2,3.7,227.9,0.0,normal
2025-11-01 19:50:00,30.4,61.8,1003.37,22.23,3.98,228.4,0.0,normal
2025-11-01 20:00:00,29.75,62.58,1003.59,21.83,2.36,223.2,0.0,normal
2025-11-01 20:10:00,29.62,63.2,1003.28,21.86,2.98,238.7,0.0,normal
2025-11-01 20:20:00,29.07,63.93,1003.53,21.53,2.4,210.1,0.0,normal
2025-11-01 20:30:00,29.11,65.3,1003.35,21.92,2.42,241.5,0.0,normal
2025-11-01 20:40:00,29.11,64.95,1003.11,21.83,2.22,230.5,0.0,normal
2025-11-01 20:50:00,28.63,66.61,1003.34,21.79,1.92,207.3,0.0,normal
2025-11-01 21:00:00,28.48,66.59,1002.86,21.64,1.51,226.2,0.0,normal
2025-11-01 21:10:00,27.99,68.69,1003.09,21.68,2.24,202.1,0.0,normal
2025-11-01 21:20:00,27.88,67.01,1003.38,21.18,2.5,199.1,0.0,normal
2025-11-01 21:30:00,27.59,69.65,1003.4,21.53,1.7,202.9,0.0,normal
2025-11-01 21:40:00,27.36,70.5,1003.22,21.51,3.1,187.8,0.0,normal
2025-11-01 21:50:00,27.05,70.75,1003.18,21.27,1.17,219.8,0.0,normal
2025-11-01 22:00:00,27.56,70.29,1003.41,21.66,1.76,222.6,0.0,normal
2025-11-01 22:10:00,26.67,72.74,1003.58,21.36,2.18,219.5,0.0,normal
2025-11-01 22:20:00,26.65,72.0,1003.62,21.18,2.33,222.1,0.0,normal
2025-11-01 22:30:00,26.0,73.3,1003.69,20.84,1.8,207.6,0.0,normal
2025-11-01 22:40:00,25.83,73.48,1003.99,20.71,1.57,221.6,0.0,normal
2025-11-01 22:50:00,25.86,74.2,1004.04,20.91,1.82,215.6,0.0,normal
2025-11-01 23:00:00,25.68,74.56,1004.35,20.81,1.49,213.5,0.0,normal
2025-11-01 23:10:00,25.33,74.66,1004.12,20.5,1.84,208.0,0.0,normal
2025-11-01 23:20:00,25.3,75.87,1004.19,20.73,1.79,188.8,0.0,normal
2025-11-01 23:30:00,25.15,77.02,1004.38,20.83,1.29,210.3,0.0,normal
2025-11-01 23:40:00,25.19,78.54,1004.71,21.19,0.91,194.0,0.0,normal
2025-11-01 23:50:00,25.17,77.31,1004.56,20.91,1.32,176.3,0.0,normal
2025-11-02 00:00:00,24.58,79.36,1005.03,20.76,1.3,223.9,0.0,normal
2025-11-02 00:10:00,24.67,77.81,1005.15,20.53,0.5,210.5,0.0,normal
2025-11-02 00:20:00,24.49,78.81,1005.27,20.56,1.11,213.4,0.0,normal
2025-11-02 00:30:00,24.62,80.81,1005.28,21.1,1.04,173.1,0.0,normal
2025-11-02 00:40:00,24.11,78.91,1005.61,20.21,1.18,201.8,0.0,normal
2025-11-02 00:50:00,23.94,78.85,1005.86,20.04,1.47,186.8,0.0,normal
2025-11-02 01:00:00,24.12,79.36,1005.83,20.32,1.32,211.9,0.0,normal
2025-11-02 01:10:00,23.75,78.7,1005.96,19.82,0.76,185.9,0.0,normal
2025-11-02 01:20:00,23.91,79.7,1006.21,20.18,1.6,163.5,0.0,normal
2025-11-02 01:30:00,24.5,80.5,1006.4,20.92,1.17,179.7,0.0,normal
2025-11-02 01:40:00,23.87,79.11,1006.27,20.02,0.73,200.6,0.0,normal
2025-11-02 01:50:00,23.68,79.5,1006.63,19.91,1.0,183.6,0.0,normal
2025-11-02 02:00:00,24.44,80.65,1006.82,20.89,0.5,181.5,0.0,normal
2025-11-02 02:10:00,23.72,79.71,1006.57,20.0,1.51,173.9,0.0,normal
2025-11-02 02:20:00,24.29,78.55,1006.98,20.31,0.66,184.2,0.0,normal
2025-11-02 02:30:00,23.98,79.71,1006.92,20.25,1.04,184.1,0.0,normal
2025-11-02 02:40:00,24.23,79.29,1006.77,20.41,0.86,165.3,0.0,normal
2025-11-02 02:50:00,23.94,80.42,1006.61,20.36,1.08,163.8,0.0,normal
2025-11-02 03:00:00,24.41,79.71,1007.01,20.67,0.64,176.8,0.0,normal
2025-11-02 03:10:00,24.25,79.05,1006.82,20.37,1.44,196.4,0.0,normal
2025-11-02 03:20:00,24.27,79.79,1006.74,20.55,1.84,169.5,0.0,normal
2025-11-02 03:30:00,24.88,78.24,1006.47,20.83,0.5,165.6,0.0,normal
2025-11-02 03:40:00,24.57,77.92,1006.76,20.45,0.79,173.9,0.0,normal
2025-11-02 03:50:00,24.89,78.52,1006.86,20.89,0.83,156.7,0.0,normal
2025-11-02 04:00:00,25.04,77.75,1006.64,20.87,1.71,130.9,0.0,normal
2025-11-02 04:10:00,25.29,76.77,1006.25,20.91,1.63,156.5,0.0,normal
2025-11-02 04:20:00,24.46,76.56,1006.62,20.06,0.92,157.3,0.0,normal
2025-11-02 04:30:00,25.26,76.14,1006.43,20.74,1.79,171.1,0.0,normal
2025-11-02 04:40:00,25.16,76.28,1006.12,20.68,1.54,162.4,0.0,normal
2025-11-02 04:50:00,25.41,74.83,1005.84,20.61,0.5,178.6,0.0,normal
2025-11-02 05:00:00,25.56,74.22,1006.09,20.62,1.57,178.1,0.0,normal
2025-11-02 05:10:00,26.28,74.32,1005.92,21.33,1.29,136.4,0.0,normal
2025-11-02 05:20:00,26.06,72.73,1005.55,20.77,1.37,142.4,0.0,normal
2025-11-02 05:30:00,26.17,72.42,1005.35,20.81,2.47,130.3,0.0,normal
2025-11-02 05:40:00,26.66,72.76,1005.26,21.36,1.9,172.1,0.0,normal
2025-11-02 05:50:00,26.64,71.93,1005.49,21.15,2.22,142.6,0.0,normal
2025-11-02 06:00:00,26.67,71.4,1005.09,21.06,2.44,144.9,27.1,normal
2025-11-02 06:10:00,26.9,70.48,1004.8,21.06,2.34,121.5,26.1,normal
2025-11-02 06:20:00,27.86,70.3,1004.72,21.94,2.77,157.0,53.9,normal
2025-11-02 06:30:00,27.69,70.33,1004.73,21.78,2.93,125.9,126.5,normal
2025-11-02 06:40:00,28.51,69.67,1004.31,22.41,1.98,136.6,140.5,normal
2025-11-02 06:50:00,28.55,67.54,1004.3,21.94,1.95,174.7,179.4,normal
2025-11-02 07:00:00,28.16,67.63,1003.88,21.59,2.52,142.9,208.6,normal
2025-11-02 07:10:00,29.18,66.32,1004.05,22.24,3.75,141.0,262.4,normal
2025-11-02 07:20:00,28.83,66.35,1004.17,21.92,3.5,140.2,297.9,normal
2025-11-02 07:30:00,29.39,66.14,1003.65,22.39,2.97,127.7,325.8,normal
2025-11-02 07:40:00,29.8,63.77,1003.64,22.19,3.29,143.6,353.9,normal
2025-11-02 07:50:00,29.96,63.69,1003.54,22.32,3.22,134.2,426.2,normal
2025-11-02 08:00:00,29.79,62.93,1003.54,21.95,3.18,126.9,423.3,normal
2025-11-02 08:10:00,30.37,60.75,1003.73,21.92,2.56,162.0,472.1,normal
2025-11-02 08:20:00,30.32,61.18,1003.09,21.99,3.76,146.5,455.3,normal
2025-11-02 08:30:00,30.96,61.31,1003.16,22.62,3.23,134.5,550.7,normal
2025-11-02 08:40:00,31.62,60.15,1003.34,22.93,3.73,155.0,576.4,normal
2025-11-02 08:50:00,31.68,60.37,1003.15,23.05,3.92,126.1,558.1,normal
2025-11-02 09:00:00,32.21,58.24,1003.35,22.94,3.58,140.8,582.5,normal
2025-11-02 09:10:00,31.86,57.63,1003.03,22.44,3.55,149.6,632.2,normal
2025-11-02 09:20:00,32.4,57.34,1003.14,22.86,3.48,135.4,610.9,normal
2025-11-02 09:30:00,32.09,55.56,1003.3,22.05,3.72,138.1,667.4,normal
2025-11-02 09:40:00,32.03,55.46,1003.34,21.97,4.03,162.1,684.9,normal
2025-11-02 09:50:00,32.94,55.0,1003.63,22.68,4.64,158.6,705.3,normal
2025-11-02 10:00:00,33.3,52.5,1003.51,22.24,3.66,158.8,740.0,normal
2025-11-02 10:10:00,33.36,52.9,1003.65,22.42,4.48,146.6,777.4,normal
2025-11-02 10:20:00,33.66,51.77,1003.62,22.34,3.9,139.0,745.2,normal
2025-11-02 10:30:00,33.98,52.48,1003.78,22.86,4.28,140.6,765.7,normal
2025-11-02 10:40:00,34.25,51.75,1003.76,22.88,4.69,159.8,815.2,normal
2025-11-02 10:50:00,33.81,50.49,1004.17,22.07,3.55,175.7,800.6,normal
2025-11-02 11:00:00,33.84,50.74,1004.04,22.18,5.15,144.0,795.2,normal
2025-11-02 11:10:00,34.08,48.63,1004.12,21.7,4.52,149.9,816.9,normal
2025-11-02 11:20:00,35.02,48.71,1004.77,22.58,4.71,134.9,809.6,normal
2025-11-02 11:30:00,34.93,48.97,1004.54,22.59,4.02,167.1,823.2,normal
2025-11-02 11:40:00,35.13,46.78,1004.7,22.02,4.54,145.3,836.0,normal
2025-11-02 11:50:00,34.87,47.65,1004.66,22.08,4.56,158.1,835.1,normal
2025-11-02 12:00:00,35.06,47.15,1004.83,22.08,4.38,149.5,841.5,normal
2025-11-02 12:10:00,34.84,45.63,1005.46,21.35,4.96,155.7,847.4,normal
2025-11-02 12:20:00,35.43,47.72,1005.16,22.62,3.84,188.3,864.1,normal
2025-11-02 12:30:00,35.93,45.26,1005.43,22.2,5.5,158.7,826.6,normal
2025-11-02 12:40:00,36.08,46.91,1005.55,22.92,5.34,145.0,804.3,normal
2025-11-02 12:50:00,35.66,46.27,1005.7,22.32,5.18,184.8,859.9,normal
2025-11-02 13:00:00,36.03,46.91,1005.8,22.88,4.35,158.3,825.1,normal
2025-11-02 13:10:00,36.17,45.2,1006.09,22.39,5.07,168.1,811.1,normal
2025-11-02 13:20:00,36.42,44.06,1006.39,22.2,5.1,163.5,829.5,normal
2025-11-02 13:30:00,35.87,45.8,1006.45,22.34,5.16,179.8,798.9,normal
2025-11-02 13:40:00,35.89,44.71,1006.74,21.96,6.04,221.8,771.3,normal
2025-11-02 13:50:00,35.92,45.6,1006.53,22.31,4.26,195.8,776.4,normal
2025-11-02 14:00:00,35.45,46.55,1006.66,22.23,5.48,189.5,725.1,normal
2025-11-02 14:10:00,36.46,45.36,1006.52,22.71,5.32,179.7,719.0,normal
2025-11-02 14:20:00,35.95,45.21,1006.94,22.19,4.72,201.3,699.7,normal
2025-11-02 14:30:00,36.24,44.32,1006.89,22.13,3.54,202.4,665.0,normal
2025-11-02 14:40:00,36.26,43.38,1006.49,21.8,5.06,186.8,634.0,normal
2025-11-02 14:50:00,35.87,45.64,1006.84,22.28,3.63,169.2,618.4,normal
2025-11-02 15:00:00,35.94,46.08,1006.83,22.5,5.79,179.7,593.6,normal
2025-11-02 15:10:00,36.16,44.74,1006.58,22.21,4.43,192.1,573.9,normal
2025-11-02 15:20:00,35.43,46.28,1006.59,22.11,5.31,210.2,573.5,normal
2025-11-02 15:30:00,35.57,46.8,1006.74,22.42,5.03,183.9,523.8,normal
2025-11-02 15:40:00,34.9,46.26,1006.63,21.62,4.05,195.5,454.4,normal
2025-11-02 15:50:00,35.1,45.41,1006.47,21.5,4.47,229.2,491.1,normal
2025-11-02 16:00:00,35.34,46.61,1006.63,22.15,3.66,181.0,424.5,normal
2025-11-02 16:10:00,34.76,48.0,1006.62,22.1,4.38,220.6,409.0,normal
2025-11-02 16:20:00,34.42,47.91,1006.27,21.77,5.08,222.6,380.7,normal
2025-11-02 16:30:00,34.6,47.9,1006.17,21.92,5.0,210.5,296.0,normal
2025-11-02 16:40:00,35.01,48.17,1006.15,22.39,4.38,209.9,290.8,normal
2025-11-02 16:50:00,34.42,49.54,1006.12,22.31,4.68,181.7,267.1,normal
2025-11-02 17:00:00,33.98,50.06,1006.01,22.09,3.49,186.6,206.1,normal
2025-11-02 17:10:00,34.72,51.14,1005.57,23.12,3.99,184.6,173.5,normal
2025-11-02 17:20:00,34.05,50.79,1005.66,22.39,4.04,185.6,150.8,normal
2025-11-02 17:30:00,33.61,51.57,1005.22,22.23,3.94,215.7,102.3,normal
2025-11-02 17:40:00,33.19,52.46,1005.45,22.13,4.53,193.1,84.4,normal
2025-11-02 17:50:00,33.11,53.66,1005.22,22.43,4.03,204.9,68.8,normal
2025-11-02 18:00:00,33.33,53.81,1004.69,22.68,3.96,232.6,0.0,normal
2025-11-02 18:10:00,33.43,55.32,1004.39,23.22,3.13,193.7,0.0,normal
2025-11-02 18:20:00,33.01,54.78,1004.6,22.68,3.44,208.5,0.0,normal
2025-11-02 18:30:00,32.26,56.08,1004.16,22.37,4.99,213.9,0.0,normal
2025-11-02 18:40:00,32.07,55.52,1004.08,22.03,4.05,214.0,0.0,normal
2025-11-02 18:50:00,31.66,57.46,1004.42,22.21,3.84,219.0,0.0,normal
2025-11-02 19:00:00,31.94,59.65,1004.14,23.09,2.42,240.7,0.0,normal
2025-11-02 19:10:00,30.97,58.24,1003.97,21.79,2.89,223.9,0.0,normal
2025-11-02 19:20:00,30.93,59.08,1003.9,21.99,3.36,220.2,0.0,normal
2025-11-02 19:30:00,30.61,60.99,1003.88,22.21,3.45,234.3,0.0,normal
2025-11-02 19:40:00,30.53,62.29,1003.76,22.49,2.97,249.2,0.0,normal
2025-11-02 19:50:00,30.24,61.39,1003.55,21.97,3.03,231.6,0.0,normal
2025-11-02 20:00:00,30.26,62.91,1003.36,22.39,2.45,227.5,0.0,normal
2025-11-02 20:10:00,29.51,64.37,1003.23,22.06,3.33,211.6,0.0,normal
2025-11-02 20:20:00,29.74,64.47,1003.39,22.3,2.9,208.2,0.0,normal
2025-11-02 20:30:00,29.09,64.75,1002.99,21.76,2.34,222.8,0.0,normal
2025-11-02 20:40:00,29.19,64.61,1003.45,21.82,3.37,217.4,0.0,normal
2025-11-02 20:50:00,28.34,65.47,1003.23,21.24,3.89,215.0,0.0,normal
2025-11-02 21:00:00,28.4,65.74,1003.25,21.36,2.52,217.8,0.0,normal
2025-11-02 21:10:00,28.22,68.62,1003.0,21.89,1.74,215.1,0.0,normal
2025-11-02 21:20:00,27.51,68.08,1003.11,21.08,1.69,208.8,0.0,normal
2025-11-02 21:30:00,27.73,69.07,1003.27,21.53,2.36,183.2,0.0,normal
2025-11-02 21:40:00,27.49,69.68,1003.58,21.44,2.41,202.2,0.0,normal
2025-11-02 21:50:00,27.46,70.48,1003.35,21.6,1.19,205.2,0.0,normal
2025-11-02 22:00:00,27.17,70.2,1003.51,21.25,2.28,213.0,0.0,normal
2025-11-02 22:10:00,27.47,72.01,1003.71,21.97,0.74,211.5,0.0,normal
2025-11-02 22:20:00,26.3,71.89,1003.55,20.81,1.06,208.5,0.0,normal
2025-11-02 22:30:00,25.8,74.9,1003.83,21.0,1.08,236.7,0.0,normal
2025-11-02 22:40:00,26.24,72.13,1003.98,20.81,1.7,213.1,0.0,normal
2025-11-02 22:50:00,25.5,75.19,1004.07,20.78,2.42,216.0,0.0,normal
2025-11-02 23:00:00,25.42,73.94,1003.9,20.43,2.44,201.6,0.0,normal
2025-11-02 23:10:00,25.63,75.44,1004.37,20.96,1.84,215.9,0.0,normal
2025-11-02 23:20:00,24.93,75.92,1004.34,20.38,1.48,213.1,0.0,normal
2025-11-02 23:30:00,25.31,77.47,1004.36,21.08,1.71,223.9,0.0,normal
2025-11-02 23:40:00,25.11,76.7,1004.57,20.72,1.19,204.5,0.0,normal
2025-11-02 23:50:00,24.77,79.02,1004.8,20.87,1.65,188.3,0.0,normal
2025-11-03 00:00:00,24.27,77.77,1005.05,20.13,1.42,213.1,0.0,normal
2025-11-03 00:10:00,24.67,79.35,1005.01,20.85,1.52,224.4,0.0,normal
2025-11-03 00:20:00,24.65,79.58,1005.21,20.87,2.12,197.2,0.0,normal
2025-11-03 00:30:00,25.04,77.62,1005.39,20.84,1.44,215.3,0.0,normal
2025-11-03 00:40:00,24.7,77.59,1005.66,20.51,1.12,211.3,0.0,normal
2025-11-03 00:50:00,24.89,79.74,1005.55,21.14,0.83,195.3,0.0,normal
2025-11-03 01:00:00,23.74,78.3,1005.8,19.73,0.97,184.4,0.0,normal
2025-11-03 01:10:00,23.69,78.69,1006.11,19.76,1.72,163.0,0.0,normal
2025-11-03 01:20:00,24.16,79.57,1006.0,20.4,0.77,181.4,0.0,normal
2025-11-03 01:30:00,24.15,80.07,1006.01,20.48,1.06,171.3,0.0,normal
2025-11-03 01:40:00,23.78,79.66,1006.49,20.04,1.65,205.5,0.0,normal
2025-11-03 01:50:00,23.8,80.17,1006.64,20.17,1.27,175.3,0.0,normal
2025-11-03 02:00:00,24.24,79.39,1006.63,20.44,0.5,177.7,0.0,normal
2025-11-03 02:10:00,24.32,79.15,1006.6,20.46,1.46,174.0,0.0,normal
2025-11-03 02:20:00,23.83,79.32,1006.86,20.03,0.5,191.9,0.0,normal
2025-11-03 02:30:00,24.28,80.27,1006.8,20.66,1.58,163.2,0.0,normal
2025-11-03 02:40:00,24.31,78.36,1006.51,20.29,0.5,162.6,0.0,normal
2025-11-03 02:50:00,24.19,80.13,1006.69,20.54,1.34,186.9,0.0,normal
2025-11-03 03:00:00,23.53,78.29,1007.06,19.53,2.05,167.3,0.0,normal
2025-11-03 03:10:00,24.47,79.44,1006.76,20.67,0.65,180.0,0.0,normal
2025-11-03 03:20:00,24.52,78.6,1006.89,20.54,1.04,192.3,0.0,normal
2025-11-03 03:30:00,24.24,80.62,1006.59,20.69,0.84,167.8,0.0,normal
2025-11-03 03:40:00,24.54,78.41,1006.79,20.53,1.88,170.3,0.0,normal
2025-11-03 03:50:00,24.89,79.61,1006.54,21.12,1.44,182.9,0.0,normal
2025-11-03 04:00:00,24.72,78.13,1006.73,20.65,1.87,173.0,0.0,normal
2025-11-03 04:10:00,24.59,76.92,1006.57,20.26,1.17,168.5,0.0,normal
2025-11-03 04:20:00,24.98,76.07,1006.47,20.46,1.29,134.6,0.0,normal
2025-11-03 04:30:00,24.72,76.75,1006.6,20.35,1.24,145.5,0.0,normal
2025-11-03 04:40:00,25.43,75.71,1006.25,20.82,1.45,141.8,0.0,normal
2025-11-03 04:50:00,25.29,75.3,1006.14,20.59,2.24,164.2,0.0,normal
2025-11-03 05:00:00,25.94,76.16,1006.17,21.41,1.69,128.8,0.0,normal
2025-11-03 05:10:00,25.96,75.06,1006.02,21.19,0.8,145.2,0.0,normal
2025-11-03 05:20:00,25.81,73.1,1005.76,20.61,2.78,147.0,0.0,normal
2025-11-03 05:30:00,26.28,72.95,1005.37,21.03,2.16,156.1,0.0,normal
2025-11-03 05:40:00,26.98,72.94,1005.19,21.7,2.02,161.4,0.0,normal
2025-11-03 05:50:00,25.99,70.18,1005.1,20.13,2.26,137.3,0.0,normal
2025-11-03 06:00:00,27.12,70.89,1004.97,21.37,1.6,126.6,0.0,normal
2025-11-03 06:10:00,27.23,69.81,1004.75,21.22,2.18,133.7,0.0,normal
2025-11-03 06:20:00,27.16,69.91,1004.62,21.18,2.55,155.4,54.8,normal
2025-11-03 06:30:00,27.85,69.19,1004.59,21.67,2.26,143.4,88.0,normal
2025-11-03 06:40:00,27.67,67.91,1004.25,21.2,2.25,145.2,151.9,normal
2025-11-03 06:50:00,28.1,66.18,1004.5,21.18,2.14,125.4,170.2,normal
2025-11-03 07:00:00,28.24,66.81,1004.22,21.47,2.76,144.0,243.8,normal
2025-11-03 07:10:00,28.71,67.15,1003.85,22.0,2.71,129.3,262.8,normal
2025-11-03 07:20:00,29.81,66.1,1003.84,22.79,2.19,147.3,297.5,normal
2025-11-03 07:30:00,29.19,64.13,1003.69,21.7,2.65,138.3,306.9,normal
2025-11-03 07:40:00,29.33,64.56,1003.72,21.94,2.73,144.7,380.7,normal
2025-11-03 07:50:00,29.19,63.19,1003.67,21.45,3.49,152.9,354.2,normal
2025-11-03 08:00:00,30.42,62.73,1003.57,22.49,2.31,153.4,400.1,normal
2025-11-03 08:10:00,30.22,63.01,1003.24,22.38,2.94,125.6,497.1,normal
2025-11-03 08:20:00,30.17,60.41,1003.36,21.64,3.17,144.6,433.5,normal
2025-11-03 08:30:00,30.72,59.35,1003.22,21.87,2.61,136.1,525.7,normal
2025-11-03 08:40:00,30.98,59.2,1003.23,22.07,3.25,158.1,544.6,normal
2025-11-03 08:50:00,31.23,57.32,1003.35,21.77,3.55,132.1,582.0,normal
2025-11-03 09:00:00,31.67,58.1,1002.71,22.4,3.44,164.7,573.3,normal
2025-11-03 09:10:00,31.81,58.17,1003.22,22.55,3.4,158.2,675.1,normal
2025-11-03 09:20:00,32.33,55.67,1003.3,22.31,4.27,154.1,645.8,normal
2025-11-03 09:30:00,32.25,55.76,1003.19,22.27,3.17,130.1,681.1,normal
2025-11-03 09:40:00,32.28,54.23,1003.33,21.83,3.67,158.8,687.5,normal
2025-11-03 09:50:00,32.84,55.85,1003.6,22.84,4.79,140.3,719.4,normal
2025-11-03 10:00:00,33.11,54.87,1003.38,22.8,4.17,165.0,747.7,normal
2025-11-03 10:10:00,33.15,52.59,1003.67,22.13,3.79,148.7,758.5,normal
2025-11-03 10:20:00,33.64,52.88,1003.4,22.67,3.57,127.1,766.2,normal
2025-11-03 10:30:00,33.6,51.18,1003.86,22.1,5.21,142.7,817.1,normal
2025-11-03 10:40:00,33.36,50.24,1003.71,21.57,4.51,167.3,824.3,normal
2025-11-03 10:50:00,33.79,50.63,1003.91,22.09,4.03,143.0,843.1,normal
2025-11-03 11:00:00,34.38,50.29,1003.97,22.52,3.09,177.3,804.8,normal
2025-11-03 11:10:00,33.84,50.1,1004.16,21.97,4.02,138.1,814.8,normal
2025-11-03 11:20:00,33.99,49.41,1004.44,21.87,5.25,145.3,862.3,normal
2025-11-03 11:30:00,34.62,49.29,1004.57,22.41,4.81,147.8,829.6,normal
2025-11-03 11:40:00,34.96,48.73,1004.51,22.54,5.02,159.9,839.7,normal
2025-11-03 11:50:00,35.43,47.72,1005.06,22.61,5.13,186.3,847.0,normal
2025-11-03 12:00:00,35.66,46.95,1005.07,22.56,4.31,166.5,839.0,normal
2025-11-03 12:10:00,35.06,47.06,1005.15,22.05,5.56,179.7,842.3,normal
2025-11-03 12:20:00,35.69,46.29,1005.29,22.35,5.06,185.5,839.1,normal
2025-11-03 12:30:00,35.24,45.9,1005.4,21.8,5.49,159.8,844.7,normal
2025-11-03 12:40:00,35.76,46.87,1005.45,22.62,4.31,177.9,845.0,normal
2025-11-03 12:50:00,35.93,45.83,1005.83,22.41,4.84,161.0,800.8,normal
2025-11-03 13:00:00,35.74,45.27,1005.94,22.03,4.96,146.5,834.6,normal
2025-11-03 13:10:00,36.56,46.1,1005.94,23.07,3.64,171.7,788.1,normal
2025-11-03 13:20:00,36.13,45.85,1005.91,22.59,5.07,171.0,788.9,normal
2025-11-03 13:30:00,35.74,44.46,1006.4,21.74,5.29,191.6,762.5,normal
2025-11-03 13:40:00,36.47,45.1,1006.3,22.62,4.07,194.7,763.7,normal
2025-11-03 13:50:00,35.55,44.8,1006.42,21.68,5.65,193.0,779.4,normal
2025-11-03 14:00:00,36.1,45.13,1006.58,22.3,5.93,194.1,725.3,normal
2025-11-03 14:10:00,35.8,45.07,1006.53,22.01,4.4,192.8,702.0,normal
2025-11-03 14:20:00,36.7,45.29,1006.65,22.91,3.95,176.4,677.9,normal
2025-11-03 14:30:00,35.94,44.83,1006.54,22.05,5.87,225.6,655.2,normal
2025-11-03 14:40:00,35.96,44.47,1006.79,21.94,4.81,187.7,646.0,normal
2025-11-03 14:50:00,35.63,45.72,1006.9,22.1,4.2,217.2,632.9,normal
2025-11-03 15:00:00,35.24,45.31,1006.71,21.59,5.35,174.6,592.3,normal
2025-11-03 15:10:00,35.48,45.76,1007.02,21.97,4.41,161.5,558.9,normal
2025-11-03 15:20:00,35.7,46.39,1006.94,22.39,4.2,191.4,529.8,normal
2025-11-03 15:30:00,35.45,45.02,1006.79,21.67,5.24,197.5,517.8,normal
2025-11-03 15:40:00,35.22,47.55,1006.63,22.36,4.66,187.2,470.6,normal
2025-11-03 15:50:00,34.92,46.15,1006.56,21.61,4.28,180.2,433.9,normal
2025-11-03 16:00:00,34.85,46.91,1006.46,21.81,3.66,229.3,446.6,normal
2025-11-03 16:10:00,34.84,49.29,1006.7,22.61,4.63,213.8,381.2,normal
2025-11-03 16:20:00,34.74,47.71,1006.33,21.98,5.72,158.2,375.9,normal
2025-11-03 16:30:00,34.92,49.27,1006.42,22.68,4.41,229.8,352.7,normal
2025-11-03 16:40:00,34.66,48.95,1006.08,22.33,4.81,204.8,278.3,normal
2025-11-03 16:50:00,34.18,50.07,1006.12,22.27,3.88,197.0,220.3,normal
2025-11-03 17:00:00,34.08,50.24,1005.89,22.23,5.49,188.2,208.5,normal
2025-11-03 17:10:00,34.01,49.42,1005.59,21.9,3.86,209.5,169.6,normal
2025-11-03 17:20:00,33.57,50.83,1005.65,21.96,4.41,234.4,187.6,normal
2025-11-03 17:30:00,33.91,51.77,1005.62,22.58,4.98,216.3,127.7,normal
2025-11-03 17:40:00,33.42,53.29,1005.36,22.6,4.44,174.8,76.5,normal
2025-11-03 17:50:00,33.5,53.63,1005.11,22.78,5.47,194.1,33.6,normal
2025-11-03 18:00:00,33.66,53.47,1005.13,22.88,3.22,223.2,46.1,normal
2025-11-03 18:10:00,33.01,54.38,1004.78,22.56,3.38,214.1,0.0,normal
2025-11-03 18:20:00,32.28,55.65,1004.81,22.26,3.44,242.4,0.0,normal
2025-11-03 18:30:00,32.58,57.38,1004.46,23.04,4.21,235.1,0.0,normal
2025-11-03 18:40:00,32.07,56.78,1004.43,22.4,3.91,217.5,0.0,normal
2025-11-03 18:50:00,31.96,57.98,1004.35,22.64,2.5,222.0,0.0,normal
2025-11-03 19:00:00,32.08,58.27,1004.0,22.84,4.47,232.9,0.0,normal
2025-11-03 19:10:00,31.03,58.97,1003.93,22.05,3.96,212.5,0.0,normal
2025-11-03 19:20:00,31.21,58.9,1003.75,22.2,2.7,225.3,0.0,normal
2025-11-03 19:30:00,30.18,60.48,1003.89,21.67,3.71,213.1,0.0,normal
2025-11-03 19:40:00,30.26,60.83,1003.58,21.84,3.92,239.5,0.0,normal
2025-11-03 19:50:00,30.48,61.66,1003.09,22.26,2.61,197.6,0.0,normal
2025-11-03 20:00:00,30.02,62.38,1003.22,22.02,2.82,204.3,0.0,normal
2025-11-03 20:10:00,29.77,62.11,1003.47,21.72,3.2,224.6,0.0,normal
2025-11-03 20:20:00,29.31,64.87,1003.13,22.0,3.06,205.9,0.0,normal
2025-11-03 20:30:00,29.32,65.49,1003.2,22.17,3.61,218.8,0.0,normal
2025-11-03 20:40:00,28.95,63.73,1003.2,21.37,2.81,216.9,0.0,normal
2025-11-03 20:50:00,29.21,67.53,1003.29,22.56,2.67,264.7,0.0,normal
2025-11-03 21:00:00,28.7,68.96,1003.27,22.42,2.72,224.4,0.0,normal
2025-11-03 21:10:00,28.35,66.68,1003.52,21.55,2.4,214.4,0.0,normal
2025-11-03 21:20:00,27.86,67.51,1003.19,21.28,1.93,210.7,0.0,normal
2025-11-03 21:30:00,28.37,69.33,1003.43,22.2,2.15,239.8,0.0,normal
2025-11-03 21:40:00,27.12,70.51,1003.2,21.28,2.08,214.0,0.0,normal
2025-11-03 21:50:00,26.97,70.21,1003.56,21.07,2.63,207.1,0.0,normal
2025-11-03 22:00:00,27.29,70.29,1003.46,21.39,2.66,222.2,0.0,normal
2025-11-03 22:10:00,26.6,71.33,1003.36,20.97,2.13,243.3,0.0,normal
2025-11-03 22:20:00,26.42,72.74,1003.59,21.12,2.15,234.8,0.0,normal
2025-11-03 22:30:00,26.15,72.88,1003.62,20.89,2.3,218.0,0.0,normal
2025-11-03 22:40:00,26.0,73.52,1003.94,20.89,2.19,214.0,0.0,normal
2025-11-03 22:50:00,26.54,74.22,1004.02,21.57,1.74,202.3,0.0,normal
2025-11-03 23:00:00,25.69,75.39,1004.12,21.0,1.28,192.0,0.0,normal
2025-11-03 23:10:00,25.31,75.61,1004.29,20.68,1.76,201.7,0.0,normal
2025-11-03 23:20:00,25.5,76.4,1004.3,21.03,2.0,207.8,0.0,normal
2025-11-03 23:30:00,25.75,77.25,1004.41,21.46,1.13,212.7,0.0,normal
2025-11-03 23:40:00,25.11,76.51,1004.69,20.68,1.3,211.6,0.0,normal
2025-11-03 23:50:00,25.28,78.76,1004.76,21.32,1.34,166.9,0.0,normal
2025-11-04 00:00:00,24.64,77.72,1004.98,20.48,0.54,202.5,0.0,normal
2025-11-04 00:10:00,24.41,78.18,1005.22,20.35,0.67,173.1,0.0,normal
2025-11-04 00:20:00,24.49,77.48,1005.09,20.28,0.9,199.8,0.0,normal
2025-11-04 00:30:00,24.71,77.53,1005.71,20.51,1.49,155.0,0.0,normal
2025-11-04 00:40:00,24.47,78.0,1005.59,20.37,1.48,185.5,0.0,normal
2025-11-04 00:50:00,24.53,78.62,1005.97,20.56,1.48,185.2,0.0,normal
2025-11-04 01:00:00,24.03,80.23,1005.84,20.41,2.06,171.9,0.0,normal
2025-11-04 01:10:00,24.35,79.05,1005.97,20.48,2.14,202.9,0.0,normal
2025-11-04 01:20:00,24.72,80.58,1006.29,21.15,1.13,199.2,0.0,normal
2025-11-04 01:30:00,24.4,80.45,1006.23,20.81,1.86,189.2,0.0,normal
2025-11-04 01:40:00,23.95,79.5,1006.23,20.18,0.62,171.3,0.0,normal
2025-11-04 01:50:00,23.65,78.5,1006.44,19.68,1.94,186.8,0.0,normal
2025-11-04 02:00:00,23.58,80.21,1006.34,19.97,0.5,170.9,0.0,normal
2025-11-04 02:10:00,24.42,79.27,1006.97,20.59,0.91,177.2,0.0,normal
2025-11-04 02:20:00,23.68,81.37,1006.64,20.29,1.3,184.3,0.0,normal
2025-11-04 02:30:00,24.28,78.68,1006.77,20.33,0.91,191.1,0.0,normal
2025-11-04 02:40:00,24.45,79.88,1006.76,20.74,0.5,168.2,0.0,normal
2025-11-04 02:50:00,24.15,78.83,1006.79,20.24,1.34,154.8,0.0,normal
2025-11-04 03:00:00,23.92,81.04,1007.02,20.46,1.05,171.0,0.0,normal
2025-11-04 03:10:00,23.86,79.09,1006.67,20.0,1.37,167.1,0.0,normal
2025-11-04 03:20:00,23.9,78.4,1006.78,19.9,1.78,136.5,0.0,normal
2025-11-04 03:30:00,24.16,78.83,1006.73,20.25,0.65,170.2,0.0,normal
2025-11-04 03:40:00,24.7,77.64,1006.74,20.52,0.69,163.6,0.0,normal
2025-11-04 03:50:00,24.34,79.74,1006.56,20.6,1.33,165.9,0.0,normal
2025-11-04 04:00:00,24.69,76.9,1006.39,20.36,1.49,147.4,0.0,normal
2025-11-04 04:10:00,24.64,76.49,1006.46,20.22,0.81,162.7,0.0,normal
2025-11-04 04:20:00,25.37,77.38,1006.48,21.12,1.1,146.4,0.0,normal
2025-11-04 04:30:00,25.48,75.9,1006.1,20.91,2.64,156.1,0.0,normal
2025-11-04 04:40:00,25.44,75.24,1005.96,20.72,1.87,149.4,0.0,normal
2025-11-04 04:50:00,25.5,74.57,1006.2,20.64,1.97,148.2,0.0,normal
2025-11-04 05:00:00,25.6,74.92,1006.05,20.81,2.54,137.0,0.0,normal
2025-11-04 05:10:00,26.19,71.52,1006.04,20.62,2.51,153.9,0.0,normal
2025-11-04 05:20:00,26.24,72.87,1005.81,20.98,1.22,148.8,0.0,normal
2025-11-04 05:30:00,26.13,74.07,1005.44,21.14,1.19,179.4,0.0,normal
2025-11-04 05:40:00,26.21,73.06,1005.33,20.99,1.31,159.2,0.0,normal
2025-11-04 05:50:00,26.65,72.42,1005.0,21.26,2.17,151.9,0.0,normal
2025-11-04 06:00:00,27.46,72.77,1004.85,22.13,2.68,141.5,0.0,normal
2025-11-04 06:10:00,27.56,70.15,1004.82,21.62,2.42,112.1,53.6,normal
2025-11-04 06:20:00,27.33,68.63,1004.69,21.04,2.12,146.9,71.0,normal
2025-11-04 06:30:00,27.51,69.92,1004.6,21.51,1.22,161.3,74.9,normal
2025-11-04 06:40:00,27.59,68.69,1004.82,21.3,1.87,160.3,115.4,normal
2025-11-04 06:50:00,28.87,68.16,1004.34,22.4,2.01,144.3,201.4,normal
2025-11-04 07:00:00,28.71,67.2,1004.07,22.01,2.43,127.1,266.6,normal
2025-11-04 07:10:00,28.59,65.98,1004.19,21.6,2.86,155.1,261.6,normal
2025-11-04 07:20:00,28.53,65.27,1003.69,21.36,2.23,156.7,288.4,normal
2025-11-04 07:30:00,28.97,64.61,1003.61,21.61,2.54,126.7,336.2,normal
2025-11-04 07:40:00,29.16,63.93,1003.39,21.62,3.11,161.0,359.4,normal
2025-11-04 07:50:00,30.45,62.85,1003.36,22.56,2.79,126.3,388.0,normal
2025-11-04 08:00:00,29.94,63.18,1003.51,22.16,3.44,159.1,378.1,normal
2025-11-04 08:10:00,29.88,60.66,1003.36,21.43,3.25,138.5,468.1,normal
2025-11-04 08:20:00,30.8,61.1,1003.55,22.42,3.03,137.2,493.4,normal
2025-11-04 08:30:00,30.74,60.16,1003.23,22.1,2.95,123.3,520.6,normal
2025-11-04 08:40:00,31.01,60.37,1003.52,22.42,2.33,103.8,545.9,normal
2025-11-04 08:50:00,31.31,58.9,1003.32,22.29,3.87,126.0,585.9,normal
2025-11-04 09:00:00,31.24,57.74,1003.21,21.9,3.97,127.2,596.3,normal
2025-11-04 09:10:00,31.42,57.62,1003.07,22.03,2.54,143.0,629.1,normal
2025-11-04 09:20:00,31.27,57.1,1003.36,21.75,3.3,120.6,672.5,normal
2025-11-04 09:30:00,32.25,56.32,1003.34,22.43,2.78,149.7,652.5,normal
2025-11-04 09:40:00,32.44,55.03,1003.4,22.22,4.27,134.1,710.6,normal
2025-11-04 09:50:00,33.02,54.08,1003.44,22.47,3.59,126.5,715.8,normal
2025-11-04 10:00:00,32.67,54.79,1003.26,22.37,3.81,143.6,737.9,normal
2025-11-04 10:10:00,32.98,52.98,1003.57,22.09,4.49,158.9,735.6,normal
2025-11-04 10:20:00,33.54,52.19,1003.57,22.37,5.37,125.1,772.4,normal
2025-11-04 10:30:00,33.55,50.66,1003.6,21.88,3.65,168.0,790.1,normal
2025-11-04 10:40:00,33.54,52.55,1003.9,22.48,4.85,144.7,799.1,normal
2025-11-04 10:50:00,33.75,51.0,1004.01,22.18,4.77,147.2,755.0,normal
2025-11-04 11:00:00,34.03,50.03,1004.0,22.12,3.93,168.4,818.6,normal
2025-11-04 11:10:00,34.02,49.13,1004.24,21.81,4.64,152.1,836.2,normal
2025-11-04 11:20:00,34.5,48.1,1004.63,21.9,4.44,149.0,869.0,normal
2025-11-04 11:30:00,34.59,48.84,1004.8,22.24,6.16,176.0,860.6,normal
2025-11-04 11:40:00,34.77,48.12,1004.71,22.16,5.3,142.9,903.6,normal
2025-11-04 11:50:00,35.37,48.01,1005.05,22.66,5.58,165.5,843.6,normal
2025-11-04 12:00:00,34.94,47.76,1005.17,22.18,5.35,155.4,859.4,normal
2025-11-04 12:10:00,35.19,46.74,1005.26,22.05,4.43,164.0,871.4,normal
2025-11-04 12:20:00,35.36,46.11,1005.24,21.99,4.95,152.7,874.9,normal
2025-11-04 12:30:00,35.39,47.91,1005.58,22.65,5.95,154.0,853.0,normal
2025-11-04 12:40:00,35.9,45.86,1005.38,22.38,5.17,160.1,837.9,normal
2025-11-04 12:50:00,36.17,45.39,1005.72,22.46,4.74,150.0,816.8,normal
2025-11-04 13:00:00,35.91,44.44,1005.96,21.88,5.7,163.1,797.0,normal
2025-11-04 13:10:00,35.65,46.66,1005.93,22.45,4.44,192.5,798.5,normal
2025-11-04 13:20:00,35.83,44.88,1006.22,21.97,4.67,161.1,813.0,normal
2025-11-04 13:30:00,36.09,43.43,1006.21,21.67,5.02,177.5,769.0,normal
2025-11-04 13:40:00,35.37,45.06,1006.15,21.62,4.55,185.6,764.0,normal
2025-11-04 13:50:00,36.34,46.44,1006.25,22.99,5.21,201.1,757.8,normal
2025-11-04 14:00:00,36.04,44.33,1006.74,21.96,4.35,168.4,687.1,normal
2025-11-04 14:10:00,36.13,45.56,1006.51,22.49,4.85,203.0,708.1,normal
2025-11-04 14:20:00,35.42,45.49,1006.7,21.82,4.79,172.8,712.3,normal
2025-11-04 14:30:00,35.76,44.86,1006.59,21.89,4.29,193.4,663.0,normal
2025-11-04 14:40:00,35.83,44.48,1006.64,21.82,4.56,197.8,636.4,normal
2025-11-04 14:50:00,35.47,45.87,1006.86,22.0,4.29,196.6,616.8,normal
2025-11-04 15:00:00,36.4,46.05,1006.78,22.91,4.16,214.4,616.7,normal
2025-11-04 15:10:00,35.15,44.95,1006.73,21.38,5.78,197.9,587.8,normal
2025-11-04 15:20:00,35.99,46.11,1006.63,22.55,5.5,197.1,565.5,normal
2025-11-04 15:30:00,35.51,46.91,1007.07,22.41,4.87,211.6,520.1,normal
2025-11-04 15:40:00,35.64,47.81,1006.65,22.84,4.35,192.1,451.9,normal
2025-11-04 15:50:00,35.72,46.56,1006.7,22.48,5.04,196.1,480.6,normal
2025-11-04 16:00:00,35.28,47.3,1006.46,22.33,5.37,219.8,408.0,normal
2025-11-04 16:10:00,34.92,47.47,1006.51,22.07,4.13,193.3,425.9,normal
2025-11-04 16:20:00,34.89,48.07,1006.65,22.25,4.56,193.5,373.8,normal
2025-11-04 16:30:00,34.99,49.24,1006.2,22.74,4.56,205.5,345.0,normal
2025-11-04 16:40:00,34.5,48.44,1006.28,22.02,4.25,222.1,299.7,normal
2025-11-04 16:50:00,35.12,48.08,1005.97,22.46,3.83,205.7,250.0,normal
2025-11-04 17:00:00,33.85,50.69,1006.14,22.17,3.91,219.9,229.3,normal
2025-11-04 17:10:00,33.86,51.01,1005.72,22.28,4.05,232.4,164.8,normal
2025-11-04 17:20:00,34.05,51.44,1005.49,22.6,4.62,219.7,172.7,normal
2025-11-04 17:30:00,34.09,52.71,1005.59,23.03,4.31,193.8,113.7,normal
2025-11-04 17:40:00,33.38,52.78,1005.17,22.4,4.04,221.1,68.1,normal
2025-11-04 17:50:00,33.01,52.88,1005.14,22.09,4.25,235.9,31.2,normal
2025-11-04 18:00:00,32.9,54.47,1005.04,22.48,3.98,185.3,7.1,normal
2025-11-04 18:10:00,32.71,53.38,1004.82,21.97,3.82,215.9,0.0,normal
2025-11-04 18:20:00,33.22,54.13,1004.69,22.67,4.7,210.5,0.0,normal
2025-11-04 18:30:00,32.49,53.58,1004.6,21.83,3.58,197.4,0.0,normal
2025-11-04 18:40:00,32.08,56.84,1004.44,22.42,3.75,233.5,0.0,normal
2025-11-04 18:50:00,31.95,56.17,1004.15,22.11,3.09,228.3,0.0,normal
2025-11-04 19:00:00,31.3,59.51,1003.99,22.45,3.91,214.7,0.0,normal
2025-11-04 19:10:00,30.85,58.64,1003.98,21.79,3.9,203.3,0.0,normal
2025-11-04 19:20:00,31.03,58.82,1003.8,22.01,3.13,199.9,0.0,normal
2025-11-04 19:30:00,30.97,61.89,1003.73,22.79,3.49,236.9,0.0,normal
2025-11-04 19:40:00,30.41,60.57,1003.49,21.91,3.79,197.4,0.0,normal
2025-11-04 19:50:00,30.31,61.62,1003.43,22.09,3.55,200.1,0.0,normal
2025-11-04 20:00:00,30.64,63.62,1003.68,22.94,2.37,227.2,0.0,normal
2025-11-04 20:10:00,30.09,63.18,1003.4,22.3,2.96,203.3,0.0,normal
2025-11-04 20:20:00,29.1,64.26,1003.14,21.65,2.2,218.5,0.0,normal
2025-11-04 20:30:00,29.19,64.85,1003.12,21.88,2.91,218.0,0.0,normal
2025-11-04 20:40:00,29.29,66.19,1003.0,22.32,3.05,214.1,0.0,normal
2025-11-04 20:50:00,28.82,68.46,1003.07,22.42,2.97,229.8,0.0,normal
2025-11-04 21:00:00,28.54,67.48,1003.27,21.92,2.92,203.3,0.0,normal
2025-11-04 21:10:00,28.49,67.5,1003.16,21.87,3.18,199.1,0.0,normal
2025-11-04 21:20:00,27.54,69.4,1003.23,21.43,1.64,222.3,0.0,normal
2025-11-04 21:30:00,27.76,69.26,1003.03,21.6,2.41,229.4,0.0,normal
2025-11-04 21:40:00,27.54,69.86,1003.26,21.53,1.31,220.4,0.0,normal
2025-11-04 21:50:00,26.73,70.71,1003.35,20.96,2.33,241.7,0.0,normal
2025-11-04 22:00:00,26.8,70.51,1003.13,20.97,1.39,202.6,0.0,normal
2025-11-04 22:10:00,26.67,72.19,1003.69,21.24,2.15,209.7,0.0,normal
2025-11-04 22:20:00,26.81,73.99,1003.61,21.77,2.44,219.8,0.0,normal
2025-11-04 22:30:00,25.97,75.13,1003.99,21.21,2.27,210.8,0.0,normal
2025-11-04 22:40:00,25.86,74.09,1003.74,20.88,1.38,220.8,0.0,normal
2025-11-04 22:50:00,25.87,75.06,1004.1,21.1,1.75,220.8,0.0,normal
2025-11-04 23:00:00,25.75,74.78,1004.06,20.93,2.21,192.2,0.0,normal
2025-11-04 23:10:00,25.45,76.3,1004.26,20.96,1.28,213.5,0.0,normal
2025-11-04 23:20:00,25.78,75.49,1004.5,21.11,1.94,197.3,0.0,normal
2025-11-04 23:30:00,26.19,75.1,1005.01,21.42,1.49,194.2,0.0,normal
2025-11-04 23:40:00,25.41,76.78,1004.57,21.03,0.79,203.9,0.0,normal
2025-11-04 23:50:00,25.62,77.55,1004.72,21.39,1.75,201.9,0.0,normal
2025-11-05 00:00:00,24.63,78.02,1004.99,20.54,1.36,243.7,0.0,normal
2025-11-05 00:10:00,24.75,77.01,1005.45,20.44,1.1,187.9,0.0,normal
2025-11-05 00:20:00,24.86,78.56,1005.27,20.87,1.37,185.5,0.0,normal
2025-11-05 00:30:00,24.45,77.91,1005.34,20.34,1.43,203.6,0.0,normal
2025-11-05 00:40:00,24.36,79.65,1005.68,20.61,1.1,182.1,0.0,normal
2025-11-05 00:50:00,24.46,80.24,1005.64,20.83,1.11,150.9,0.0,normal
2025-11-05 01:00:00,23.71,80.89,1005.82,20.23,1.22,189.6,0.0,normal
2025-11-05 01:10:00,24.56,80.09,1006.08,20.89,1.38,221.3,0.0,normal
2025-11-05 01:20:00,24.21,79.87,1006.46,20.51,1.13,190.7,0.0,normal
2025-11-05 01:30:00,23.95,78.88,1006.32,20.06,0.5,170.5,0.0,normal
2025-11-05 01:40:00,23.94,79.41,1006.46,20.15,0.91,148.8,0.0,normal
2025-11-05 01:50:00,23.98,79.77,1006.48,20.27,0.5,206.9,0.0,normal
2025-11-05 02:00:00,24.05,79.36,1006.48,20.25,0.93,174.0,0.0,normal
2025-11-05 02:10:00,24.02,81.12,1006.76,20.58,1.31,166.4,0.0,normal
2025-11-05 02:20:00,24.01,79.83,1006.33,20.31,1.27,169.8,0.0,normal
2025-11-05 02:30:00,23.82,79.85,1006.89,20.12,1.42,197.2,0.0,normal
2025-11-05 02:40:00,23.93,79.51,1006.92,20.16,0.5,165.2,0.0,normal
2025-11-05 02:50:00,24.47,79.12,1006.65,20.61,1.57,152.4,0.0,normal
2025-11-05 03:00:00,24.2,78.39,1006.55,20.19,0.92,172.8,0.0,normal
2025-11-05 03:10:00,24.19,78.53,1006.82,20.21,0.56,166.4,0.0,normal
2025-11-05 03:20:00,24.5,79.04,1007.0,20.62,0.71,182.6,0.0,normal
2025-11-05 03:30:00,24.53,79.59,1006.87,20.76,1.01,167.2,0.0,normal
2025-11-05 03:40:00,24.29,77.76,1006.75,20.16,1.4,178.0,0.0,normal
2025-11-05 03:50:00,24.66,77.5,1006.41,20.46,1.8,169.8,0.0,normal
2025-11-05 04:00:00,24.76,77.03,1006.53,20.45,1.61,181.6,0.0,normal
2025-11-05 04:10:00,24.95,77.83,1006.37,20.8,0.72,152.9,0.0,normal
2025-11-05 04:20:00,25.15,76.58,1006.34,20.73,1.34,169.7,0.0,normal
2025-11-05 04:30:00,24.98,76.97,1006.15,20.66,1.68,147.4,0.0,normal
2025-11-05 04:40:00,25.75,75.25,1005.85,21.03,1.44,135.3,0.0,normal
2025-11-05 04:50:00,25.85,75.36,1006.19,21.15,1.97,133.9,0.0,normal
2025-11-05 05:00:00,25.48,74.15,1005.73,20.53,1.43,153.2,0.0,normal
2025-11-05 05:10:00,25.46,75.04,1005.7,20.71,1.45,167.1,0.0,normal
2025-11-05 05:20:00,25.9,73.33,1005.66,20.75,1.43,136.3,0.0,normal
2025-11-05 05:30:00,26.25,74.15,1005.45,21.27,1.81,148.2,0.0,normal
2025-11-05 05:40:00,26.29,71.8,1005.26,20.79,1.33,136.7,0.0,normal
2025-11-05 05:50:00,27.12,70.89,1005.15,21.37,2.28,165.9,0.0,normal
2025-11-05 06:00:00,27.23,71.36,1005.16,21.58,2.31,148.3,0.0,normal
2025-11-05 06:10:00,27.4,71.17,1004.68,21.7,3.22,143.2,75.5,normal
2025-11-05 06:20:00,26.95,69.4,1004.64,20.86,2.7,154.2,40.2,normal
2025-11-05 06:30:00,27.85,70.63,1004.17,22.01,2.94,148.8,98.2,normal
2025-11-05 06:40:00,27.85,67.96,1004.44,21.38,1.61,137.8,146.8,normal
2025-11-05 06:50:00,28.03,67.07,1004.35,21.34,2.94,159.0,151.7,normal
2025-11-05 07:00:00,28.59,67.08,1003.81,21.87,2.0,125.2,206.7,normal
2025-11-05 07:10:00,29.08,66.33,1003.95,22.14,2.8,131.3,247.7,normal
2025-11-05 07:20:00,29.31,65.72,1003.79,22.21,2.67,153.2,328.8,normal
2025-11-05 07:30:00,29.25,65.27,1003.8,22.04,2.99,125.1,310.0,normal
2025-11-05 07:40:00,29.17,63.17,1003.7,21.44,2.67,113.5,357.3,normal
2025-11-05 07:50:00,30.43,62.15,1003.58,22.35,2.76,127.8,407.8,normal
2025-11-05 08:00:00,29.72,61.66,1003.51,21.55,3.19,127.9,425.3,normal
2025-11-05 08:10:00,30.03,59.74,1003.22,21.32,3.4,138.9,438.5,normal
2025-11-05 08:20:00,30.71,60.36,1003.37,22.13,3.65,138.3,476.0,normal
2025-11-05 08:30:00,30.69,60.52,1003.37,22.16,3.37,120.0,562.3,normal
2025-11-05 08:40:00,31.15,58.91,1003.43,22.15,3.38,161.5,511.7,normal
2025-11-05 08:50:00,31.13,59.0,1003.31,22.15,3.18,138.5,569.8,normal
2025-11-05 09:00:00,31.52,58.31,1003.06,22.32,3.59,161.3,659.9,normal
2025-11-05 09:10:00,31.4,58.73,1003.36,22.33,3.1,122.9,621.3,normal
2025-11-05 09:20:00,31.98,56.76,1003.49,22.31,3.32,149.2,619.4,normal
2025-11-05 09:30:00,32.46,55.37,1003.31,22.34,4.21,110.7,648.5,normal
2025-11-05 09:40:00,32.56,55.04,1003.15,22.34,4.41,149.4,708.4,normal
2025-11-05 09:50:00,32.38,55.81,1003.49,22.4,3.65,140.6,708.3,normal
2025-11-05 10:00:00,33.0,54.44,1003.55,22.57,4.87,159.5,744.7,normal
2025-11-05 10:10:00,33.46,52.07,1003.39,22.26,3.71,151.3,751.1,normal
2025-11-05 10:20:00,34.02,50.71,1003.72,22.33,4.25,161.3,759.9,normal
2025-11-05 10:30:00,33.5,51.67,1003.58,22.17,3.76,150.0,771.3,normal
2025-11-05 10:40:00,34.24,50.2,1003.88,22.36,5.06,140.6,749.0,normal
2025-11-05 10:50:00,33.46,52.06,1004.32,22.25,3.64,154.5,814.6,normal
2025-11-05 11:00:00,34.51,50.7,1003.98,22.78,4.01,152.1,826.2,normal
2025-11-05 11:10:00,35.0,50.66,1004.17,23.22,3.44,130.8,880.1,normal
2025-11-05 11:20:00,35.0,49.0,1004.18,22.66,4.44,134.2,845.8,normal
2025-11-05 11:30:00,34.59,47.79,1004.49,21.88,5.19,163.9,861.2,normal
2025-11-05 11:40:00,34.77,48.22,1004.82,22.19,4.43,163.1,818.7,normal
2025-11-05 11:50:00,35.42,48.33,1004.86,22.81,4.37,143.0,830.3,normal
2025-11-05 12:00:00,35.47,47.04,1005.14,22.42,5.06,159.1,846.9,normal
2025-11-05 12:10:00,35.63,47.19,1005.11,22.61,4.9,179.9,856.7,normal
2025-11-05 12:20:00,34.71,46.45,1005.35,21.52,4.45,154.6,858.0,normal
2025-11-05 12:30:00,35.66,46.27,1005.4,22.31,4.59,133.9,866.7,normal
2025-11-05 12:40:00,35.88,47.25,1005.36,22.86,5.82,155.0,830.4,normal
2025-11-05 12:50:00,35.69,43.97,1005.72,21.5,4.8,162.2,831.8,normal
2025-11-05 13:00:00,35.49,46.24,1006.15,22.15,5.42,176.6,792.6,normal
2025-11-05 13:10:00,35.47,44.94,1005.92,21.66,4.78,170.3,818.9,normal
2025-11-05 13:20:00,36.06,44.77,1006.21,22.14,5.02,174.3,824.3,normal
2025-11-05 13:30:00,36.39,45.47,1006.29,22.69,4.67,162.6,795.0,normal
2025-11-05 13:40:00,35.97,45.97,1006.18,22.49,4.59,191.5,784.0,normal
2025-11-05 13:50:00,36.18,45.91,1006.33,22.66,3.37,175.6,772.2,normal
2025-11-05 14:00:00,36.55,45.24,1006.17,22.75,5.07,162.3,759.3,normal
2025-11-05 14:10:00,35.9,45.27,1006.37,22.17,4.42,200.6,691.9,normal
2025-11-05 14:20:00,36.1,44.12,1006.75,21.93,4.34,185.8,681.7,normal
2025-11-05 14:30:00,35.87,44.75,1006.66,21.96,5.1,180.0,665.1,normal
2025-11-05 14:40:00,36.3,44.38,1006.6,22.21,4.28,178.9,657.6,normal
2025-11-05 14:50:00,36.05,45.28,1006.66,22.31,5.87,185.2,651.4,normal
2025-11-05 15:00:00,35.49,44.49,1006.77,21.52,4.76,205.3,605.7,normal
2025-11-05 15:10:00,35.6,46.33,1007.14,22.29,4.54,161.6,565.5,normal
2025-11-05 15:20:00,36.13,45.81,1006.57,22.58,4.63,195.8,535.9,normal
2025-11-05 15:30:00,35.15,44.86,1006.53,21.35,5.32,179.7,501.3,normal
2025-11-05 15:40:00,35.04,47.56,1006.57,22.21,4.75,178.1,490.0,normal
2025-11-05 15:50:00,35.81,46.37,1006.51,22.49,4.95,204.0,453.9,normal
2025-11-05 16:00:00,35.65,47.86,1006.33,22.87,5.41,223.1,421.7,normal
2025-11-05 16:10:00,34.9,47.66,1006.54,22.11,4.6,209.4,399.9,normal
2025-11-05 16:20:00,34.87,48.23,1006.43,22.29,4.9,220.2,344.5,normal
2025-11-05 16:30:00,34.29,48.58,1006.21,21.87,4.09,211.2,320.6,normal
2025-11-05 16:40:00,34.55,48.56,1006.15,22.1,4.56,189.9,285.3,normal
2025-11-05 16:50:00,34.71,49.81,1006.07,22.66,3.56,198.4,273.7,normal
2025-11-05 17:00:00,34.34,50.18,1005.99,22.45,4.9,222.8,267.8,normal
2025-11-05 17:10:00,34.17,50.58,1006.06,22.43,4.98,233.8,218.6,normal
2025-11-05 17:20:00,34.06,52.41,1005.43,22.91,4.03,201.5,145.3,normal
2025-11-05 17:30:00,33.83,51.09,1005.56,22.28,4.38,216.9,91.4,normal
2025-11-05 17:40:00,32.87,52.93,1005.05,21.98,4.13,199.2,57.4,normal
2025-11-05 17:50:00,33.28,52.36,1004.91,22.18,3.79,234.1,34.4,normal
2025-11-05 18:00:00,33.11,53.65,1005.23,22.42,4.27,201.0,0.0,normal
2025-11-05 18:10:00,32.63,55.69,1004.83,22.59,4.72,231.1,0.0,normal
2025-11-05 18:20:00,31.98,55.56,1004.7,21.96,3.67,235.4,0.0,normal
2025-11-05 18:30:00,32.41,54.52,1004.71,22.04,4.19,193.9,0.0,normal
2025-11-05 18:40:00,31.76,56.0,1004.25,21.88,3.09,211.6,0.0,normal
2025-11-05 18:50:00,31.47,58.26,1004.45,22.26,4.21,202.5,0.0,normal
2025-11-05 19:00:00,31.8,59.38,1004.02,22.88,4.16,193.1,0.0,normal
2025-11-05 19:10:00,31.06,58.39,1004.08,21.92,4.15,220.4,0.0,normal
2025-11-05 19:20:00,30.53,59.5,1003.78,21.73,3.26,222.9,0.0,normal
2025-11-05 19:30:00,30.67,60.26,1003.69,22.06,2.69,251.0,0.0,normal
2025-11-05 19:40:00,30.75,59.24,1003.67,21.87,3.09,207.0,0.0,normal
2025-11-05 19:50:00,29.96,60.74,1003.57,21.54,2.84,211.8,0.0,normal
2025-11-05 20:00:00,30.24,61.46,1003.08,21.98,2.56,227.7,0.0,normal
2025-11-05 20:10:00,29.98,63.0,1003.76,22.15,3.48,212.9,0.0,normal
2025-11-05 20:20:00,29.31,64.74,1003.28,21.96,2.68,231.2,0.0,normal
2025-11-05 20:30:00,29.58,65.34,1003.23,22.38,2.43,192.3,0.0,normal
2025-11-05 20:40:00,28.76,65.4,1003.14,21.61,2.54,230.7,0.0,normal
2025-11-05 20:50:00,28.49,65.65,1003.23,21.42,3.44,207.2,0.0,normal
2025-11-05 21:00:00,28.29,67.63,1003.35,21.72,2.02,237.7,0.0,normal
2025-11-05 21:10:00,28.19,67.44,1003.0,21.57,2.38,227.3,0.0,normal
2025-11-05 21:20:00,27.91,67.58,1003.28,21.35,2.53,204.4,0.0,normal
2025-11-05 21:30:00,27.98,70.52,1003.28,22.11,2.68,221.6,0.0,normal
2025-11-05 21:40:00,27.46,67.81,1003.51,20.97,1.89,215.3,0.0,normal
2025-11-05 21:50:00,27.8,69.71,1003.52,21.75,1.55,213.3,0.0,normal
2025-11-05 22:00:00,27.2,72.09,1003.19,21.72,2.1,217.4,0.0,normal
2025-11-05 22:10:00,26.95,71.85,1003.55,21.43,1.79,238.7,0.0,normal
2025-11-05 22:20:00,27.04,73.86,1003.89,21.97,2.7,231.7,0.0,normal
2025-11-05 22:30:00,26.25,74.34,1003.61,21.31,0.93,197.7,0.0,normal
2025-11-05 22:40:00,26.02,74.7,1004.09,21.17,2.02,198.9,0.0,normal
2025-11-05 22:50:00,26.22,73.81,1004.23,21.17,1.66,213.6,0.0,normal
2025-11-05 23:00:00,25.58,75.22,1004.05,20.86,2.42,215.2,0.0,normal
2025-11-05 23:10:00,25.79,76.58,1004.24,21.36,2.0,225.7,0.0,normal
2025-11-05 23:20:00,25.07,75.95,1004.36,20.52,1.27,227.3,0.0,normal
2025-11-05 23:30:00,24.91,76.82,1004.47,20.55,1.75,201.5,0.0,normal
2025-11-05 23:40:00,24.74,76.28,1004.69,20.27,0.96,194.1,0.0,normal
2025-11-05 23:50:00,25.49,77.4,1004.79,21.24,2.37,181.0,0.0,normal
2025-11-06 00:00:00,24.72,76.58,1005.17,20.32,1.58,220.1,0.0,normal
2025-11-06 00:10:00,24.67,77.66,1005.21,20.5,0.97,222.0,0.0,normal
2025-11-06 00:20:00,24.9,78.7,1005.16,20.94,0.6,213.4,0.0,normal
2025-11-06 00:30:00,24.44,78.41,1005.51,20.43,1.21,193.3,0.0,normal
2025-11-06 00:40:00,24.63,79.26,1005.76,20.8,0.92,199.0,0.0,normal
2025-11-06 00:50:00,24.17,79.66,1005.84,20.42,1.27,207.2,0.0,normal
2025-11-06 01:00:00,24.45,78.97,1005.82,20.56,0.87,199.7,0.0,normal
2025-11-06 01:10:00,24.17,80.62,1006.05,20.62,1.36,202.0,0.0,normal
2025-11-06 01:20:00,24.06,79.55,1005.82,20.3,1.07,202.7,0.0,normal
2025-11-06 01:30:00,24.71,80.45,1006.56,21.12,0.54,174.4,0.0,normal
2025-11-06 01:40:00,24.24,79.67,1006.4,20.49,0.92,190.5,0.0,normal
2025-11-06 01:50:00,23.42,79.14,1006.32,19.59,0.62,182.6,0.0,normal
2025-11-06 02:00:00,23.94,79.16,1006.46,20.11,1.09,181.6,0.0,normal
2025-11-06 02:10:00,24.39,80.25,1006.48,20.76,1.12,183.6,0.0,normal
2025-11-06 02:20:00,23.94,80.66,1006.85,20.4,0.5,188.0,0.0,normal
2025-11-06 02:30:00,24.36,80.12,1006.53,20.7,0.5,183.7,0.0,normal
2025-11-06 02:40:00,23.79,79.78,1006.9,20.09,1.04,162.3,0.0,normal
2025-11-06 02:50:00,24.14,79.08,1006.78,20.28,1.45,178.1,0.0,normal
2025-11-06 03:00:00,24.45,79.47,1006.77,20.66,0.92,180.3,0.0,normal
2025-11-06 03:10:00,24.66,78.74,1006.8,20.71,0.5,158.6,0.0,normal
2025-11-06 03:20:00,24.43,79.43,1006.66,20.63,0.5,184.7,0.0,normal
2025-11-06 03:30:00,24.4,79.02,1006.65,20.51,0.93,148.4,0.0,normal
2025-11-06 03:40:00,24.35,77.65,1006.86,20.19,0.7,144.1,0.0,normal
2025-11-06 03:50:00,24.71,78.06,1006.58,20.62,1.76,151.9,0.0,normal
2025-11-06 04:00:00,24.84,78.22,1006.63,20.78,0.5,142.7,0.0,normal
2025-11-06 04:10:00,25.07,77.26,1006.3,20.8,1.04,148.6,0.0,normal
2025-11-06 04:20:00,24.55,76.1,1006.32,20.05,1.73,165.0,0.0,normal
2025-11-06 04:30:00,25.7,75.71,1006.35,21.08,2.09,133.9,0.0,normal
2025-11-06 04:40:00,25.07,75.56,1006.34,20.44,1.09,172.6,0.0,normal
2025-11-06 04:50:00,25.58,74.32,1005.83,20.67,1.66,170.0,0.0,normal
2025-11-06 05:00:00,25.33,74.29,1005.92,20.41,1.89,161.5,0.0,normal
2025-11-06 05:10:00,25.81,74.14,1005.77,20.85,2.1,147.1,0.0,normal
2025-11-06 05:20:00,26.15,72.75,1005.73,20.86,1.3,141.9,0.0,normal
2025-11-06 05:30:00,26.13,72.57,1005.65,20.8,2.22,132.9,0.0,normal
2025-11-06 05:40:00,26.36,71.28,1005.25,20.74,1.82,175.4,0.0,normal
2025-11-06 05:50:00,27.17,71.35,1005.31,21.52,2.54,167.7,0.0,normal
2025-11-06 06:00:00,27.3,71.29,1004.91,21.64,1.93,138.4,2.4,normal
2025-11-06 06:10:00,27.7,70.21,1004.97,21.76,2.15,156.0,41.4,normal
2025-11-06 06:20:00,27.9,70.04,1004.6,21.92,3.53,130.6,127.3,normal
2025-11-06 06:30:00,27.8,70.43,1004.73,21.91,2.92,143.8,103.6,normal
2025-11-06 06:40:00,27.91,68.31,1004.3,21.52,2.56,157.4,156.8,normal
2025-11-06 06:50:00,28.72,67.49,1004.36,22.09,3.2,143.4,197.0,normal
2025-11-06 07:00:00,28.04,68.97,1004.27,21.8,1.86,136.3,209.0,normal
2025-11-06 07:10:00,28.64,66.23,1003.89,21.71,3.48,163.3,252.9,normal
2025-11-06 07:20:00,28.77,66.07,1003.72,21.79,3.29,160.9,273.5,normal
2025-11-06 07:30:00,29.44,63.76,1003.79,21.84,3.1,115.9,308.2,normal
2025-11-06 07:40:00,29.42,63.49,1003.59,21.75,2.71,160.0,368.6,normal
2025-11-06 07:50:00,29.88,63.18,1003.36,22.11,2.86,129.7,383.8,normal
2025-11-06 08:00:00,29.92,62.47,1003.47,21.95,3.07,94.0,432.1,normal
2025-11-06 08:10:00,30.2,62.02,1003.2,22.1,3.31,154.3,464.5,normal
2025-11-06 08:20:00,30.22,61.96,1003.33,22.1,3.55,152.3,502.1,normal
2025-11-06 08:30:00,30.71,59.65,1003.18,21.94,3.48,121.9,531.3,normal
2025-11-06 08:40:00,30.85,58.76,1003.42,21.82,3.83,157.2,557.7,normal
2025-11-06 08:50:00,31.43,58.68,1002.81,22.34,3.33,147.6,566.8,normal
2025-11-06 09:00:00,31.22,57.96,1003.21,21.94,3.5,147.2,616.7,normal
2025-11-06 09:10:00,31.4,56.73,1003.36,21.76,2.76,134.7,601.6,normal
2025-11-06 09:20:00,32.05,56.15,1003.32,22.19,3.91,153.8,664.9,normal
2025-11-06 09:30:00,32.46,56.67,1003.31,22.73,3.75,136.9,679.8,normal
2025-11-06 09:40:00,32.81,56.88,1003.22,23.12,2.72,125.5,691.3,normal
2025-11-06 09:50:00,32.67,54.85,1002.99,22.38,3.85,145.0,720.1,normal
2025-11-06 10:00:00,33.32,53.09,1003.0,22.45,3.5,124.8,732.3,normal
2025-11-06 10:10:00,32.65,55.61,1003.81,22.59,3.83,150.2,770.5,normal
2025-11-06 10:20:00,33.3,53.98,1003.55,22.7,4.24,152.1,773.3,normal
2025-11-06 10:30:00,33.35,52.38,1003.74,22.25,4.67,130.1,788.4,normal
2025-11-06 10:40:00,33.52,51.45,1003.8,22.11,3.68,162.1,844.6,normal
2025-11-06 10:50:00,33.73,50.64,1004.04,22.04,3.79,156.8,802.2,normal
2025-11-06 11:00:00,34.2,50.23,1004.23,22.33,4.71,171.2,847.6,normal
2025-11-06 11:10:00,34.97,51.29,1004.18,23.39,4.79,126.8,829.8,normal
2025-11-06 11:20:00,34.32,48.95,1004.46,22.03,4.94,161.9,836.3,normal
2025-11-06 11:30:00,35.27,47.65,1004.45,22.45,4.21,155.2,817.0,normal
2025-11-06 11:40:00,34.78,48.86,1004.52,22.42,4.53,142.9,819.6,normal
2025-11-06 11:50:00,35.08,49.14,1005.2,22.79,4.5,170.9,841.8,normal
2025-11-06 12:00:00,34.84,46.98,1005.04,21.82,4.36,145.0,840.0,normal
2025-11-06 12:10:00,34.9,46.91,1005.33,21.85,4.85,162.9,844.0,normal
2025-11-06 12:20:00,34.94,47.07,1005.34,21.95,4.34,158.5,815.7,normal
2025-11-06 12:30:00,35.47,46.28,1005.37,22.15,5.17,156.1,875.4,normal
2025-11-06 12:40:00,35.96,46.77,1005.82,22.77,4.05,162.5,844.9,normal
2025-11-06 12:50:00,35.98,45.53,1005.78,22.34,5.05,171.4,819.6,normal
2025-11-06 13:00:00,35.45,44.82,1005.98,21.6,5.01,171.9,814.5,normal
2025-11-06 13:10:00,36.32,46.02,1006.21,22.82,4.26,153.1,815.8,normal
2025-11-06 13:20:00,35.74,45.44,1006.18,22.09,4.63,177.4,820.1,normal
2025-11-06 13:30:00,35.87,45.53,1006.43,22.24,5.41,202.3,766.7,normal
2025-11-06 13:40:00,35.34,44.02,1006.38,21.21,5.0,183.0,734.2,normal
2025-11-06 13:50:00,35.92,46.16,1006.53,22.52,4.98,156.7,720.2,normal
2025-11-06 14:00:00,36.25,46.29,1006.31,22.86,5.76,193.8,704.2,normal
2025-11-06 14:10:00,36.26,46.21,1006.92,22.84,4.8,197.7,732.1,normal
2025-11-06 14:20:00,35.85,45.45,1006.54,22.2,4.37,201.0,644.7,normal
2025-11-06 14:30:00,36.14,45.42,1006.9,22.45,4.82,212.6,661.8,normal
2025-11-06 14:40:00,36.07,46.16,1006.71,22.64,4.11,180.7,659.0,normal
2025-11-06 14:50:00,35.6,44.34,1006.56,21.57,4.39,186.1,599.0,normal
2025-11-06 15:00:00,35.41,44.0,1006.5,21.26,4.37,177.5,569.2,normal
2025-11-06 15:10:00,35.67,45.38,1006.67,22.0,4.45,183.8,559.0,normal
2025-11-06 15:20:00,35.49,46.8,1006.75,22.35,5.48,209.1,521.2,normal
2025-11-06 15:30:00,36.05,47.25,1006.57,23.01,4.99,205.0,530.3,normal
2025-11-06 15:40:00,35.47,45.98,1006.63,22.04,4.83,219.8,485.3,normal
2025-11-06 15:50:00,34.95,47.25,1006.55,22.02,4.53,183.5,446.4,normal
2025-11-06 16:00:00,34.73,46.4,1006.59,21.52,3.76,198.0,410.9,normal
2025-11-06 16:10:00,34.86,48.33,1006.44,22.31,4.96,201.9,391.8,normal
2025-11-06 16:20:00,33.98,47.06,1006.27,21.07,5.09,210.0,372.3,normal
2025-11-06 16:30:00,34.72,48.21,1006.41,22.14,4.68,217.6,312.0,normal
2025-11-06 16:40:00,34.13,49.49,1006.07,22.04,4.02,219.4,275.7,normal
2025-11-06 16:50:00,34.18,49.45,1005.86,22.06,4.17,195.9,203.7,normal
2025-11-06 17:00:00,34.27,49.2,1005.75,22.06,4.03,212.3,204.4,normal
2025-11-06 17:10:00,34.12,49.63,1005.88,22.07,4.33,222.4,177.3,normal
2025-11-06 17:20:00,33.77,50.43,1005.6,22.01,4.86,203.9,119.0,normal
2025-11-06 17:30:00,34.06,51.82,1005.53,22.73,3.67,201.9,101.6,normal
2025-11-06 17:40:00,33.15,52.86,1005.32,22.22,3.67,255.8,43.1,normal
2025-11-06 17:50:00,33.0,54.01,1004.84,22.43,4.23,219.2,30.8,normal
2025-11-06 18:00:00,32.88,53.4,1005.1,22.14,2.99,200.6,42.2,normal
2025-11-06 18:10:00,33.35,55.3,1004.84,23.14,4.54,222.7,0.0,normal
2025-11-06 18:20:00,32.76,54.46,1004.83,22.35,3.91,219.3,0.0,normal
2025-11-06 18:30:00,32.42,54.65,1004.61,22.09,3.51,212.7,0.0,normal
2025-11-06 18:40:00,32.54,56.21,1004.38,22.66,3.63,176.2,0.0,normal
2025-11-06 18:50:00,31.68,57.6,1004.28,22.26,3.12,207.1,0.0,normal
2025-11-06 19:00:00,31.54,59.74,1004.34,22.74,3.93,209.8,0.0,normal
2025-11-06 19:10:00,31.24,58.67,1003.86,22.17,3.52,190.3,0.0,normal
2025-11-06 19:20:00,31.26,59.74,1003.73,22.48,3.11,190.2,0.0,normal
2025-11-06 19:30:00,30.27,60.76,1003.86,21.82,2.85,219.9,0.0,normal
2025-11-06 19:40:00,30.55,62.02,1003.62,22.43,3.38,210.2,0.0,normal
2025-11-06 19:50:00,30.05,61.14,1003.43,21.72,3.37,217.7,0.0,normal
2025-11-06 20:00:00,30.37,64.1,1003.56,22.8,2.97,219.8,0.0,normal
2025-11-06 20:10:00,29.92,62.86,1003.35,22.06,2.69,212.9,0.0,normal
2025-11-06 20:20:00,29.51,65.28,1003.45,22.29,2.42,223.4,0.0,normal
2025-11-06 20:30:00,29.16,64.47,1003.42,21.76,3.06,207.7,0.0,normal
2025-11-06 20:40:00,28.82,65.41,1003.19,21.67,1.69,226.3,0.0,normal
2025-11-06 20:50:00,27.92,66.92,1003.26,21.19,2.47,191.9,0.0,normal
2025-11-06 21:00:00,28.25,66.07,1003.08,21.3,2.03,225.9,0.0,normal
2025-11-06 21:10:00,28.68,67.6,1003.02,22.08,2.46,231.1,0.0,normal
2025-11-06 21:20:00,28.03,67.86,1003.2,21.53,1.8,220.9,0.0,normal
2025-11-06 21:30:00,27.85,70.37,1003.57,21.95,2.92,231.2,0.0,normal
2025-11-06 21:40:00,27.57,70.2,1003.47,21.64,1.71,201.3,0.0,normal
2025-11-06 21:50:00,26.99,71.35,1003.43,21.36,1.64,188.9,0.0,normal
2025-11-06 22:00:00,26.88,71.59,1003.41,21.3,1.73,236.6,0.0,normal
2025-11-06 22:10:00,26.51,72.84,1003.38,21.23,1.3,206.3,0.0,normal
2025-11-06 22:20:00,26.53,73.48,1003.72,21.39,0.62,177.8,0.0,normal
2025-11-06 22:30:00,26.9,73.97,1003.88,21.86,1.76,214.5,0.0,normal
2025-11-06 22:40:00,26.42,74.41,1004.07,21.49,2.25,218.1,0.0,normal
2025-11-06 22:50:00,26.45,74.67,1004.15,21.58,1.4,195.6,0.0,normal
2025-11-06 23:00:00,25.8,75.13,1004.27,21.05,1.54,209.3,0.0,normal
2025-11-06 23:10:00,25.5,74.02,1004.04,20.52,1.28,184.0,0.0,normal
2025-11-06 23:20:00,25.27,75.6,1004.71,20.64,1.81,180.1,0.0,normal
2025-11-06 23:30:00,25.3,75.12,1004.62,20.56,0.5,201.4,0.0,normal
2025-11-06 23:40:00,25.33,77.41,1004.86,21.09,1.45,161.2,0.0,normal
2025-11-06 23:50:00,24.1,77.37,1004.93,19.88,0.5,215.3,0.0,normal
2025-11-07 00:00:00,25.25,77.76,1004.92,21.08,0.72,183.9,0.0,normal
2025-11-07 00:10:00,23.77,77.89,1005.28,19.67,1.08,213.1,0.0,normal
2025-11-07 00:20:00,24.48,78.45,1005.02,20.48,0.94,178.4,0.0,normal
2025-11-07 00:30:00,24.34,77.64,1005.31,20.17,1.9,204.1,0.0,normal
2025-11-07 00:40:00,24.29,78.76,1005.59,20.36,0.59,155.4,0.0,normal
2025-11-07 00:50:00,24.6,81.46,1005.81,21.21,1.05,198.7,0.0,normal
2025-11-07 01:00:00,24.36,78.79,1006.0,20.44,1.4,187.9,0.0,normal
2025-11-07 01:10:00,24.29,78.82,1006.11,20.37,0.78,185.0,0.0,normal
2025-11-07 01:20:00,24.14,79.25,1005.9,20.32,0.5,180.5,0.0,normal
2025-11-07 01:30:00,24.12,79.31,1006.09,20.31,0.51,184.9,0.0,normal
2025-11-07 01:40:00,24.54,80.0,1006.34,20.85,0.78,169.8,0.0,normal
2025-11-07 01:50:00,24.0,80.17,1006.78,20.37,1.43,178.5,0.0,normal
2025-11-07 02:00:00,24.53,79.0,1006.81,20.64,0.5,165.5,0.0,normal
2025-11-07 02:10:00,24.04,79.93,1006.43,20.35,1.3,189.3,0.0,normal
2025-11-07 02:20:00,24.01,79.83,1006.67,20.31,0.83,182.6,0.0,normal
2025-11-07 02:30:00,24.26,79.94,1006.65,20.57,0.73,180.8,0.0,normal
2025-11-07 02:40:00,24.44,80.53,1006.59,20.87,0.99,167.7,0.0,normal
2025-11-07 02:50:00,23.73,79.26,1006.72,19.92,0.5,184.2,0.0,normal
2025-11-07 03:00:00,23.79,80.74,1006.79,20.28,0.82,174.3,0.0,normal
2025-11-07 03:10:00,24.45,79.03,1006.92,20.57,1.81,156.8,0.0,normal
2025-11-07 03:20:00,24.55,79.1,1006.8,20.68,0.69,193.5,0.0,normal
2025-11-07 03:30:00,24.12,78.64,1006.7,20.17,1.3,143.7,0.0,normal
2025-11-07 03:40:00,24.33,78.22,1006.75,20.29,0.63,186.5,0.0,normal
2025-11-07 03:50:00,24.72,78.32,1006.68,20.69,0.79,183.9,0.0,normal
2025-11-07 04:00:00,24.67,78.69,1006.7,20.71,1.58,172.9,0.0,normal
2025-11-07 04:10:00,24.92,76.94,1006.32,20.58,0.76,180.3,0.0,normal
2025-11-07 04:20:00,24.83,78.14,1006.39,20.76,0.89,160.4,0.0,normal
2025-11-07 04:30:00,25.17,76.19,1006.26,20.68,1.1,153.0,0.0,normal
2025-11-07 04:40:00,25.09,75.49,1005.97,20.44,1.6,146.1,0.0,normal
2025-11-07 04:50:00,25.98,75.63,1005.97,21.33,1.62,161.5,0.0,normal
2025-11-07 05:00:00,25.68,75.47,1005.97,21.01,2.75,175.3,0.0,normal
2025-11-07 05:10:00,26.15,75.17,1005.62,21.4,2.45,149.0,0.0,normal
2025-11-07 05:20:00,26.1,73.45,1005.39,20.97,1.89,160.2,0.0,normal
2025-11-07 05:30:00,26.0,71.6,1005.26,20.46,2.06,130.9,0.0,normal
2025-11-07 05:40:00,27.48,72.65,1005.19,22.11,1.44,165.0,0.0,normal
2025-11-07 05:50:00,26.53,71.28,1005.11,20.9,2.09,147.0,0.0,normal
2025-11-07 06:00:00,26.44,70.46,1005.03,20.62,2.34,118.4,7.6,normal
2025-11-07 06:10:00,27.31,70.37,1005.03,21.43,2.14,153.6,76.9,normal
2025-11-07 06:20:00,27.61,71.14,1004.77,21.9,1.87,134.0,51.5,normal
2025-11-07 06:30:00,27.5,69.6,1004.49,21.43,2.22,162.3,83.6,normal
2025-11-07 06:40:00,27.84,68.08,1004.17,21.4,2.88,138.4,137.7,normal
2025-11-07 06:50:00,28.43,68.11,1004.07,21.97,2.47,134.7,230.0,normal
2025-11-07 07:00:00,28.32,67.06,1003.97,21.6,3.21,113.5,238.3,normal
2025-11-07 07:10:00,28.54,65.37,1003.85,21.4,2.1,128.3,238.1,normal
2025-11-07 07:20:00,28.9,66.08,1003.89,21.91,1.99,117.1,288.6,normal
2025-11-07 07:30:00,29.4,64.72,1003.72,22.05,2.55,153.0,364.1,normal
2025-11-07 07:40:00,29.37,63.24,1003.62,21.64,3.25,139.9,369.5,normal
2025-11-07 07:50:00,29.85,63.15,1003.49,22.07,2.11,150.7,380.5,normal
2025-11-07 08:00:00,30.19,63.41,1003.12,22.45,2.1,133.1,421.0,normal
2025-11-07 08:10:00,30.22,62.45,1003.09,22.23,2.81,127.7,470.7,normal
2025-11-07 08:20:00,30.35,61.53,1002.99,22.12,2.75,131.9,464.7,normal
2025-11-07 08:30:00,30.39,60.14,1003.24,21.78,2.98,147.1,501.4,normal
2025-11-07 08:40:00,30.53,60.06,1003.34,21.89,3.6,136.8,560.6,normal
2025-11-07 08:50:00,30.98,58.62,1003.51,21.9,1.92,185.5,577.1,normal
2025-11-07 09:00:00,32.14,58.16,1003.21,22.86,4.32,117.7,582.0,normal
2025-11-07 09:10:00,31.48,58.68,1003.21,22.39,3.77,145.3,645.8,normal
2025-11-07 09:20:00,31.96,56.14,1003.49,22.11,3.73,153.0,644.1,normal
2025-11-07 09:30:00,32.12,55.97,1003.39,22.21,3.82,136.2,684.9,normal
2025-11-07 09:40:00,32.6,55.89,1003.41,22.63,3.96,165.5,684.1,normal
2025-11-07 09:50:00,32.72,52.48,1003.42,21.7,4.06,147.2,705.7,normal
2025-11-07 10:00:00,32.91,53.24,1003.47,22.11,4.28,143.5,693.8,normal
2025-11-07 10:10:00,33.59,53.18,1003.65,22.72,3.9,142.6,770.6,normal
2025-11-07 10:20:00,33.55,52.22,1003.45,22.38,4.61,168.0,794.7,normal
2025-11-07 10:30:00,33.87,52.58,1003.82,22.79,4.19,110.4,783.4,normal
2025-11-07 10:40:00,34.36,51.95,1003.95,23.05,4.24,158.1,801.9,normal
2025-11-07 10:50:00,34.43,50.95,1004.03,22.79,3.44,140.5,808.7,normal
2025-11-07 11:00:00,34.76,51.25,1003.89,23.18,4.7,153.8,845.7,normal
2025-11-07 11:10:00,34.01,48.53,1004.17,21.6,4.95,158.2,841.2,normal
2025-11-07 11:20:00,34.8,48.48,1004.47,22.3,4.79,176.5,843.8,normal
2025-11-07 11:30:00,34.87,49.68,1004.54,22.77,4.43,133.4,874.5,normal
2025-11-07 11:40:00,34.78,47.95,1004.74,22.11,5.08,191.7,860.5,normal
2025-11-07 11:50:00,35.5,47.4,1005.17,22.57,4.57,174.1,848.0,normal
2025-11-07 12:00:00,35.67,46.9,1005.34,22.55,4.85,180.8,832.9,normal
2025-11-07 12:10:00,35.54,46.1,1005.06,22.14,5.12,184.5,833.6,normal
2025-11-07 12:20:00,35.51,46.16,1005.17,22.14,4.59,161.4,860.7,normal
2025-11-07 12:30:00,35.07,46.75,1005.15,21.95,3.98,191.6,867.4,normal
2025-11-07 12:40:00,35.38,47.35,1005.65,22.45,5.11,169.7,836.5,normal
2025-11-07 12:50:00,35.57,45.79,1005.77,22.06,4.54,139.8,820.7,normal
2025-11-07 13:00:00,36.12,45.84,1005.89,22.58,4.64,137.3,782.9,normal
2025-11-07 13:10:00,35.69,45.89,1006.26,22.21,5.3,150.3,814.3,normal
2025-11-07 13:20:00,35.42,45.05,1005.99,21.66,4.08,159.7,804.7,normal
2025-11-07 13:30:00,36.28,43.76,1005.96,21.96,4.78,166.1,788.4,normal
2025-11-07 13:40:00,36.21,45.42,1006.44,22.51,3.94,204.4,745.7,normal
2025-11-07 13:50:00,36.58,45.3,1006.4,22.8,4.43,162.9,762.9,normal
2025-11-07 14:00:00,36.32,44.59,1006.69,22.3,4.72,192.9,753.9,normal
2025-11-07 14:10:00,36.28,44.64,1006.66,22.29,4.84,174.6,701.6,normal
2025-11-07 14:20:00,36.17,44.29,1006.62,22.05,5.33,173.6,673.8,normal
2025-11-07 14:30:00,36.32,45.07,1006.78,22.48,4.41,202.9,686.2,normal
2025-11-07 14:40:00,35.98,45.83,1006.54,22.45,5.14,190.8,683.5,normal
2025-11-07 14:50:00,35.52,45.8,1006.94,22.02,4.34,188.7,628.9,normal
2025-11-07 15:00:00,36.38,45.82,1006.81,22.8,5.38,172.7,632.6,normal
2025-11-07 15:10:00,36.42,44.52,1007.04,22.36,4.78,194.3,575.5,normal
2025-11-07 15:20:00,34.75,45.47,1006.63,21.21,3.91,203.3,546.4,normal
2025-11-07 15:30:00,35.28,46.0,1006.74,21.88,5.03,212.0,463.8,normal
2025-11-07 15:40:00,35.21,46.07,1006.57,21.84,4.73,223.5,485.1,normal
2025-11-07 15:50:00,35.14,47.47,1006.46,22.27,5.25,200.0,457.2,normal
2025-11-07 16:00:00,35.28,47.51,1006.57,22.41,3.97,219.0,456.3,normal
2025-11-07 16:10:00,35.16,48.64,1006.36,22.69,3.88,201.5,396.5,normal
2025-11-07 16:20:00,35.09,49.78,1006.3,23.01,4.87,200.5,340.8,normal
2025-11-07 16:30:00,34.4,48.56,1006.46,21.96,4.31,213.5,340.7,normal
2025-11-07 16:40:00,34.61,50.58,1005.71,22.83,3.9,200.9,297.3,normal
2025-11-07 16:50:00,34.08,49.78,1005.85,22.08,3.31,202.4,250.6,normal
2025-11-07 17:00:00,33.44,49.45,1005.73,21.39,4.66,193.5,193.0,normal
2025-11-07 17:10:00,34.09,52.02,1005.95,22.82,4.81,228.7,188.5,normal
2025-11-07 17:20:00,33.7,52.41,1005.65,22.58,3.94,210.3,145.7,normal
2025-11-07 17:30:00,33.86,52.45,1005.46,22.74,4.11,214.4,85.3,normal
2025-11-07 17:40:00,33.06,52.49,1005.64,22.02,3.94,244.3,52.5,normal
2025-11-07 17:50:00,32.99,53.86,1005.03,22.38,4.24,211.5,25.5,normal
2025-11-07 18:00:00,33.08,53.83,1004.97,22.45,4.75,202.3,2.2,normal
2025-11-07 18:10:00,32.68,54.73,1004.85,22.36,3.65,221.4,0.0,normal
2025-11-07 18:20:00,32.53,54.84,1004.62,22.25,4.89,229.1,0.0,normal
2025-11-07 18:30:00,32.44,55.87,1004.71,22.47,3.67,240.0,0.0,normal
2025-11-07 18:40:00,31.85,56.84,1004.17,22.21,3.43,211.9,0.0,normal
2025-11-07 18:50:00,31.61,56.34,1004.21,21.84,4.07,253.6,0.0,normal
2025-11-07 19:00:00,31.06,58.29,1004.09,21.89,3.53,223.1,0.0,normal
2025-11-07 19:10:00,30.98,57.84,1003.79,21.69,3.25,206.5,0.0,normal
2025-11-07 19:20:00,30.79,58.28,1003.69,21.63,3.98,211.7,0.0,normal
2025-11-07 19:30:00,30.95,60.11,1003.73,22.29,2.9,207.6,0.0,normal
2025-11-07 19:40:00,30.74,61.19,1003.58,22.39,3.76,212.6,0.0,normal
2025-11-07 19:50:00,30.18,62.11,1003.7,22.11,3.41,235.8,0.0,normal
2025-11-07 20:00:00,29.32,62.64,1003.57,21.44,2.98,245.2,0.0,normal
2025-11-07 20:10:00,29.18,63.61,1003.4,21.55,2.72,216.5,0.0,normal
2025-11-07 20:20:00,29.2,63.9,1003.42,21.65,2.97,235.1,0.0,normal
2025-11-07 20:30:00,29.38,63.87,1003.48,21.81,2.41,220.4,0.0,normal
2025-11-07 20:40:00,28.61,65.37,1003.15,21.47,2.87,210.1,0.0,normal
2025-11-07 20:50:00,28.95,65.49,1003.05,21.81,2.91,227.9,0.0,normal
2025-11-07 21:00:00,28.46,67.48,1003.36,21.84,2.49,226.3,0.0,normal
2025-11-07 21:10:00,28.29,67.77,1003.51,21.75,2.81,224.7,0.0,normal
2025-11-07 21:20:00,28.15,69.57,1003.12,22.04,1.82,220.3,0.0,normal
2025-11-07 21:30:00,27.66,69.55,1003.23,21.58,2.05,212.5,0.0,normal
2025-11-07 21:40:00,26.96,70.6,1003.41,21.15,2.08,206.6,0.0,normal
2025-11-07 21:50:00,27.33,72.09,1003.41,21.85,2.02,232.2,0.0,normal
2025-11-07 22:00:00,27.82,71.56,1003.37,22.19,2.77,200.6,0.0,normal
2025-11-07 22:10:00,26.7,70.1,1003.53,20.79,2.7,231.7,0.0,normal
2025-11-07 22:20:00,26.51,73.43,1003.69,21.36,2.29,216.7,0.0,normal
2025-11-07 22:30:00,26.26,72.8,1003.74,20.98,1.75,203.3,0.0,normal
2025-11-07 22:40:00,26.06,74.38,1003.9,21.14,1.55,206.6,0.0,normal
2025-11-07 22:50:00,25.82,73.0,1003.78,20.6,1.59,195.6,0.0,normal
2025-11-07 23:00:00,25.59,75.46,1004.23,20.92,1.72,243.8,0.0,normal
2025-11-07 23:10:00,25.12,77.24,1004.35,20.84,0.69,201.9,0.0,normal
2025-11-07 23:20:00,25.45,75.67,1004.22,20.83,0.91,208.3,0.0,normal
2025-11-07 23:30:00,24.8,76.48,1004.45,20.37,1.3,211.8,0.0,normal
2025-11-07 23:40:00,25.14,76.08,1004.51,20.62,1.19,180.4,0.0,normal
2025-11-07 23:50:00,24.25,76.8,1004.87,19.91,1.57,195.6,0.0,normal
2025-11-08 00:00:00,24.45,78.4,1004.86,20.43,1.62,190.4,0.0,normal
2025-11-08 00:10:00,24.66,78.53,1005.07,20.67,1.26,193.6,0.0,normal
2025-11-08 00:20:00,24.48,79.19,1005.3,20.63,1.12,203.7,0.0,normal
2025-11-08 00:30:00,24.1,76.85,1005.26,19.78,1.7,209.9,0.0,normal
2025-11-08 00:40:00,24.03,79.52,1005.69,20.26,0.84,176.7,0.0,normal
2025-11-08 00:50:00,24.29,78.84,1005.75,20.38,1.27,184.5,0.0,normal
2025-11-08 01:00:00,24.3,78.48,1005.76,20.31,0.5,196.9,0.0,normal
2025-11-08 01:10:00,24.15,79.91,1006.29,20.45,0.5,195.3,0.0,normal
2025-11-08 01:20:00,24.02,79.49,1006.31,20.24,1.5,193.7,0.0,normal
2025-11-08 01:30:00,24.35,78.37,1006.07,20.33,0.98,185.9,0.0,normal
2025-11-08 01:40:00,24.37,79.79,1006.51,20.65,1.47,174.4,0.0,normal
2025-11-08 01:50:00,23.4,80.49,1006.2,19.84,0.5,172.9,0.0,normal
2025-11-08 02:00:00,23.83,80.18,1006.64,20.2,0.5,184.5,0.0,normal
2025-11-08 02:10:00,23.72,79.9,1006.62,20.04,1.29,180.2,0.0,normal
2025-11-08 02:20:00,24.18,80.73,1006.82,20.65,0.66,202.8,0.0,normal
2025-11-08 02:30:00,24.38,79.74,1006.85,20.65,1.35,159.1,0.0,normal
2025-11-08 02:40:00,24.05,80.75,1006.76,20.53,1.35,180.8,0.0,normal
2025-11-08 02:50:00,23.95,78.93,1006.53,20.06,0.62,175.2,0.0,normal
2025-11-08 03:00:00,24.39,81.37,1006.57,20.99,0.5,151.2,0.0,normal
2025-11-08 03:10:00,23.89,79.16,1006.56,20.05,0.88,179.5,0.0,normal
2025-11-08 03:20:00,23.92,77.9,1006.63,19.82,1.37,179.3,0.0,normal
2025-11-08 03:30:00,24.88,77.79,1007.35,20.73,1.26,175.0,0.0,normal
2025-11-08 03:40:00,24.78,78.09,1006.72,20.69,1.05,158.9,0.0,normal
2025-11-08 03:50:00,24.95,76.61,1006.71,20.55,1.29,154.6,0.0,normal
2025-11-08 04:00:00,24.83,77.32,1006.51,20.59,0.5,161.4,0.0,normal
2025-11-08 04:10:00,24.94,77.74,1006.41,20.78,1.03,161.7,0.0,normal
2025-11-08 04:20:00,24.98,75.81,1006.39,20.4,1.38,149.4,0.0,normal
2025-11-08 04:30:00,25.1,76.31,1006.31,20.63,1.11,152.4,0.0,normal
2025-11-08 04:40:00,25.47,76.28,1006.15,20.98,1.26,174.4,0.0,normal
2025-11-08 04:50:00,25.86,76.35,1006.1,21.37,1.03,140.4,0.0,normal
2025-11-08 05:00:00,25.63,74.19,1005.87,20.69,2.41,141.4,0.0,normal
2025-11-08 05:10:00,25.72,73.98,1005.82,20.72,2.35,159.8,0.0,normal
2025-11-08 05:20:00,26.21,72.83,1005.91,20.94,1.63,134.7,0.0,normal
2025-11-08 05:30:00,26.15,72.1,1005.36,20.72,2.1,155.9,0.0,normal
2025-11-08 05:40:00,26.06,71.93,1005.48,20.59,2.65,139.5,0.0,normal
2025-11-08 05:50:00,26.37,73.71,1005.23,21.28,1.54,138.3,0.0,normal
2025-11-08 06:00:00,27.02,70.21,1004.75,21.11,2.66,165.9,0.0,normal
2025-11-08 06:10:00,27.32,70.65,1004.95,21.51,2.81,140.7,26.0,normal
2025-11-08 06:20:00,27.51,69.94,1004.95,21.52,1.58,115.7,71.9,normal
2025-11-08 06:30:00,27.84,69.92,1004.56,21.83,1.4,145.8,76.0,normal
2025-11-08 06:40:00,28.14,68.36,1004.52,21.75,3.01,155.4,111.3,normal
2025-11-08 06:50:00,28.31,67.37,1004.26,21.67,2.34,134.6,189.4,normal
2025-11-08 07:00:00,28.58,68.55,1004.28,22.21,2.42,133.6,247.7,normal
2025-11-08 07:10:00,28.8,64.58,1004.2,21.45,2.4,142.2,249.5,normal
2025-11-08 07:20:00,29.1,64.05,1003.74,21.59,1.8,143.4,302.5,normal
2025-11-08 07:30:00,29.39,65.27,1003.79,22.18,2.11,150.5,310.2,normal
2025-11-08 07:40:00,29.15,64.48,1003.6,21.75,2.44,150.6,348.7,normal
2025-11-08 07:50:00,29.72,63.68,1003.71,22.09,3.08,145.5,376.2,normal
2025-11-08 08:00:00,29.74,62.34,1003.35,21.76,2.91,143.8,455.9,normal
2025-11-08 08:10:00,30.31,61.98,1003.27,22.2,3.3,137.7,456.4,normal
2025-11-08 08:20:00,30.23,60.3,1003.23,21.66,2.13,138.3,489.7,normal
2025-11-08 08:30:00,30.99,60.87,1003.26,22.54,3.68,131.8,530.2,normal
2025-11-08 08:40:00,30.65,60.22,1003.39,22.04,3.59,135.0,555.1,normal
2025-11-08 08:50:00,31.68,59.94,1002.83,22.93,3.79,141.2,595.4,normal
2025-11-08 09:00:00,31.29,57.47,1002.99,21.87,3.65,118.4,617.0,normal
2025-11-08 09:10:00,32.04,56.73,1003.28,22.36,3.63,151.2,621.4,normal
2025-11-08 09:20:00,32.05,57.39,1003.39,22.55,3.23,159.0,657.4,normal
2025-11-08 09:30:00,32.45,55.89,1003.29,22.49,3.58,164.3,656.0,normal
2025-11-08 09:40:00,32.35,54.94,1003.16,22.11,3.26,154.8,692.7,normal
2025-11-08 09:50:00,33.29,53.27,1003.35,22.48,4.42,135.6,722.9,normal
2025-11-08 10:00:00,32.82,55.12,1003.43,22.6,4.06,166.2,762.7,normal
2025-11-08 10:10:00,33.4,53.21,1003.64,22.56,4.65,122.5,764.4,normal
2025-11-08 10:20:00,33.01,50.46,1003.84,21.33,4.06,162.4,754.7,normal
2025-11-08 10:30:00,33.36,52.39,1003.64,22.27,4.71,133.6,826.3,normal
2025-11-08 10:40:00,33.94,50.95,1003.77,22.33,4.44,121.1,800.8,normal
2025-11-08 10:50:00,33.87,50.74,1003.97,22.21,3.42,143.9,856.4,normal
2025-11-08 11:00:00,34.01,51.52,1004.43,22.58,3.86,141.5,817.7,normal
2025-11-08 11:10:00,34.08,49.77,1004.18,22.08,4.64,147.3,861.6,normal
2025-11-08 11:20:00,34.53,48.88,1004.4,22.19,5.12,161.1,843.1,normal
2025-11-08 11:30:00,34.78,48.88,1004.53,22.42,4.53,150.2,849.8,normal
2025-11-08 11:40:00,35.4,49.04,1004.51,23.04,5.34,163.8,843.6,normal
2025-11-08 11:50:00,34.83,47.8,1005.19,22.1,4.5,179.6,874.4,normal
2025-11-08 12:00:00,35.62,48.4,1004.96,23.03,4.6,155.2,876.9,normal
2025-11-08 12:10:00,35.39,47.12,1005.13,22.37,4.01,140.3,844.3,normal
2025-11-08 12:20:00,35.29,46.12,1005.27,21.92,4.42,194.6,829.8,normal
2025-11-08 12:30:00,35.87,45.35,1005.6,22.18,5.59,168.0,855.6,normal
2025-11-08 12:40:00,35.79,45.41,1005.46,22.13,5.61,162.7,812.6,normal
2025-11-08 12:50:00,35.35,47.12,1006.0,22.34,5.13,152.2,815.4,normal
2025-11-08 13:00:00,35.27,45.07,1006.01,21.53,4.33,161.8,817.7,normal
2025-11-08 13:10:00,36.4,45.95,1006.03,22.87,5.7,161.3,795.3,normal
2025-11-08 13:20:00,36.1,44.2,1006.18,21.96,4.74,175.3,788.2,normal
2025-11-08 13:30:00,36.44,44.45,1006.35,22.35,5.82,159.6,806.2,normal
2025-11-08 13:40:00,36.38,44.22,1006.33,22.22,5.65,177.1,760.9,normal
2025-11-08 13:50:00,36.12,46.62,1006.53,22.85,4.56,179.4,784.6,normal
2025-11-08 14:00:00,36.17,45.74,1006.54,22.59,4.09,201.5,740.4,normal
2025-11-08 14:10:00,36.01,44.31,1006.63,21.92,5.24,178.6,672.9,normal
2025-11-08 14:20:00,35.92,44.95,1006.55,22.07,4.3,178.9,690.8,normal
2025-11-08 14:30:00,35.98,44.85,1007.06,22.1,4.54,212.7,660.4,normal
2025-11-08 14:40:00,35.72,45.6,1006.66,22.13,4.94,187.0,680.9,normal
2025-11-08 14:50:00,35.69,45.67,1006.97,22.13,4.66,177.4,614.6,normal
2025-11-08 15:00:00,35.66,46.31,1006.69,22.33,3.33,195.1,591.5,normal
2025-11-08 15:10:00,35.82,45.27,1006.72,22.1,4.48,206.2,549.1,normal
2025-11-08 15:20:00,35.47,46.56,1006.58,22.24,4.56,176.3,550.3,normal
2025-11-08 15:30:00,35.79,45.48,1006.9,22.15,4.43,175.0,529.9,normal
2025-11-08 15:40:00,35.49,44.8,1006.88,21.63,3.75,231.5,489.5,normal
2025-11-08 15:50:00,34.95,46.9,1006.54,21.89,5.79,176.7,446.3,normal
2025-11-08 16:00:00,35.13,46.31,1006.46,21.85,4.96,200.7,394.1,normal
2025-11-08 16:10:00,34.14,45.93,1006.52,20.82,4.47,204.1,381.5,normal
2025-11-08 16:20:00,34.38,50.07,1006.15,22.45,4.96,199.0,372.9,normal
2025-11-08 16:30:00,34.68,48.69,1006.28,22.27,4.99,196.0,318.5,normal
2025-11-08 16:40:00,34.66,49.05,1006.26,22.37,4.56,212.1,301.9,normal
2025-11-08 16:50:00,34.31,49.67,1006.22,22.25,4.88,204.2,237.2,normal
2025-11-08 17:00:00,34.44,49.35,1005.75,22.27,4.91,219.8,196.5,normal
2025-11-08 17:10:00,34.44,50.01,1005.77,22.49,4.59,191.7,210.4,normal
2025-11-08 17:20:00,33.99,50.2,1005.8,22.14,4.02,186.2,168.5,normal
2025-11-08 17:30:00,33.08,50.55,1005.5,21.42,4.95,199.8,103.0,normal
2025-11-08 17:40:00,33.09,51.63,1005.41,21.77,3.21,239.2,55.4,normal
2025-11-08 17:50:00,33.29,52.25,1005.15,22.16,4.38,216.2,0.0,normal
2025-11-08 18:00:00,33.39,54.16,1004.91,22.84,4.11,211.6,0.0,normal
2025-11-08 18:10:00,32.8,53.11,1004.83,21.98,3.19,204.1,0.0,normal
2025-11-08 18:20:00,32.4,56.21,1004.79,22.53,3.22,196.2,0.0,normal
2025-11-08 18:30:00,32.63,55.29,1004.06,22.47,3.45,243.1,0.0,normal
2025-11-08 18:40:00,31.76,54.99,1004.2,21.58,4.05,233.2,0.0,normal
2025-11-08 18:50:00,31.72,57.23,1004.02,22.2,3.98,216.6,0.0,normal
2025-11-08 19:00:00,31.15,56.42,1003.93,21.44,3.69,233.2,0.0,normal
2025-11-08 19:10:00,31.42,57.63,1004.01,22.03,3.83,212.5,0.0,normal
2025-11-08 19:20:00,30.94,59.76,1003.62,22.18,3.58,229.3,0.0,normal
2025-11-08 19:30:00,30.16,59.01,1003.69,21.25,3.21,231.2,0.0,normal
2025-11-08 19:40:00,30.1,61.08,1003.63,21.76,2.52,204.2,0.0,normal
2025-11-08 19:50:00,30.38,62.08,1003.58,22.29,2.63,189.3,0.0,normal
2025-11-08 20:00:00,30.1,62.02,1003.55,22.01,2.63,222.9,0.0,normal
2025-11-08 20:10:00,29.68,64.01,1003.43,22.13,2.57,210.5,0.0,normal
2025-11-08 20:20:00,29.0,64.29,1003.14,21.56,2.15,201.1,0.0,normal
2025-11-08 20:30:00,28.76,64.85,1003.19,21.48,3.16,189.7,0.0,normal
2025-11-08 20:40:00,29.01,66.0,1003.22,22.0,3.18,211.3,0.0,normal
2025-11-08 20:50:00,28.82,65.19,1003.25,21.61,2.64,226.8,0.0,normal
2025-11-08 21:00:00,28.51,66.4,1003.23,21.62,2.69,199.4,0.0,normal
2025-11-08 21:10:00,28.37,68.09,1003.12,21.9,2.49,212.0,0.0,normal
2025-11-08 21:20:00,28.04,68.43,1003.11,21.67,1.48,212.2,0.0,normal
2025-11-08 21:30:00,28.24,69.41,1002.99,22.09,2.25,218.0,0.0,normal
2025-11-08 21:40:00,27.57,71.19,1003.22,21.87,2.66,218.6,0.0,normal
2025-11-08 21:50:00,27.47,71.61,1003.49,21.87,2.01,201.9,0.0,normal
2025-11-08 22:00:00,27.37,72.67,1003.57,22.01,2.95,222.2,0.0,normal
2025-11-08 22:10:00,26.56,71.83,1003.6,21.05,1.33,214.3,0.0,normal
2025-11-08 22:20:00,25.97,72.01,1003.58,20.52,0.5,185.1,0.0,normal
2025-11-08 22:30:00,26.54,74.49,1003.61,21.63,2.34,220.2,0.0,normal
2025-11-08 22:40:00,26.55,74.53,1003.67,21.64,1.65,187.2,0.0,normal
2025-11-08 22:50:00,25.8,73.1,1004.09,20.61,2.64,195.4,0.0,normal
2025-11-08 23:00:00,25.56,75.82,1004.07,20.97,1.5,232.7,0.0,normal
2025-11-08 23:10:00,25.92,76.89,1004.33,21.54,1.12,214.5,0.0,normal
2025-11-08 23:20:00,25.52,75.12,1004.44,20.78,1.15,175.5,0.0,normal
2025-11-08 23:30:00,25.63,75.22,1004.75,20.91,0.86,215.2,0.0,normal
2025-11-08 23:40:00,24.93,77.31,1004.37,20.68,1.43,215.8,0.0,normal
2025-11-08 23:50:00,24.91,76.61,1004.73,20.51,1.15,212.9,0.0,normal
2025-11-09 00:00:00,25.5,78.16,1004.95,21.41,0.65,208.2,0.0,normal
2025-11-09 00:10:00,25.08,77.32,1005.2,20.82,1.58,185.3,0.0,normal
2025-11-09 00:20:00,24.28,77.99,1005.28,20.19,1.18,184.0,0.0,normal
2025-11-09 00:30:00,24.57,77.18,1005.19,20.3,0.5,178.5,0.0,normal
2025-11-09 00:40:00,24.31,80.73,1005.61,20.78,1.02,194.2,0.0,normal
2025-11-09 00:50:00,24.59,79.47,1005.77,20.8,0.83,195.7,0.0,normal
2025-11-09 01:00:00,24.13,78.54,1005.6,20.16,2.1,186.2,0.0,normal
2025-11-09 01:10:00,24.02,79.26,1006.02,20.2,1.07,183.8,0.0,normal
2025-11-09 01:20:00,23.9,80.82,1006.29,20.4,1.41,185.2,0.0,normal
2025-11-09 01:30:00,23.83,80.56,1006.16,20.27,0.99,191.8,0.0,normal
2025-11-09 01:40:00,24.02,79.83,1006.35,20.31,0.58,153.9,0.0,normal
2025-11-09 01:50:00,23.96,80.27,1006.55,20.34,0.59,177.6,0.0,normal
2025-11-09 02:00:00,23.68,79.77,1006.97,19.98,0.5,179.8,0.0,normal
2025-11-09 02:10:00,24.2,78.42,1006.65,20.2,1.41,188.0,0.0,normal
2025-11-09 02:20:00,24.49,79.81,1006.78,20.76,1.28,192.5,0.0,normal
2025-11-09 02:30:00,24.28,80.22,1006.75,20.65,1.48,168.0,0.0,normal
2025-11-09 02:40:00,23.87,80.49,1006.86,20.3,1.61,190.7,0.0,normal
2025-11-09 02:50:00,23.99,79.47,1006.76,20.22,0.55,143.9,0.0,normal
2025-11-09 03:00:00,24.07,79.57,1006.74,20.31,1.94,159.5,0.0,normal
2025-11-09 03:10:00,24.49,78.88,1006.88,20.57,1.71,149.6,0.0,normal
2025-11-09 03:20:00,24.48,77.71,1006.74,20.33,1.17,181.9,0.0,normal
2025-11-09 03:30:00,24.05,78.52,1006.65,20.07,1.18,141.6,0.0,normal
2025-11-09 03:40:00,24.55,78.95,1006.91,20.65,0.99,163.6,0.0,normal
2025-11-09 03:50:00,24.71,78.65,1006.5,20.74,1.76,204.2,0.0,normal
2025-11-09 04:00:00,25.11,77.9,1006.27,20.98,1.5,162.7,0.0,normal
2025-11-09 04:10:00,25.04,78.16,1006.31,20.96,1.29,130.4,0.0,normal
2025-11-09 04:20:00,24.8,77.01,1006.19,20.48,1.47,161.7,0.0,normal
2025-11-09 04:30:00,24.95,77.23,1006.13,20.68,1.49,175.2,0.0,normal
2025-11-09 04:40:00,25.09,77.02,1006.19,20.77,1.78,171.1,0.0,normal
2025-11-09 04:50:00,25.89,73.53,1005.91,20.79,1.47,167.2,0.0,normal
2025-11-09 05:00:00,26.03,73.87,1005.83,20.99,1.13,163.3,0.0,normal
2025-11-09 05:10:00,25.57,74.2,1005.67,20.63,1.78,144.5,0.0,normal
2025-11-09 05:20:00,25.79,73.25,1005.57,20.63,1.97,124.8,0.0,normal
2025-11-09 05:30:00,26.0,73.35,1005.45,20.85,2.1,125.1,0.0,normal
2025-11-09 05:40:00,26.42,72.05,1005.15,20.97,1.94,145.2,0.0,normal
2025-11-09 05:50:00,26.5,72.61,1004.99,21.17,2.14,135.5,0.0,normal
2025-11-09 06:00:00,27.34,71.0,1004.94,21.6,2.02,129.0,0.0,normal
2025-11-09 06:10:00,27.04,71.02,1004.75,21.33,1.25,128.8,47.1,normal
2025-11-09 06:20:00,27.89,70.62,1004.61,22.05,2.28,151.2,70.8,normal
2025-11-09 06:30:00,27.75,69.24,1004.48,21.59,1.92,175.5,113.4,normal
2025-11-09 06:40:00,27.97,69.36,1004.4,21.83,1.9,130.3,170.7,normal
2025-11-09 06:50:00,28.44,65.79,1004.14,21.41,2.64,124.3,157.5,normal
2025-11-09 07:00:00,28.3,67.25,1004.03,21.64,2.54,160.7,240.0,normal
2025-11-09 07:10:00,28.79,66.88,1003.86,22.01,2.34,119.4,254.8,normal
2025-11-09 07:20:00,29.05,65.93,1003.72,22.02,2.12,147.9,262.9,normal
2025-11-09 07:30:00,28.58,64.51,1003.6,21.21,2.11,133.9,335.6,normal
2025-11-09 07:40:00,29.18,63.85,1003.49,21.62,2.36,130.6,361.4,normal
2025-11-09 07:50:00,29.72,64.0,1003.35,22.17,2.77,153.3,398.7,normal
2025-11-09 08:00:00,29.96,62.29,1003.52,21.95,3.02,144.9,418.7,normal
2025-11-09 08:10:00,30.53,62.96,1003.18,22.66,3.15,157.7,465.0,normal
2025-11-09 08:20:00,30.93,62.23,1003.19,22.84,3.22,135.3,505.5,normal
2025-11-09 08:30:00,31.01,58.57,1003.1,21.92,2.98,130.7,488.2,normal
2025-11-09 08:40:00,30.78,59.94,1003.14,22.09,2.84,149.5,542.9,normal
2025-11-09 08:50:00,31.38,59.73,1003.12,22.59,3.97,130.4,550.0,normal
2025-11-09 09:00:00,32.13,56.65,1003.5,22.42,3.65,153.7,623.3,normal
2025-11-09 09:10:00,30.81,57.12,1003.28,21.33,3.78,136.1,639.5,normal
2025-11-09 09:20:00,32.05,56.06,1003.27,22.17,3.46,147.5,641.4,normal
2025-11-09 09:30:00,32.44,57.25,1003.22,22.88,3.88,158.8,665.7,normal
2025-11-09 09:40:00,32.53,54.21,1003.51,22.05,4.13,161.7,681.3,normal
2025-11-09 09:50:00,32.3,55.43,1003.55,22.22,5.11,146.4,717.9,normal
2025-11-09 10:00:00,32.87,54.72,1003.42,22.53,4.37,115.3,701.0,normal
2025-11-09 10:10:00,33.25,52.9,1003.62,22.32,3.9,145.2,737.3,normal
2025-11-09 10:20:00,33.41,53.68,1003.76,22.71,4.36,127.4,803.6,normal
2025-11-09 10:30:00,33.44,50.8,1003.68,21.83,4.0,167.0,773.9,normal
